"TID","RID","t_vehiclppE","r_vehiclppE","t_vehiclppM","r_vehiclppM","t_vehiclppCV","r_vehiclppCV"
"g37119003500",0,0.7367837338262477,0.7460188306404743,0.12855329676256916,0.05732250485920621,0.10606626772510766,0.046709957017142235
"g37119002800",0,0.7428722280887011,0.7460188306404743,0.0675469750770017,0.05732250485920621,0.0552746345544709,0.046709957017142235
"g37119002701",0,0.7635071090047393,0.7460188306404743,0.112323394114813,0.05732250485920621,0.08943164738707686,0.046709957017142235
"g37025042300",1,0.5878391379642102,0.5706320671147934,0.09454060083430342,0.0508893224083057,0.09776737572784161,0.05421314378516707
"g37025042401",1,0.7217294900221729,0.5706320671147934,0.1144460550179465,0.0508893224083057,0.0963963242205704,0.05421314378516707
"g37025041902",1,0.5235484674806877,0.5706320671147934,0.11364111670619528,0.0508893224083057,0.1319510036014003,0.05421314378516707
"g37025040703",1,0.5546965597216853,0.5706320671147934,0.1294190008295572,0.0508893224083057,0.14183279715580507,0.05421314378516707
"g37025042101",1,0.46381405176967777,0.5706320671147934,0.11791520420742968,0.0508893224083057,0.15454679505415345,0.05421314378516707
"g37071032900",2,0.664804469273743,0.6618018215735763,0.10692638401847537,0.06896538837166964,0.09777437480170158,0.06334864438809065
"g37071032800",2,0.6600140056022409,0.6618018215735763,0.08974892303135946,0.06896538837166964,0.08266281527579358,0.06334864438809065
"g37097060200",3,0.5273348519362187,0.6537205081669691,0.14259318040974261,0.05793331677962334,0.16437901672028468,0.05387290334409364
"g37097060603",3,0.6949061662198391,0.6537205081669691,0.13753326830593987,0.05793331677962334,0.12031386984060277,0.05387290334409364
"g37097060500",3,0.6603182256509161,0.6537205081669691,0.09253703869085907,0.05793331677962334,0.08519152853240726,0.05387290334409364
"g37097060100",3,0.6983229329173167,0.6537205081669691,0.1027178650758874,0.05793331677962334,0.08941775821379988,0.05387290334409364
"g37179020100",4,0.8276892430278885,0.7286663712893221,0.09400503163247062,0.06689670332198012,0.06904271907285725,0.05580975128243566
"g37179020701",4,0.6152822657289488,0.7286663712893221,0.09403910911407258,0.06689670332198012,0.09291122930799858,0.05580975128243566
"g37025042102",5,0.7065399664617105,0.7370535714285714,0.08956892624145164,0.0737206104773557,0.07706456516003472,0.06080285411228224
"g37025041503",5,0.7718014003819224,0.7370535714285714,0.12058904206167594,0.0737206104773557,0.09498092192091895,0.06080285411228224
"g37119001914",6,0.6494876431585292,0.6241886768202558,0.12955268641042492,0.0547806014855933,0.12125778419023825,0.053351300232622606
"g37119001919",6,0.49095080295692073,0.6241886768202558,0.112069439382783,0.0547806014855933,0.13876608076289512,0.053351300232622606
"g37119002100",6,0.6711878339498561,0.6241886768202558,0.09426485064296672,0.0547806014855933,0.08537678675730163,0.053351300232622606
"g37119001918",6,0.5899606894466284,0.6241886768202558,0.10093298766066527,0.0547806014855933,0.1040025893334476,0.053351300232622606
"g37119001802",6,0.7937984496124031,0.6241886768202558,0.15082005219890976,0.0547806014855933,0.11550025369051195,0.053351300232622606
"g37119006302",7,0.7672357189757059,0.7803258367274659,0.08014924602462832,0.05884043921046396,0.06350453283988848,0.04583888200823665
"g37119005509",7,0.7956555171088043,0.7803258367274659,0.08678577632053892,0.05884043921046396,0.06630672407684682,0.04583888200823665
"g37119001910",8,0.4470909800859039,0.5051059730250481,0.06206313269782162,0.032898608035346194,0.08438628785873357,0.03959397609397779
"g37119001605",8,0.43904593639575973,0.5051059730250481,0.10918726699559526,0.032898608035346194,0.15118062323975934,0.03959397609397779
"g37119001702",8,0.4434303426898571,0.5051059730250481,0.07864622525788816,0.032898608035346194,0.10781683361113263,0.03959397609397779
"g37119001606",8,0.5847232293932801,0.5051059730250481,0.1402201590438728,0.032898608035346194,0.14577874450481354,0.03959397609397779
"g37119001607",8,0.41495992876224397,0.5051059730250481,0.12616476948520464,0.032898608035346194,0.18482726447928408,0.03959397609397779
"g37119001920",8,0.5598816029143898,0.5051059730250481,0.09042025612673157,0.032898608035346194,0.09817561563652535,0.03959397609397779
"g37119001915",8,0.6101867572156197,0.5051059730250481,0.10004300018863886,0.032898608035346194,0.09966852405327402,0.03959397609397779
"g37119001912",8,0.5025839793281653,0.5051059730250481,0.09401310106634671,0.032898608035346194,0.11371397352005745,0.03959397609397779
"g37119001603",8,0.49022314239705544,0.5051059730250481,0.08649335727290147,0.032898608035346194,0.1072563572520579,0.03959397609397779
"g37071033304",9,0.8149027052681538,0.8160306228975757,0.09490247935778344,0.0616243112112927,0.070795539688702,0.045907085238380774
"g37071033305",9,0.8171091445427728,0.8160306228975757,0.0793185947408814,0.0616243112112927,0.059010465182006075,0.045907085238380774
"g37025040500",10,0.6823749574685267,0.7178567487032337,0.10007874715000287,0.07982271315299658,0.08915647254968545,0.0675962798613634
"g37025042200",10,0.7833804586867735,0.7178567487032337,0.12968101756700587,0.07982271315299658,0.10063238679918052,0.0675962798613634
"g37119004400",11,0.5919428200129955,0.6088409754260428,0.1149833723492842,0.04577940483557863,0.11808354495080284,0.04570885757563995
"g37119004000",11,0.555062630480167,0.6088409754260428,0.08626417226127145,0.04577940483557863,0.09447623280508162,0.04570885757563995
"g37119004304",11,0.6351466818570208,0.6088409754260428,0.10354773914514895,0.04577940483557863,0.09910616820603757,0.04570885757563995
"g37119004303",11,0.7086035451794207,0.6088409754260428,0.14408337009977537,0.04577940483557863,0.12360744654546213,0.04570885757563995
"g37119006010",11,0.603242932988951,0.6088409754260428,0.07969145319709803,0.04577940483557863,0.08030703676778754,0.04570885757563995
"g37159051001",12,0.781933943493832,0.8154392191659272,0.10402192908505055,0.07899420723408948,0.0808702778226044,0.05888948378065152
"g37159050903",12,0.8576441102756892,0.8154392191659272,0.12115769554126517,0.07899420723408948,0.08587722304801367,0.05888948378065152
"g37119001505",13,0.6824785057812037,0.6831835123876343,0.12148665107618001,0.07061413116828544,0.10821156548949246,0.06283307885539287
"g37119001509",13,0.6565560821484993,0.6831835123876343,0.1136588166406229,0.07061413116828544,0.10523625846326735,0.06283307885539287
"g37119001400",13,0.7167182662538699,0.6831835123876343,0.13275879097403206,0.07061413116828544,0.11260272830059638,0.06283307885539287
"g37119005828",14,0.748214758000529,0.748214758000529,0.08319794580793906,0.08319794580793906,0.06759591188092447,0.06759591188092447
"g37097061406",15,0.8269856014862982,0.7991861516599923,0.09538438090317783,0.05822636704692889,0.07011539980472063,0.04429001645757016
"g37119006204",15,0.8076390810960421,0.7991861516599923,0.07215880860837418,0.05822636704692889,0.054313291883322644,0.04429001645757016
"g37097061405",15,0.7534177215189873,0.7991861516599923,0.1490451534885405,0.05822636704692889,0.12025859485401652,0.04429001645757016
"g37179020314",16,0.680622009569378,0.680622009569378,0.07540831547075422,0.07540831547075422,0.06735151172648707,0.06735151172648707
"g37119005519",17,0.6117287987791585,0.6117287987791585,0.08596551945859593,0.08596551945859593,0.08542784735197904,0.08542784735197904
"g37119006009",18,0.7009992313604919,0.7845783132530121,0.12450371361820435,0.07600223695018087,0.10796894591350975,0.05888764317140964
"g37071031201",18,0.8102806898884004,0.7845783132530121,0.1356858815702202,0.07600223695018087,0.10179659914526773,0.05888764317140964
"g37119006005",18,0.836191171105436,0.7845783132530121,0.1315564096108351,0.07600223695018087,0.09564021248569067,0.05888764317140964
"g37119001510",19,0.7081669691470055,0.5751330386939659,0.1464547088756612,0.049783247869216556,0.12571924707069296,0.0526197775624167
"g37119001504",19,0.48345769393214133,0.5751330386939659,0.07899600300296175,0.049783247869216556,0.0993300694698,0.0526197775624167
"g37119001608",19,0.7205723542116631,0.5751330386939659,0.13412114341005915,0.049783247869216556,0.11314978919073297,0.0526197775624167
"g37119005616",19,0.5824064711830131,0.5751330386939659,0.16498667141259749,0.049783247869216556,0.17220936553007737,0.0526197775624167
"g37119001609",19,0.6480509745127436,0.5751330386939659,0.11680072880075,0.049783247869216556,0.10956465671089144,0.0526197775624167
"g37119001507",19,0.4583963691376702,0.5751330386939659,0.12910320724015645,0.049783247869216556,0.1712103282990629,0.0526197775624167
"g37109070901",20,0.8519497686715135,0.8816669258280205,0.13837085357401632,0.09163170938246899,0.09873354451507459,0.06317937666260949
"g37109070202",20,0.9080763582966226,0.8816669258280205,0.12164854828052866,0.09163170938246899,0.08143641732467749,0.06317937666260949
"g45023020400",21,0.713384723195515,0.65140625,0.09826988898622228,0.07620098010223908,0.08373957613016715,0.07111197391286973
"g45023020300",21,0.6015228426395939,0.65140625,0.11157690671529473,0.07620098010223908,0.11276031766336071,0.07111197391286973
"g37071031500",22,0.5616167326172979,0.5966487133453022,0.10100960994786257,0.0534754735092218,0.10933438168629152,0.05448413095451072
"g37071031800",22,0.5329400196656834,0.5966487133453022,0.09155332095692184,0.0534754735092218,0.10443110332461053,0.05448413095451072
"g37071030802",22,0.6902957712050843,0.5966487133453022,0.0822675881192202,0.0534754735092218,0.07244820836506236,0.05448413095451072
"g37119005711",23,0.8178368121442126,0.8178368121442126,0.09722933280793028,0.09722933280793028,0.07227111388624638,0.07227111388624638
"g37119001200",24,0.5755803326631329,0.4805710078534031,0.08026997556108581,0.033928062947159804,0.08477763217052559,0.04291761662867579
"g37119002300",24,0.26557632398753894,0.4805710078534031,0.06434237801046858,0.033928062947159804,0.14727934711146662,0.04291761662867579
"g37119001300",24,0.5471163748712667,0.4805710078534031,0.09665497316749978,0.033928062947159804,0.10739364656751486,0.04291761662867579
"g37119000900",24,0.6008010680907877,0.4805710078534031,0.145058832080671,0.033928062947159804,0.14677347548587988,0.04291761662867579
"g37119000800",24,0.38748060010346613,0.4805710078534031,0.0930327449726089,0.033928062947159804,0.14595533337828592,0.04291761662867579
"g37119000700",24,0.5213793103448275,0.4805710078534031,0.21701313287000826,0.033928062947159804,0.2530266823157492,0.04291761662867579
"g37119001701",24,0.5110105580693816,0.4805710078534031,0.10150964462972582,0.033928062947159804,0.12075678218763924,0.04291761662867579
"g37119001801",24,0.6353790613718412,0.4805710078534031,0.14053796113580258,0.033928062947159804,0.1344605389424472,0.04291761662867579
"g37119005200",24,0.2706422018348624,0.4805710078534031,0.06948796366192041,0.033928062947159804,0.15608032639532893,0.04291761662867579
"g37119004900",24,0.593192868719611,0.4805710078534031,0.3008429107408213,0.033928062947159804,0.3083031473534419,0.04291761662867579
"g45057010500",25,0.5627914723517655,0.6379279758736917,0.08798567142712956,0.07024771550020095,0.09503827434934453,0.066941379018672
"g45057010600",25,0.7235294117647059,0.6379279758736917,0.11122007078899904,0.07024771550020095,0.093446077219116,0.066941379018672
"g37119005909",26,0.7111425428257111,0.6917719886510189,0.09477282053929355,0.0636947938103325,0.08101421781612116,0.0559725459162987
"g37119005914",26,0.6683750949126803,0.6917719886510189,0.08203196145132105,0.0636947938103325,0.0746099819537934,0.0559725459162987
"g37119005709",27,0.7563747228381374,0.7227191413237924,0.08048032579850255,0.05858200012125307,0.06468250291109388,0.049275238598483956
"g37119005717",27,0.7021204410517388,0.7227191413237924,0.08011648003706129,0.05858200012125307,0.06936563092394553,0.049275238598483956
"g37119002600",28,0.6240963855421687,0.7406681597611049,0.19285124167035153,0.0711281815607294,0.18784726219196082,0.05837839196474488
"g37119000500",28,0.6894157088122606,0.7406681597611049,0.10518513476966863,0.0711281815607294,0.09274858456174863,0.05837839196474488
"g37119000300",28,0.7275132275132276,0.7406681597611049,0.26713782873605124,0.0711281815607294,0.2232176828123291,0.05837839196474488
"g37119000400",28,0.8224573780129336,0.7406681597611049,0.16348222297183349,0.0711281815607294,0.1208345784440422,0.05837839196474488
"g37119000100",28,0.7893142385017902,0.7406681597611049,0.14501812121405563,0.0711281815607294,0.11168797963085414,0.05837839196474488
"g37097061501",29,0.6562743569758379,0.7038941954445261,0.09445889571898151,0.07608290409092483,0.08749667040225059,0.06570732622278473
"g37097061303",29,0.7463516330785267,0.7038941954445261,0.11675382018158192,0.07608290409092483,0.09509588179365064,0.06570732622278473
"g37119005837",30,0.7728176119859349,0.7403265488704988,0.10014036340759251,0.0801942290812695,0.07877098025657735,0.065849713628657
"g37119005840",30,0.6518117451062058,0.7403265488704988,0.11920668080925695,0.0801942290812695,0.11117637554911328,0.065849713628657
"g37159051201",31,0.5234074258040482,0.5780366626691794,0.05536319187825555,0.051687050206967976,0.06430064636655049,0.05435762338823293
"g37159051204",31,0.6995305164319249,0.5780366626691794,0.1157740226658701,0.051687050206967976,0.10060939935060619,0.05435762338823293
"g37109071002",32,0.9123649459783914,0.9173794358507734,0.1783874714031528,0.1092084409192679,0.11885839360008503,0.07236712246525327
"g37071030101",32,0.921562082777036,0.9173794358507734,0.134039541429889,0.1092084409192679,0.08841835556342136,0.07236712246525327
"g37179020202",33,0.8294442738716611,0.8294442738716611,0.07610762241655827,0.07610762241655827,0.055779554240828776,0.055779554240828776
"g45057010900",34,0.7519063180827886,0.5314678726210665,0.10923401181705122,0.05213187548813693,0.08831373404248981,0.05962939878743668
"g45057010800",34,0.4223988938817836,0.5314678726210665,0.08549218996040998,0.05213187548813693,0.12303757632635029,0.05962939878743668
"g45057010700",34,0.4094838231662139,0.5314678726210665,0.07585419130639766,0.05213187548813693,0.11260999285021471,0.05962939878743668
"g37159051502",35,0.8149779735682819,0.8423359263723019,0.1121861464556055,0.09684515089406263,0.08368111474713694,0.0698918689221674
"g37159051600",35,0.8554080310880829,0.8423359263723019,0.13321701917221668,0.09684515089406263,0.09467176766535203,0.0698918689221674
"g45091061101",36,0.71953166577967,0.7469879518072289,0.09368875643066821,0.0719745109515823,0.07915378020774157,0.05857323667988363
"g45091061104",36,0.7741765480895916,0.7469879518072289,0.10927709826684201,0.0719745109515823,0.0858071032178012,0.05857323667988363
"g37179020316",37,0.7245743212149103,0.33852934852719846,0.10134329771556165,0.0,0.08502491201854613,0.0
"g37179020315",37,0.0,0.33852934852719846,"",0.0,"",0.0
"g37025041000",38,0.5395475937452558,0.5826356152817843,0.07761377451522226,0.0538926563774344,0.08744664306184717,0.05622981565024525
"g37159051501",38,0.578386605783866,0.5826356152817843,0.10438497342882049,0.0538926563774344,0.10971193015955058,0.05622981565024525
"g37025040800",38,0.6642236699239956,0.5826356152817843,0.10458748559512705,0.0538926563774344,0.095719290771641,0.05622981565024525
"g37119005844",39,0.6575015893197711,0.6561311787072244,0.0658201321545869,0.05913055700272317,0.06085496832523469,0.05478420859088302
"g37179021006",39,0.6547694251421352,0.6561311787072244,0.09803135204551484,0.05913055700272317,0.09101452326733792,0.05478420859088302
"g45057010300",40,0.6444597859855022,0.6413838988689288,0.09178335582310715,0.06256801332380169,0.08657693512813054,0.059301872911547586
"g45023021000",40,0.5247035573122529,0.6413838988689288,0.10226356660596381,0.06256801332380169,0.1184789030334866,0.059301872911547586
"g45023020900",40,0.7221605623381429,0.6413838988689288,0.12325703955438573,0.06256801332380169,0.10375572335302724,0.059301872911547586
"g37119006203",41,0.9124335812964931,0.837849340331962,0.1318306144465285,0.09608700688333911,0.08783126004528706,0.0697160593493256
"g37119006208",41,0.6881399317406144,0.837849340331962,0.1234978119678991,0.09608700688333911,0.10909795271050204,0.0697160593493256
"g37119006210",42,0.7478305257784584,0.7478305257784584,0.07749856849735784,0.07749856849735784,0.06299768486003672,0.06299768486003672
"g37097061602",43,0.8257438763767878,0.788361320208454,0.1164220502587897,0.08256990929313779,0.08570851671662542,0.06366937652542129
"g37097061503",43,0.7352185089974294,0.788361320208454,0.11203968396701836,0.08256990929313779,0.09263807907660454,0.06366937652542129
"g37097060701",44,0.7802066772655007,0.7843561425481043,0.17851646984098984,0.09463420257016382,0.13909218354758487,0.0733447314293611
"g37097061302",44,0.8490939977349944,0.7843561425481043,0.1351813000306237,0.09463420257016382,0.09678207866820103,0.0733447314293611
"g37097061301",44,0.7045703839122486,0.7843561425481043,0.18329588998499655,0.09463420257016382,0.15814753995263772,0.0733447314293611
"g37179021007",45,0.6354046480962584,0.6912982859017469,0.06707154282655435,0.06391970668218584,0.06416851762858093,0.056208680595461386
"g37119005838",45,0.7466536075742736,0.6912982859017469,0.10903770787471122,0.06391970668218584,0.08877519672318375,0.056208680595461386
"g37159051801",46,0.8552272727272727,0.839110140033767,0.11729173726381491,0.07415746849884026,0.0833719529478413,0.05372420831549804
"g37025041200",46,0.8266008114305874,0.839110140033767,0.09532603191460155,0.07415746849884026,0.07010512785596573,0.05372420831549804
"g37179020203",47,0.7982456140350878,0.8258999681427206,0.10712248987770616,0.09801529520796792,0.08157896954513179,0.0721440469574817
"g37119005715",47,0.8672496025437202,0.8258999681427206,0.18625420049392089,0.09801529520796792,0.13055576809505376,0.0721440469574817
"g45091061401",48,0.770949720670391,0.770949720670391,0.11260785939333519,0.11260785939333519,0.08879259429719837,0.08879259429719837
"g37097061402",49,0.7124156269175701,0.7527121643456183,0.10354554814268808,0.06881339339657734,0.08835519546867276,0.05557482935787536
"g37097061304",49,0.793110603859722,0.7527121643456183,0.1305281905491578,0.06881339339657734,0.10004713556555335,0.05557482935787536
"g37097061403",49,0.7534204925509274,0.7527121643456183,0.1177270606534268,0.06881339339657734,0.0949889244167202,0.05557482935787536
"g37119003204",50,0.7248157248157249,0.7734565524322937,0.10661510785280087,0.05306556951371653,0.08941805964883819,0.041707197088338116
"g37119003400",50,0.7808421052631579,0.7734565524322937,0.09306971766291353,0.05306556951371653,0.07245682012271788,0.041707197088338116
"g37119003300",50,0.7662860980523841,0.7734565524322937,0.09727799741291382,0.05306556951371653,0.07717164762304099,0.041707197088338116
"g37119003103",50,0.8049151805132666,0.7734565524322937,0.11665776896603859,0.05306556951371653,0.08810440975138494,0.041707197088338116
"g37119004700",51,0.24213836477987422,0.464270432178006,0.06500807214491988,0.029882535624999,0.16320662331413194,0.03912735744715737
"g37119004500",51,0.3106060606060606,0.464270432178006,0.06526323980654337,0.029882535624999,0.12772996744701204,0.03912735744715737
"g37119004100",51,0.5957446808510638,0.464270432178006,0.08908011140835506,0.029882535624999,0.09089807286566844,0.03912735744715737
"g37119005100",51,0.35571542765787373,0.464270432178006,0.10705782287260064,0.029882535624999,0.1829573257930035,0.03912735744715737
"g37119004800",51,0.4852801519468186,0.464270432178006,0.08978400194949542,0.029882535624999,0.11247099263357344,0.03912735744715737
"g37119004302",51,0.6211506326092147,0.464270432178006,0.10975379847156083,0.029882535624999,0.10741297010187821,0.03912735744715737
"g37119004305",51,0.46694560669456064,0.464270432178006,0.09735900683956356,0.029882535624999,0.1267488241475509,0.03912735744715737
"g37119004600",51,0.3962782184258694,0.464270432178006,0.07090544602413465,0.029882535624999,0.10877109212703408,0.03912735744715737
"g37119003600",51,0.5646325459317585,0.464270432178006,0.09260396746504884,0.029882535624999,0.09970060272212872,0.03912735744715737
"g37119005000",51,0.437219730941704,0.464270432178006,0.12371440069670747,0.029882535624999,0.172010358384324,0.03912735744715737
"g37119004200",51,0.4450532724505327,0.464270432178006,0.10120116108090355,0.029882535624999,0.13823168252290785,0.03912735744715737
"g37119005832",52,0.6701554075483667,0.6971938775510204,0.06933452472277592,0.049724843647205016,0.06289384040349795,0.04335647436366367
"g37119005833",52,0.715382974183913,0.6971938775510204,0.06881568295041463,0.049724843647205016,0.05847670887452662,0.04335647436366367
"g37071032704",53,0.7012762275578629,0.7272727272727273,0.09595837951407239,0.06817381752948735,0.083181718008426,0.056984193983614054
"g37071032703",53,0.8557275541795666,0.7272727272727273,0.23089482872861114,0.06817381752948735,0.1640260353026568,0.056984193983614054
"g37071032600",53,0.7044025157232704,0.7272727272727273,0.0997033730116061,0.06817381752948735,0.08604448713007692,0.056984193983614054
"g37025040600",54,0.8502315184416414,0.8392503904216554,0.08908701276895378,0.07146689057931437,0.06369587293656492,0.05176633669895576
"g37025041702",54,0.8186714542190305,0.8392503904216554,0.11956211239576041,0.07146689057931437,0.08878059057809223,0.05176633669895576
"g45091061201",55,0.7921870461806564,0.7234811622410677,0.08971781067111698,0.056521389857939267,0.0688470012209664,0.04749191728225858
"g45091060901",55,0.6339986544068177,0.7234811622410677,0.0976221515153996,0.056521389857939267,0.0936039414992354,0.04749191728225858
"g45091060102",55,0.6991121341663926,0.7234811622410677,0.09764466565950729,0.056521389857939267,0.08490549150353323,0.04749191728225858
"g37179020602",56,0.6539213556376277,0.6564066689984843,0.10805748212853905,0.0768778011030642,0.10045311782158059,0.07119706091023249
"g37179020702",56,0.6592853548062405,0.6564066689984843,0.108913114880249,0.0768778011030642,0.10042477053623276,0.07119706091023249
"g37159051002",57,0.7891842346471127,0.7891842346471127,0.10109598644444148,0.10109598644444148,0.07787348506958804,0.07787348506958804
"g37025041100",58,0.744300591049817,0.7452662062820227,0.07939077101991426,0.06940330312080557,0.06484190320651863,0.05661125845847391
"g37025040900",58,0.7489316239316239,0.7452662062820227,0.14135874835832815,0.06940330312080557,0.11473994030533466,0.05661125845847391
"g37097060802",59,0.7242472266244057,0.7664521664521664,0.11195576468422806,0.07166821810365116,0.09397097166767263,0.05684282430794695
"g37097060902",59,0.7664538310412574,0.7664521664521664,0.13727443417565877,0.07166821810365116,0.10887740484613642,0.05684282430794695
"g37097061001",59,0.8085330524097972,0.7664521664521664,0.12038010676433265,0.07166821810365116,0.09050884931817293,0.05684282430794695
"g37071032301",60,0.7628732150584163,0.7797040801076073,0.12093237737112567,0.08184357349195749,0.09636610851035259,0.06381001906144892
"g37071032401",60,0.7885844748858447,0.7797040801076073,0.1077621944402737,0.08184357349195749,0.08307154766129907,0.06381001906144892
"g37071030801",61,0.8552321007081038,0.7315875613747954,0.2760270976839356,0.09454967414616267,0.19620127405467888,0.07856476598914124
"g37071031600",61,0.6944181646168401,0.7315875613747954,0.09387362363190638,0.09454967414616267,0.08217819681383189,0.07856476598914124
"g37097061002",62,0.8690081731831235,0.843998531750887,0.12112708924544437,0.0861814205206087,0.0847327921362244,0.06207347444128865
"g37097061003",62,0.8129456939111355,0.843998531750887,0.12175167354356065,0.0861814205206087,0.09104319754784304,0.06207347444128865
"g37159050201",63,0.7163198247535597,0.7186382978723405,0.13007107537397597,0.06507525671373607,0.11038443975018362,0.05504775725260207
"g37159051102",63,0.8273794654009493,0.7186382978723405,0.11316406348482427,0.06507525671373607,0.08314533613235679,0.05504775725260207
"g37159050202",63,0.6144078144078144,0.7186382978723405,0.0962421381818056,0.06507525671373607,0.09522316888738672,0.05504775725260207
"g45091060904",64,0.7641273805807056,0.7792788318267607,0.07964971015086579,0.060070515629307084,0.06336545177933518,0.046860031719445285
"g45091061404",64,0.8057907675498498,0.7792788318267607,0.0880712436929842,0.060070515629307084,0.06644249614342695,0.046860031719445285
"g37071032000",65,0.5389507154213037,0.7041621327529923,0.10599291833463724,0.07598083225535483,0.11955338987812683,0.06559420569486016
"g37071031402",65,0.8123719786972552,0.7041621327529923,0.13628467413336692,0.07598083225535483,0.10198262420836952,0.06559420569486016
"g37071031401",65,0.7674321503131524,0.7041621327529923,0.15156532904767392,0.07598083225535483,0.12005879361046567,0.06559420569486016
"g45091061004",66,0.7291794243723209,0.7291794243723209,0.0859018007736336,0.0859018007736336,0.07161466428509206,0.07161466428509206
"g37159050500",67,0.4857065069425538,0.49928206764518185,0.07654814021415302,0.04666165639346259,0.09580646578386195,0.0568130730215065
"g37159050800",67,0.6641452344931922,0.49928206764518185,0.12522714141248226,0.04666165639346259,0.11462240166397902,0.0568130730215065
"g37159050400",67,0.2865792129162462,0.49928206764518185,0.09017587814177185,0.04666165639346259,0.19128450541225203,0.0568130730215065
"g37159050700",67,0.5751694393099199,0.49928206764518185,0.0748128260174803,0.04666165639346259,0.07907047642471823,0.0568130730215065
"g37071031001",68,0.779088823336611,0.6723047046294556,0.13290546519943905,0.04955229266619536,0.10370267605676192,0.04480553840801515
"g37071031302",68,0.6741935483870968,0.6723047046294556,0.08933388814007082,0.04955229266619536,0.08055003657137608,0.04480553840801515
"g37071032302",68,0.6112513523260007,0.6723047046294556,0.10215186309546227,0.04955229266619536,0.10159224479784701,0.04480553840801515
"g37071030302",68,0.7149171270718232,0.6723047046294556,0.12543530387777163,0.04955229266619536,0.10665916576331567,0.04480553840801515
"g37071031202",68,0.5580357142857143,0.6723047046294556,0.11195458758078072,0.04955229266619536,0.12195904008799942,0.04480553840801515
"g45023020700",69,0.8314231136580706,0.7919942816297355,0.13575723821095742,0.07986462337164416,0.09926016624402524,0.061300850458631984
"g45091061302",69,0.7751479289940828,0.7919942816297355,0.09782959287028539,0.07986462337164416,0.07672197125259626,0.061300850458631984
"g37179020601",70,0.634958860124423,0.698551246288131,0.11592594777487672,0.06928437130258588,0.11098624682737997,0.06029358485917626
"g37179020401",70,0.7502446982055465,0.698551246288131,0.07914224618132784,0.06928437130258588,0.06412679498735217,0.06029358485917626
"g45091061706",71,0.7378806333739343,0.7050195454388211,0.11741461031046083,0.04447592241536298,0.09673199102183286,0.038349340919516944
"g45091061802",71,0.7425913908717283,0.7050195454388211,0.11791408110077456,0.04447592241536298,0.09652723333936233,0.038349340919516944
"g45091061501",71,0.8006013393467268,0.7050195454388211,0.10751559738429638,0.04447592241536298,0.08163741746780144,0.038349340919516944
"g37071033306",71,0.6876430205949656,0.7050195454388211,0.15119349829442788,0.04447592241536298,0.13366083630557984,0.038349340919516944
"g45091061602",71,0.574322062269836,0.7050195454388211,0.06943969048653424,0.04447592241536298,0.07349983672319971,0.038349340919516944
"g45091061801",71,0.6730930427493713,0.7050195454388211,0.16626830763493589,0.04447592241536298,0.15016491425276682,0.038349340919516944
"g45091061601",71,0.6612200435729847,0.7050195454388211,0.14104762989962305,0.04447592241536298,0.12967429056934945,0.038349340919516944
"g37179021008",72,0.6896098202542744,0.6896098202542744,0.05747642356233952,0.05747642356233952,0.050666440772263115,0.050666440772263115
"g37071032508",73,0.7509952949692363,0.8040032025620496,0.1286699281150108,0.08850871890175156,0.1041535170855165,0.06692099256574527
"g37071032200",73,0.8460654796094199,0.8040032025620496,0.12009208387979141,0.08850871890175156,0.08628682775664775,0.06692099256574527
"g37179020306",74,0.6436936936936937,0.6790530416541805,0.08798173460928017,0.06111850606666811,0.08308973300886414,0.05471458745093224
"g37179020307",74,0.7142643540669856,0.6790530416541805,0.08314104326478593,0.06111850606666811,0.0707604507356219,0.05471458745093224
"g45091061708",75,0.7441308987431824,0.7441308987431824,0.07655684895416717,0.07655684895416717,0.0625415743169275,0.0625415743169275
"g37071031701",76,0.8167841127482383,0.7573029891304348,0.09903288488673759,0.08474849781857792,0.07370657765454312,0.06802936789918913
"g37071031703",76,0.6901663051337672,0.7573029891304348,0.13757774369195494,0.08474849781857792,0.12117932463628447,0.06802936789918913
"g37025042604",77,0.7059760956175298,0.6769400785854617,0.08664157382661522,0.07175427786660242,0.07460542937583765,0.0644364592720726
"g37119005611",77,0.6302816901408451,0.6769400785854617,0.12084667208892057,0.07175427786660242,0.11655585700108145,0.0644364592720726
"g45091060200",78,0.6487358795051102,0.5929213002566296,0.08589476266775663,0.06036435714818401,0.0804883202021098,0.061889592809296345
"g45091060300",78,0.5065228299046663,0.5929213002566296,0.09927142458070451,0.06036435714818401,0.11914047502485903,0.061889592809296345
"g45091060402",78,0.6759708737864077,0.5929213002566296,0.12416917932721931,0.06036435714818401,0.11166573400231235,0.061889592809296345
"g37119002002",79,0.7386288727752143,0.7386288727752143,0.06547943468114055,0.06547943468114055,0.05389056525258899,0.05389056525258899
"g37071030401",80,0.7991538078646092,0.7570869523718622,0.11980181028280507,0.08247276717522942,0.09113120337977844,0.06622148303856938
"g37071030501",80,0.7266855066612838,0.7570869523718622,0.18021677905999553,0.08247276717522942,0.1507588523240827,0.06622148303856938
"g37071030502",80,0.733550979407333,0.7570869523718622,0.14012309884166624,0.08247276717522942,0.11612173862836142,0.06622148303856938
"g37071030602",81,0.8227678571428572,0.7763569582369746,0.13313247935671177,0.0663504755528499,0.09836504633783438,0.05195372459343105
"g37109070500",81,0.7560164351398944,0.7763569582369746,0.07552733304792705,0.0663504755528499,0.0607305215012484,0.05195372459343105
"g37097061101",82,0.85273492286115,0.7994275416092441,0.14573789093844744,0.08222709634666153,0.1038944931202138,0.06252733888284537
"g37097061102",82,0.7839489030824771,0.7994275416092441,0.11092384931508595,0.08222709634666153,0.08601442156829958,0.06252733888284537
"g37097061103",82,0.7671140939597315,0.7994275416092441,0.1740492478233863,0.08222709634666153,0.13792604608298728,0.06252733888284537
"g37025041901",83,0.44081632653061226,0.6001249330715688,0.16543620233987685,0.0643427724762366,0.22814291102819895,0.06517667446638635
"g37025042000",83,0.6620837808807734,0.6001249330715688,0.0785219641532479,0.0643427724762366,0.07209618810928224,0.06517667446638635
"g37025042402",83,0.5969809760132341,0.6001249330715688,0.10915658268533855,0.0643427724762366,0.11115360101119834,0.06517667446638635
"g45091061502",84,0.7403194578896418,0.7403194578896418,0.06767670641272255,0.06767670641272255,0.055571759628495636,0.055571759628495636
"g45091061003",85,0.7455766361117032,0.7455766361117032,0.05900623480653836,0.05900623480653836,0.04811048229890155,0.04811048229890155
"g37119005831",86,0.8089573128061581,0.8089573128061581,0.09974544204517712,0.09974544204517712,0.07495516279938058,0.07495516279938058
"g45057010100",87,0.8376201610808002,0.7505777777777778,0.12117257342582002,0.0732481486091808,0.08794098122666273,0.059324631281022125
"g45057010200",87,0.7053100932306445,0.7505777777777778,0.09013064478121798,0.0732481486091808,0.07768308726383144,0.059324631281022125
"g37097061203",88,0.7742019205813652,0.7987691593125871,0.11473063271838412,0.06882696772338959,0.09008640204602861,0.05238071784783795
"g37097061202",88,0.8186593822231562,0.7987691593125871,0.08247718599359648,0.06882696772338959,0.06124416097306966,0.05238071784783795
"g37119005618",89,0.7314694408322496,0.6721619365609349,0.07899993961729788,0.061229401716459166,0.06565452597441629,0.05537582355632958
"g37025041502",89,0.6441303011677935,0.6721619365609349,0.08118229806414202,0.061229401716459166,0.07661639420309002,0.05537582355632958
"g37159050901",90,0.9135618479880775,0.9117257613653083,0.11342719416034663,0.09199044082397731,0.07547677452718217,0.06133559343407892
"g37159050904",90,0.9090581017683147,0.9117257613653083,0.15397162819024188,0.09199044082397731,0.10296346712466356,0.06133559343407892
"g37119006008",91,0.781173924803895,0.7286683797852013,0.09410663858156289,0.05351919478000221,0.07323296542785533,0.044649206435231945
"g37119006007",91,0.6987668819729889,0.7286683797852013,0.0671845917524865,0.05351919478000221,0.058448243853022656,0.044649206435231945
"g37071031101",91,0.7518549051937345,0.7286683797852013,0.19107693926828956,0.05351919478000221,0.15449283270172456,0.044649206435231945
"g37071031102",91,0.707850133809099,0.7286683797852013,0.15251343830346586,0.05351919478000221,0.1309787650329024,0.044649206435231945
"g37071033204",92,0.5370786516853933,0.501988973410566,0.10995183350598756,0.0502243611267271,0.12445108394949692,0.06082110990082578
"g37071033203",92,0.563816604708798,0.501988973410566,0.1266562691644377,0.0502243611267271,0.13655981724934196,0.06082110990082578
"g37071033100",92,0.5496688741721855,0.501988973410566,0.14059320709245038,0.0502243611267271,0.15548814788120266,0.06082110990082578
"g37071031900",92,0.3905123339658444,0.501988973410566,0.08050846713354519,0.0502243611267271,0.12532591969474396,0.06082110990082578
"g37071032100",92,0.4628330995792426,0.501988973410566,0.10025724136389728,0.0502243611267271,0.1316817041401101,0.06082110990082578
"g37119006105",93,0.6549344375431332,0.6948610582413399,0.10092189259461043,0.05989049822737595,0.09367455896277989,0.052395507382090756
"g37119006213",93,0.7288250211327134,0.6948610582413399,0.07906151879735211,0.05989049822737595,0.0659441047728103,0.052395507382090756
"g37119006108",93,0.6751503933364184,0.6948610582413399,0.12868229285889315,0.05989049822737595,0.11586502595485024,0.052395507382090756
"g37119003102",94,0.6821175278622087,0.5080066661836099,0.1180285681291089,0.02953486347807462,0.105186989792002,0.035342694295061976
"g37119003700",94,0.3514081546868432,0.5080066661836099,0.089651475911411,0.02953486347807462,0.15508853942877995,0.035342694295061976
"g37119003201",94,0.5523215523215523,0.5080066661836099,0.09452370777602753,0.02953486347807462,0.10403581082616631,0.035342694295061976
"g37119003902",94,0.3766345123258307,0.5080066661836099,0.06827118812228013,0.02953486347807462,0.11019235004071834,0.035342694295061976
"g37119003807",94,0.5443092962641182,0.5080066661836099,0.0984565659428203,0.02953486347807462,0.10995956927707717,0.035342694295061976
"g37119005824",94,0.51000351000351,0.5080066661836099,0.13962887537066754,0.02953486347807462,0.16643174730451066,0.035342694295061976
"g37119003808",94,0.42837249782419495,0.5080066661836099,0.06831241427809186,0.02953486347807462,0.09694203928460585,0.035342694295061976
"g37119003109",94,0.43392714703536295,0.5080066661836099,0.0877492556538202,0.02953486347807462,0.12293080283167121,0.035342694295061976
"g37119003203",94,0.67854694996573,0.5080066661836099,0.14207399885305463,0.02953486347807462,0.12728253005839962,0.035342694295061976
"g37119003805",94,0.7415418746533555,0.5080066661836099,0.17612077811001492,0.02953486347807462,0.14438065665878874,0.035342694295061976
"g37119003802",94,0.6146999712891186,0.5080066661836099,0.10425110985044338,0.02953486347807462,0.10309832084518478,0.035342694295061976
"g37119003903",94,0.27222692633361556,0.5080066661836099,0.08954685921304163,0.02953486347807462,0.1999647184419579,0.035342694295061976
"g37119005918",95,0.7199515591886164,0.7199515591886164,0.07348234547071318,0.07348234547071318,0.06204600609174925,0.06204600609174925
"g37119002903",96,0.7541966426858513,0.7541966426858513,0.09552222938802593,0.09552222938802593,0.07699348056655146,0.07699348056655146
"g37119005848",97,0.0,0.0,"",0.0,"",""
"g37119003015",98,0.8097405553026855,0.7977772408794395,0.0762309150785785,0.0513215651950617,0.057229419358109705,0.039106806106708907
"g37119005811",98,0.7842430484037075,0.7977772408794395,0.06768994903279427,0.0513215651950617,0.0524695823200037,0.039106806106708907
"g37119005522",99,0.6802395209580838,0.6219239373601789,0.09463768742178498,0.04058420243237998,0.08457389977866182,0.03966923637636144
"g37119005510",99,0.6051339285714286,0.6219239373601789,0.09929653852125819,0.04058420243237998,0.09975087257368365,0.03966923637636144
"g37119005512",99,0.6956128448665763,0.6219239373601789,0.10004009048355639,0.04058420243237998,0.0874259943870353,0.03966923637636144
"g37119005404",99,0.646180860403863,0.6219239373601789,0.0930041590042826,0.04058420243237998,0.08749482713251444,0.03966923637636144
"g37119006109",99,0.4851345922057051,0.6219239373601789,0.06794962509220896,0.04058420243237998,0.08514495490041753,0.03966923637636144
"g37119005706",100,0.7761694347097364,0.7761694347097364,0.08916725495154376,0.08916725495154376,0.06983657921017775,0.06983657921017775
"g37071031301",101,0.6866764275256223,0.6301845819761129,0.062066341195490704,0.06518039811450797,0.05494625574237386,0.06287577235641056
"g37071030902",101,0.5382234602290312,0.6301845819761129,0.13757170875566307,0.06518039811450797,0.1553819635676261,0.06287577235641056
"g37071030901",101,0.6708268330733229,0.6301845819761129,0.11298371754996508,0.06518039811450797,0.10238575379872429,0.06287577235641056
"g37071030402",102,0.8607395751376868,0.8431278098908157,0.1259047307207071,0.09069798169909168,0.08892100751044311,0.06539406070830255
"g37071030301",102,0.8153209109730849,0.8431278098908157,0.12413918162868295,0.09069798169909168,0.09255809226391108,0.06539406070830255
"g37025042504",103,0.7790849673202614,0.780268659371942,0.12018979803670828,0.08417289216964859,0.09378143601526064,0.0655786065421465
"g37025042603",103,0.7909952606635071,0.780268659371942,0.13163394507044365,0.08417289216964859,0.10116449399969628,0.0655786065421465
"g37025042503",103,0.7607216799763383,0.780268659371942,0.12241252749266479,0.08417289216964859,0.09782146649508139,0.0655786065421465
"g37097061205",104,0.8685433884297521,0.8481195756991321,0.16676675373717378,0.08777147560910303,0.11672182086488073,0.06291155357796195
"g37097061201",104,0.8140990745781165,0.8481195756991321,0.12913366098760387,0.08777147560910303,0.0964264770945982,0.06291155357796195
"g37097061204",104,0.8643767705382436,0.8481195756991321,0.15265030979697858,0.08777147560910303,0.1073565880909009,0.06291155357796195
"g37097061404",105,0.9673202614379085,0.8666301769750046,0.2050201573755301,0.10547543045842817,0.12884286568001357,0.07398634898002172
"g37097061407",105,0.8159122085048011,0.8666301769750046,0.12072841180009686,0.10547543045842817,0.08994978997540039,0.07398634898002172
"g37071032702",106,0.7803234501347709,0.7186878727634195,0.15643373770762284,0.0813554247460074,0.12186804980713645,0.06881455375859909
"g37071033202",106,0.7193236714975846,0.7186878727634195,0.15136951101189036,0.0813554247460074,0.12792285791635644,0.06881455375859909
"g37071033400",106,0.668244719592134,0.7186878727634195,0.12215574335230392,0.0813554247460074,0.11112517371455953,0.06881455375859909
"g37119005301",107,0.4759810554803789,0.5445323141352741,0.08792116089886348,0.02976699839038811,0.11228916279092616,0.03323115870493683
"g37119005610",107,0.6016279626526215,0.5445323141352741,0.08780174069733016,0.02976699839038811,0.08871748268100056,0.03323115870493683
"g37119005514",107,0.678752107925801,0.5445323141352741,0.088568411133391,0.02976699839038811,0.0793234802274551,0.03323115870493683
"g37119005306",107,0.5779944289693594,0.5445323141352741,0.12660377464884054,0.02976699839038811,0.13315488365308165,0.03323115870493683
"g37119005604",107,0.2108843537414966,0.5445323141352741,0.042708263830896924,0.02976699839038811,0.12311235970471315,0.03323115870493683
"g37119005609",107,0.6017505470459519,0.5445323141352741,0.1285822969579466,0.02976699839038811,0.12989689905450477,0.03323115870493683
"g37119005524",107,0.6735912426918771,0.5445323141352741,0.0853831654251245,0.02976699839038811,0.07705661318498665,0.03323115870493683
"g37119005523",107,0.6796381994110223,0.5445323141352741,0.1323977194627387,0.02976699839038811,0.11842320798530569,0.03323115870493683
"g37119005307",107,0.4399421128798842,0.5445323141352741,0.08146449415212445,0.02976699839038811,0.11256592037097664,0.03323115870493683
"g37119005308",107,0.3493559535029846,0.5445323141352741,0.10021644357165871,0.02976699839038811,0.1743833176010746,0.03323115870493683
"g37119005305",107,0.5376441329414424,0.5445323141352741,0.10962775561203077,0.02976699839038811,0.12395376132072164,0.03323115870493683
"g37119005906",108,0.8021094927172275,0.731559243144794,0.12572664252458118,0.07232629146392884,0.0952857067740772,0.0601008747357144
"g37119006006",108,0.6839518725639722,0.731559243144794,0.08634731319168043,0.07232629146392884,0.07674628874236826,0.0601008747357144
"g37119003012",109,0.7395061728395061,0.741345382989578,0.08032596360997525,0.04556303484926175,0.06603105532937871,0.03736165916848567
"g37119003008",109,0.7475071225071225,0.741345382989578,0.08334793100228498,0.04556303484926175,0.06778187623123944,0.03736165916848567
"g37119003006",109,0.7346485819975339,0.741345382989578,0.06352722495952852,0.04556303484926175,0.052567138604657754,0.03736165916848567
"g37119000600",110,0.7072243346007605,0.7203495630461922,0.10160801369668894,0.07630943116794263,0.08733832598695686,0.06439750134646985
"g37119002500",110,0.7393162393162394,0.7203495630461922,0.11578024856023089,0.07630943116794263,0.0952003027675177,0.06439750134646985
"g37119005513",111,0.7021556256572029,0.7021556256572029,0.0943038886574455,0.0943038886574455,0.0816451364829089,0.0816451364829089
"g37119006403",112,0.48106743598990265,0.5693989071038251,0.06462949490813925,0.05947904897319949,0.08166931247762295,0.06350113449174494
"g37119006405",112,0.7515805132019338,0.5693989071038251,0.12583648528139435,0.05947904897319949,0.10178063732681296,0.06350113449174494
"g37071032502",113,0.8547387068201948,0.8366053677932406,0.11135273414877003,0.08465473939117979,0.07919570175218443,0.06151269121061982
"g37071032402",113,0.823428448830723,0.8366053677932406,0.12122234111697835,0.08465473939117979,0.08949337720954527,0.06151269121061982
"g37025041301",114,0.7304716745695033,0.7056824124106676,0.08219771439271674,0.0526050162894726,0.06840541142919782,0.04531604124499626
"g37025041302",114,0.6923798044730146,0.7056824124106676,0.0674053536607929,0.0526050162894726,0.059181245058308164,0.04531604124499626
"g37119005843",115,0.6304141637685742,0.6747855392156863,0.1099235184027668,0.06632263306191094,0.10599826491875365,0.05974892425064839
"g37119005845",115,0.7164933135215453,0.6747855392156863,0.07236450757437811,0.06632263306191094,0.06139705881674099,0.05974892425064839
"g37119005605",116,0.7365835910496634,0.7165282392026578,0.10414751492960123,0.06716923055305471,0.08595298618789404,0.05698639183328644
"g37119005612",116,0.7085110704854763,0.7165282392026578,0.0898368019967332,0.06716923055305471,0.07708000617486921,0.05698639183328644
"g37119005613",116,0.6728395061728395,0.7165282392026578,0.222058425070427,0.06716923055305471,0.2006272265771126,0.05698639183328644
"g45091061103",117,0.6840677966101695,0.7065018872519176,0.06416581829808363,0.04987360572987781,0.0570215067370404,0.04291326308196854
"g45091061203",117,0.7373465612914074,0.7065018872519176,0.10875120864285044,0.04987360572987781,0.08965954505017196,0.04291326308196854
"g45091061202",117,0.6953483293295479,0.7065018872519176,0.07556839716416223,0.04987360572987781,0.06606506900282165,0.04291326308196854
"g45091060802",118,0.7630966239813737,0.7546993941276993,0.17082789052019515,0.09147634270868056,0.1360859669588844,0.0736832696627725
"g45091060700",118,0.7516422970968426,0.7546993941276993,0.10817877657542385,0.09147634270868056,0.08749131663290527,0.0736832696627725
"g45057011202",119,0.7542070372259051,0.7734298159336799,0.07190697283521312,0.05762742523551971,0.05795815119056987,0.04529418018594831
"g37179021015",119,0.8159855497855046,0.7734298159336799,0.0937558004068161,0.05762742523551971,0.06984732457225422,0.04529418018594831
"g37119003018",120,0.728287841191067,0.7212431050719763,0.11118791361725072,0.05859527812767872,0.09280868500955772,0.049387272632984924
"g37119003013",120,0.7178464606181456,0.7212431050719763,0.06838990646063889,0.05859527812767872,0.057915464522138464,0.049387272632984924
"g37025042502",121,0.7140100347356233,0.7799703264094956,0.11712618437275599,0.07507767699241481,0.0997203462449062,0.058514950733383225
"g37025042501",121,0.8211617257170403,0.7799703264094956,0.09665175322874223,0.07507767699241481,0.07155090567980485,0.058514950733383225
"g37097061408",122,0.7291154791154791,0.7223092255125285,0.09287474017629191,0.058600011046551055,0.07743465916578703,0.04931836083625113
"g37119006404",122,0.6881035148706064,0.7223092255125285,0.08375531179374018,0.058600011046551055,0.07399334846714616,0.04931836083625113
"g37119006304",122,0.7499109369433559,0.7223092255125285,0.11291056717157949,0.058600011046551055,0.09152905935372391,0.04931836083625113
"g37119005839",123,0.7901586010573404,0.8044206296048225,0.08727401316710154,0.06413269645774701,0.06714362316222139,0.048465243407300546
"g37119005830",123,0.8144036436094506,0.8044206296048225,0.09051088137078964,0.06413269645774701,0.06756086225204144,0.048465243407300546
"g37071030203",124,0.8253763440860215,0.8464652305912969,0.12621837290998691,0.06587507035461748,0.09296182852825752,0.047309250311389384
"g37109070902",124,0.8831149039926851,0.8464652305912969,0.10955180181712436,0.06587507035461748,0.07541129666062296,0.047309250311389384
"g37109071001",124,0.8077622801697999,0.8464652305912969,0.09740297981394277,0.06587507035461748,0.07330317264674627,0.047309250311389384
"g37025041602",125,0.925285368384642,0.8505209119734259,0.17561236551715895,0.09554821679761986,0.11537547338808772,0.06829229187863704
"g37025041701",125,0.792604501607717,0.8505209119734259,0.10433656194736549,0.09554821679761986,0.08002286297682612,0.06829229187863704
"g37097060400",126,0.6421485603677716,0.6708407871198568,0.11336286974738413,0.07804607064255988,0.10731722047490137,0.07072381518004615
"g37097061104",126,0.8809399477806789,0.6708407871198568,0.18346854247492578,0.07804607064255988,0.1266045763290829,0.07072381518004615
"g37097060300",126,0.5494223363286265,0.6708407871198568,0.13133618139062508,0.07804607064255988,0.14531557722821484,0.07072381518004615
"g37179021010",127,0.0,0.0,"",0.0,"",""
"g37179021009",127,0.0,0.0,"",0.0,"",""
"g37179021012",128,0.6747674767476748,0.6942027045119828,0.0981911513754203,0.06853029325288089,0.08846109450448787,0.060010934078109035
"g37179021013",128,0.7098646034816247,0.6942027045119828,0.09520933176485476,0.06853029325288089,0.08153387694927228,0.060010934078109035
"g37119005836",129,0.6722505462490895,0.6722505462490895,0.08109285970315593,0.08109285970315593,0.07333065257168746,0.07333065257168746
"g37159051302",130,0.8587240893539948,0.7706798470577264,0.10012869713703874,0.06929046195562327,0.07088249840957223,0.05465545976323486
"g37159051303",130,0.694647201946472,0.7706798470577264,0.09324472744043899,0.06929046195562327,0.0816007388052112,0.05465545976323486
"g37119005834",131,0.6749577396764067,0.5177482408131353,0.08125456238951397,0.0,0.07318216808238275,0.0
"g37119005812",131,0.6300625617385578,0.5177482408131353,0.06804889254188287,0.0,0.06565555619437266,0.0
"g37119005835",131,0.0,0.5177482408131353,"",0.0,"",0.0
"g37109071201",132,0.9180708890180128,0.9004914004914005,0.15413735905104634,0.08585216637412724,0.10206240426564993,0.0579569852241814
"g37109071202",132,0.8909263357571925,0.9004914004914005,0.10265935132221393,0.08585216637412724,0.07004720591942866,0.0579569852241814
"g37119005520",133,0.6210212960842684,0.6661375661375661,0.10103473079519115,0.08498196582371993,0.09890045578865961,0.07755270401164173
"g37119005518",133,0.7048986818807791,0.6661375661375661,0.13478909751520068,0.08498196582371993,0.11624175673706807,0.07755270401164173
"g37071032507",134,0.660347551342812,0.6508614748449345,0.10320719622738166,0.07665296110675154,0.09501047863168452,0.07159364403438892
"g37071032506",134,0.6404396875903963,0.6508614748449345,0.11424321286242559,0.07665296110675154,0.10843919101858174,0.07159364403438892
"g37179020800",135,0.8188614146060954,0.8188614146060954,0.10272950496281227,0.10272950496281227,0.07626387808234458,0.07626387808234458
"g37119006209",136,0.8128834355828221,0.6928922202119411,0.09705184254496244,0.04138618167032208,0.07257877081988359,0.0363097929489986
"g37119006211",136,0.6581282437636029,0.6928922202119411,0.05592389574404886,0.04138618167032208,0.051656025293331825,0.0363097929489986
"g37119006406",136,0.646919055916363,0.6928922202119411,0.08120781593321015,0.04138618167032208,0.07631009320773717,0.0363097929489986
"g37119006212",136,0.6891173342786246,0.6928922202119411,0.10938669537976489,0.04138618167032208,0.09649513667377035,0.0363097929489986
"g37109071203",137,0.9311094996374184,0.8640512030342539,0.08620152682738651,0.07248340268913457,0.05627924963543164,0.0509956569967794
"g37097061401",137,0.7995348837209302,0.8640512030342539,0.112907596923566,0.07248340268913457,0.08584595673446495,0.0509956569967794
"g37025040701",138,0.7170542635658915,0.7495972382048331,0.1730681124147616,0.0834309945319776,0.14672331554426515,0.06766024102241189
"g37159051400",138,0.7566507980957715,0.7495972382048331,0.09438102730294357,0.0834309945319776,0.07582690037072876,0.06766024102241189
"g37071032505",139,0.7378869448183042,0.7665878644602049,0.14554481385231505,0.08510203253882194,0.11990602504766626,0.06748575183705922
"g37071033303",139,0.7918766676549066,0.7665878644602049,0.09472688031829417,0.08510203253882194,0.0727193160613106,0.06748575183705922
"g37097061502",140,0.61914172783738,0.656441717791411,0.0965968172683382,0.09708801266496807,0.09484334010105487,0.08990907629684854
"g37097061601",140,0.6964285714285714,0.656441717791411,0.17281651916952925,0.09708801266496807,0.1508491165691472,0.08990907629684854
"g37159050300",141,0.5833532077271644,0.6058361724189009,0.10247988761168804,0.08196701455383698,0.1067925969962268,0.08224661161152987
"g37159052000",141,0.6426896012509773,0.6058361724189009,0.1351614136935033,0.08196701455383698,0.12784553066802057,0.08224661161152987
"g37159051301",142,0.7861271676300579,0.8582995951417004,0.1745884108490206,0.10108699561788596,0.13500712979117005,0.07159628352818098
"g37159051902",142,0.88804192472606,0.8582995951417004,0.12339094381890807,0.10108699561788596,0.084466386329979,0.07159628352818098
"g37119005521",143,0.742387957577831,0.71489389150487,0.11433431022270578,0.0583005751599383,0.09362239681228383,0.04957529997910343
"g37025042601",143,0.7606669057009681,0.71489389150487,0.07855404891285654,0.0583005751599383,0.06277809756902143,0.04957529997910343
"g37025042602",143,0.6128953174797744,0.71489389150487,0.1005273019192391,0.0583005751599383,0.0997084169066447,0.04957529997910343
"g45091060905",144,0.7277021707344505,0.7277021707344505,0.06273313104871037,0.06273313104871037,0.05240556302918627,0.05240556302918627
"g37025040702",145,0.6776897287412375,0.6776897287412375,0.08027301744261438,0.08027301744261438,0.07200667920088684,0.07200667920088684
"g37097060702",146,0.8687129223626515,0.8526015680684248,0.1405555847899736,0.09049442630723244,0.09835714686964885,0.06452229431144273
"g37097060703",146,0.8326959847036329,0.8526015680684248,0.10503139542542939,0.09049442630723244,0.0766772913187156,0.06452229431144273
"g45091061705",147,0.8264861142988295,0.8288801115241635,0.1036718595658011,0.06736489065280041,0.07625343722120341,0.04940557836933869
"g45091061701",147,0.8313338038108681,0.8288801115241635,0.08541959920043307,0.06736489065280041,0.06246204326895498,0.04940557836933869
"g37159051101",148,0.7856218547807333,0.7856218547807333,0.10044059709140576,0.10044059709140576,0.07771946943917268,0.07771946943917268
"g45091061007",149,0.6740169622205089,0.7116628416440642,0.09366383479346647,0.07149677523431354,0.08447636274111564,0.06107257918428842
"g45091061006",149,0.7903901967107385,0.7116628416440642,0.09650169358346447,0.07149677523431354,0.07422111731637936,0.06107257918428842
"g37179020312",150,0.6421077730090605,0.7413360120542442,0.11762510399164507,0.06866211060090399,0.1113592226928442,0.05630359807843421
"g37179020313",150,0.8194871794871795,0.7413360120542442,0.15314515205302862,0.06866211060090399,0.11360440919820207,0.05630359807843421
"g37119005712",150,0.8105484124901601,0.7413360120542442,0.09043742946998978,0.06866211060090399,0.06782711547497809,0.05630359807843421
"g37179020902",151,0.8134110787172012,0.8668247381940328,0.10369253135432559,0.08218072174159781,0.07749460895846799,0.05763320237178046
"g37179020901",151,0.9394080633884875,0.8668247381940328,0.13199630745311908,0.08218072174159781,0.08541646544467821,0.05763320237178046
"g45091061900",152,0.860966205488773,0.8756293519014462,0.10631650088302966,0.07741493288634273,0.07506693213993897,0.05374505705272105
"g45023020601",152,0.8390159689253345,0.8756293519014462,0.16164016214886084,0.07741493288634273,0.11711516870517673,0.05374505705272105
"g45023020500",152,0.9329244921425833,0.8756293519014462,0.15465260639762263,0.07741493288634273,0.100773152900125,0.05374505705272105
"g45091061008",153,0.7389851109085385,0.7200069048852062,0.10119496298696432,0.06438131822316773,0.0832448366236651,0.054357227967433364
"g45091061005",153,0.7124773960216998,0.7200069048852062,0.08038307996270605,0.06438131822316773,0.06858476419757834,0.054357227967433364
"g37119003017",154,0.8421217827997489,0.8277709736680955,0.09440758657607343,0.05848346810390246,0.06815003638384423,0.042949392255192204
"g37119005815",154,0.8141063956963539,0.8277709736680955,0.07039972354542719,0.05848346810390246,0.052568294208632786,0.042949392255192204
"g45091060401",155,0.6133440514469454,0.5847910592808552,0.17869280675172572,0.08249657241392953,0.17710752357248166,0.08575694044743712
"g45091060502",155,0.7192441187813343,0.5847910592808552,0.11886350659518544,0.08249657241392953,0.10046304019860845,0.08575694044743712
"g45091060501",155,0.4516026658203745,0.5847910592808552,0.12764858033308593,0.08249657241392953,0.171827863403253,0.08575694044743712
"g37119006103",156,0.7288466908684725,0.7174210145510089,0.09198267400589116,0.07399541887037867,0.07671917819354976,0.06269960962675973
"g37119006104",156,0.7128019869044931,0.7174210145510089,0.09685488295947993,0.07399541887037867,0.08260126849439353,0.06269960962675973
"g37119005816",157,0.8060836501901141,0.8060836501901141,0.07465206098806984,0.07465206098806984,0.05629836565883572,0.05629836565883572
"g37071030205",158,0.7620689655172413,0.7775441823796071,0.12717623596616706,0.05687374213305714,0.10144853712797164,0.04446525896257239
"g37071031004",158,0.686578449905482,0.7775441823796071,0.11057700492117065,0.05687374213305714,0.09790587483647428,0.04446525896257239
"g37071031003",158,0.8391959798994975,0.7775441823796071,0.11319265233508778,0.05687374213305714,0.08199529626952466,0.04446525896257239
"g37071033500",158,0.7857935627081021,0.7775441823796071,0.10100317245153463,0.05687374213305714,0.078137704032793,0.04446525896257239
"g37179020404",159,0.5114392341392179,0.5958672287868891,0.112093759676599,0.05737001014050483,0.13323597134966744,0.058528786982718045
"g37179020501",159,0.5861949956859361,0.5958672287868891,0.0876115227177661,0.05737001014050483,0.0908559177728703,0.058528786982718045
"g37179020403",159,0.7139053860331763,0.5958672287868891,0.07494544270674786,0.05737001014050483,0.06381733564515112,0.058528786982718045
"g37071030204",160,0.6868055555555556,0.6929007388371345,0.12806725428243973,0.08790765571230126,0.1133544037093212,0.07712404012450982
"g37071030102",160,0.6981470412432755,0.6929007388371345,0.12069718293755607,0.08790765571230126,0.10509555057591045,0.07712404012450982
"g37179020204",161,0.914391353811149,0.8754778809393774,0.13498255552586116,0.08387142466103596,0.08973867088239075,0.058237529007865885
"g37025041601",161,0.8571619812583668,0.8754778809393774,0.10578582657797955,0.08387142466103596,0.07502373503088239,0.058237529007865885
"g37179020308",162,0.699643994753607,0.699643994753607,0.08704615911550681,0.08704615911550681,0.07563217671173457,0.07563217671173457
"g37119005829",163,0.48936170212765956,0.6365995651259031,0.09426048441452912,0.04942245728508813,0.1170937694590424,0.04719457666590543
"g37119005826",163,0.704483695652174,0.6365995651259031,0.08548723267908143,0.04942245728508813,0.07376738868762056,0.04719457666590543
"g37119005827",163,0.6160919540229886,0.6365995651259031,0.09964166793150704,0.04942245728508813,0.09831721079300812,0.04719457666590543
"g37119003108",163,0.6738995660260384,0.6365995651259031,0.12307716934042154,0.04942245728508813,0.11102388501080744,0.04719457666590543
"g37119003106",163,0.6790861159929701,0.6365995651259031,0.13479606369994593,0.04942245728508813,0.12066642791895453,0.04719457666590543
"g37179021005",164,0.866682397357244,0.8044526901669758,0.11749135472784406,0.07732035536122699,0.08241002258932191,0.05842886239709585
"g37179020502",164,0.7358981024174681,0.8044526901669758,0.10103683324221559,0.07732035536122699,0.08346341309853315,0.05842886239709585
"g37119005511",165,0.7550667325753831,0.7214850882531954,0.12586328371470332,0.07437535277433009,0.10133228120917716,0.06266654868694975
"g37119005508",165,0.6888942192372272,0.7214850882531954,0.08375686295741575,0.07437535277433009,0.07390978860340405,0.06266654868694975
"g37179020305",166,0.6978335233751425,0.7675933970460469,0.08085529905884932,0.0863012589215266,0.07043536292847295,0.06834708529640994
"g37179020309",166,0.888932963109877,0.7675933970460469,0.19563941184241035,0.0863012589215266,0.1337893166057588,0.06834708529640994
"g37119001922",167,0.6654498604251664,0.6061996280223186,0.09359968392770199,0.06655616864576602,0.08550532097348947,0.06674315706907362
"g37119001923",167,0.5252347417840375,0.6061996280223186,0.09311923712984013,0.06655616864576602,0.10777550394406453,0.06674315706907362
"g37119002904",168,0.6447028423772609,0.6447028423772609,0.06633206386993692,0.06633206386993692,0.06254578145388794,0.06254578145388794
"g37119005911",169,0.7212605415002219,0.6864032605003962,0.09463203640745972,0.06514618409006388,0.07975907524938293,0.05769573922321544
"g37119005910",169,0.650103998151144,0.6864032605003962,0.08903083827614094,0.06514618409006388,0.08325143406499824,0.05769573922321544
"g37109070300",170,0.7961850013065064,0.6672033688382463,0.11321949072340506,0.07180282828669955,0.08644528346651621,0.06542103618661069
"g37109070201",170,0.5509771603484813,0.6672033688382463,0.09200654804176646,0.07180282828669955,0.10151243330823322,0.06542103618661069
"g45091060907",171,0.73442855454438,0.6992501483519448,0.08533258265818634,0.05442031709390304,0.07063166336538972,0.04731105128761606
"g45091060803",171,0.6538388983210714,0.6992501483519448,0.09180313875632827,0.05442031709390304,0.08535340942008889,0.04731105128761606
"g45091060804",171,0.6873298429319372,0.6992501483519448,0.10701022445998896,0.05442031709390304,0.09464423646276314,0.04731105128761606
"g37119001916",172,0.6883668270591565,0.6353233505525404,0.09679793855109971,0.050003793880559484,0.08548310192895019,0.047845625478820146
"g37119001911",172,0.619896594758424,0.6353233505525404,0.08473047317693538,0.050003793880559484,0.08309109432972571,0.047845625478820146
"g37119001917",172,0.6264445041655469,0.6353233505525404,0.12012505952776331,0.050003793880559484,0.11656954735964117,0.047845625478820146
"g37119001921",172,0.6074074074074074,0.6353233505525404,0.08161147575356172,0.050003793880559484,0.08167802822100105,0.047845625478820146
"g37119006303",173,0.7540339263549856,0.7301076599430764,0.08384482113248666,0.06385141097993566,0.06759575974990772,0.05316400516499511
"g37119006407",173,0.6944872189713581,0.7301076599430764,0.09808667380279266,0.06385141097993566,0.08585781811109869,0.05316400516499511
"g37159051901",174,0.8635603345280765,0.8635603345280765,0.10903062267004575,0.10903062267004575,0.07675203588108748,0.07675203588108748
"g37119005716",175,0.6662841404636217,0.6440658049353701,0.09303788353696442,0.06487051186329801,0.08488568236622505,0.06122815606238141
"g37119005710",175,0.6207560799422105,0.6440658049353701,0.09043038327039744,0.06487051186329801,0.0885579362720708,0.06122815606238141
"g45057010400",176,0.770196330865787,0.7799758215188483,0.12204380774435178,0.0766673885643432,0.09632708130774052,0.059753538444212585
"g45057011100",176,0.7850467289719626,0.7799758215188483,0.09779605586748988,0.0766673885643432,0.07572860021581573,0.059753538444212585
"g37119002004",177,0.7176999526739233,0.719640644361834,0.1276816689442168,0.0659371700041387,0.10814830841658879,0.05569916921006919
"g37119002003",177,0.7211432759252473,0.719640644361834,0.06243321922381711,0.0659371700041387,0.05262938173752592,0.05569916921006919
"g37179021014",178,0.7216606498194946,0.6886661097187413,0.11771897341596031,0.06383072630173192,0.09916251632266286,0.056344972671298496
"g37179021004",178,0.6679510426110608,0.6886661097187413,0.07304912978284563,0.06383072630173192,0.0664820667871845,0.056344972671298496
"g37071031704",179,0.7111668757841907,0.7111668757841907,0.10729567279739073,0.10729567279739073,0.09171593226359084,0.09171593226359084
"g37119005621",180,0.694692239072257,0.670111665478736,0.11798114126526844,0.09008833653272122,0.10324148520170831,0.08172510499630606
"g37119005619",180,0.6420945602440264,0.670111665478736,0.1370301817795021,0.09008833653272122,0.1297332628494806,0.08172510499630606
"g37097060602",181,0.9318073438245112,0.7648676023730285,0.16160610392295147,0.10047136818080916,0.10543036960313011,0.0798527998483776
"g37097060601",181,0.6921479019526381,0.7648676023730285,0.12275881695906209,0.10047136818080916,0.10781715935752871,0.0798527998483776
"g45057011201",182,0.8196331521739131,0.7418170923526327,0.10921438796269255,0.07599354253695641,0.0810017567361611,0.062275030960497677
"g37119005825",182,0.5897322416463819,0.7418170923526327,0.08042766984428656,0.07599354253695641,0.08290576139562857,0.062275030960497677
"g37071033307",183,0.914466737064414,0.8714554074604168,0.12431112395189878,0.07078898584381592,0.08263731117631856,0.04938040176667556
"g37119005908",183,1.1470588235294117,0.8714554074604168,0.26794240376627454,0.07078898584381592,0.1420004945530876,0.04938040176667556
"g45091061707",183,0.8035644594770391,0.8714554074604168,0.08132707555982883,0.07078898584381592,0.06152456237335033,0.04938040176667556
"g45057011002",184,0.7600993003836606,0.7617574257425742,0.09205433824175958,0.07345618218165557,0.07362207018122228,0.05861999185457516
"g45057011001",184,0.7631528964862299,0.7617574257425742,0.11097232996846072,0.07345618218165557,0.08839694282778343,0.05861999185457516
"g37119005907",185,0.7257916475447453,0.6923645580314711,0.10024870579711666,0.07253120118232438,0.08396550538547133,0.06368309166159118
"g37119005912",185,0.6638622578751712,0.6923645580314711,0.10345667851314412,0.07253120118232438,0.0947359141663338,0.06368309166159118
"g37179021011",186,0.6451393609789259,0.6243555555555556,0.08551154874956458,0.06465681804745048,0.08057593064567053,0.06295300204196276
"g37179020317",186,0.601565411852404,0.6243555555555556,0.09755219295538463,0.06465681804745048,0.09857987808020888,0.06295300204196276
"g37119003016",187,0.7066259808195292,0.7066259808195292,0.07694899782945487,0.07694899782945487,0.06619839568459167,0.06619839568459167
"g37119005617",188,0.7576744186046511,0.6872372168723722,0.13148646954769208,0.06313752251050851,0.10549516067161796,0.055848943724904426
"g37119001508",188,0.6819168475538487,0.6872372168723722,0.10962436441353651,0.06313752251050851,0.09772591959022683,0.055848943724904426
"g37119005620",188,0.6691387921901014,0.6872372168723722,0.08940597716448949,0.06313752251050851,0.08122401320662602,0.055848943724904426
"g37025041501",189,0.7245367770915216,0.7245367770915216,0.05673759287318794,0.05673759287318794,0.047604123085769556,0.047604123085769556
"g45023020602",190,0.6869170055010763,0.5766871165644172,0.11363994105001812,0.06311138855534147,0.10056823528928842,0.066527558265024
"g45023020200",190,0.502515537141166,0.5766871165644172,0.09882000166223101,0.06311138855534147,0.11954446161107779,0.066527558265024
"g45023020100",190,0.4884599244649601,0.5766871165644172,0.10578509097109316,0.06311138855534147,0.1316526555448224,0.066527558265024
"g37119006215",191,0.6923254738788719,0.7180621870269012,0.07850600143017339,0.053774554764779096,0.0689329149772275,0.04552488563769727
"g37119006214",191,0.7441915043417038,0.7180621870269012,0.07344646683821637,0.053774554764779096,0.05999572401438952,0.04552488563769727
"g37109070100",192,0.6688713462769362,0.7477730895452415,0.10222750968514917,0.048138432044584734,0.09290932125173555,0.039134177111642285
"g37071030700",192,0.7620967741935484,0.7477730895452415,0.1250065723742978,0.048138432044584734,0.09971415689302472,0.039134177111642285
"g37109070800",192,0.8068778856869925,0.7477730895452415,0.08643188190942741,0.048138432044584734,0.06511788014589588,0.039134177111642285
"g37109070400",192,0.7324030056739764,0.7477730895452415,0.09270345449342937,0.048138432044584734,0.07694491031037315,0.039134177111642285
"g37071030601",192,0.7665110073382255,0.7477730895452415,0.16279460447329147,0.048138432044584734,0.1291087596220654,0.039134177111642285
"g37119005841",193,0.7147039687703318,0.7147039687703318,0.0543012372008669,0.0543012372008669,0.04618677393889287,0.04618677393889287
"g37025041303",194,0.6028173104850422,0.6028173104850422,0.0719918093691581,0.0719918093691581,0.07259913922906079,0.07259913922906079
"g37119005847",195,0.8087917367283209,0.8087917367283209,0.08378577141130082,0.08378577141130082,0.06297492584204915,0.06297492584204915
"g37159051202",196,0.8558869701726844,0.8669811320754717,0.11651585055319276,0.08781900188544153,0.08275661010865067,0.06157620910701008
"g37159051802",196,0.8753246753246753,0.8669811320754717,0.1267275674557545,0.08781900188544153,0.08801081141570173,0.06157620910701008
"g37109071102",197,0.8159090909090909,0.7596690590111643,0.1141773561509475,0.0800620209081401,0.08506919204209075,0.06406726843404315
"g37109071101",197,0.7072419106317411,0.7596690590111643,0.11224556866019528,0.0800620209081401,0.09647955984725184,0.06406726843404315
"g45091061403",198,0.7989089541008277,0.7552073194471481,0.10586933044635545,0.07218637738858583,0.08055768465247065,0.05810629102082694
"g45091061301",198,0.7083501411859621,0.7552073194471481,0.0993277357579459,0.07218637738858583,0.0852425922911106,0.05810629102082694
"g37119005515",199,0.6389863547758284,0.5306951375188581,0.07747804382795366,0.0,0.07370910886751732,0.0
"g37119005516",199,0.0,0.5306951375188581,"",0.0,"",0.0
"g37119005517",199,0.6729357798165138,0.5306951375188581,0.08182975601990802,0.0,0.0739216638896242,0.0
"g37097060901",200,0.845,0.8065223749634396,0.1313779138592176,0.09609106732078375,0.09451478488460106,0.07242703302565474
"g37097060801",200,0.7726772952171522,0.8065223749634396,0.1389571641596244,0.09609106732078375,0.10932434632348893,0.07242703302565474
"g45091060906",201,0.8059333958724203,0.8059333958724203,0.07237465856925149,0.07237465856925149,0.05459105324951799,0.05459105324951799
"g37119005615",202,0.730799683293745,0.7051146849459531,0.11920204797604214,0.0886012864573283,0.0991561062570126,0.07638610507151494
"g37119005614",202,0.6999841847224418,0.7051146849459531,0.10325202591090116,0.0886012864573283,0.08966943878664317,0.07638610507151494
"g37119005401",203,0.6393771199506629,0.6521862309944282,0.07592774409930779,0.06175843545085045,0.07219007672124066,0.057565032916098276
"g37119005403",203,0.6724348038020961,0.6521862309944282,0.10495632667977337,0.06175843545085045,0.09488390211578576,0.057565032916098276
"g37179020310",204,0.6800148312940304,0.6800148312940304,0.060611241373467184,0.060611241373467184,0.054183729149911,0.054183729149911
"g37159051700",205,0.809572006940428,0.809572006940428,0.0880341670824204,0.0880341670824204,0.06610432491929133,0.06610432491929133
"g37119005917",206,0.6810009267840593,0.6810009267840593,0.07031421056948571,0.07031421056948571,0.06276672949029415,0.06276672949029415
"g37119001000",207,0.8224419604471195,0.7917820195249891,0.1264619945060023,0.06399502502467108,0.09347357759211453,0.049133157631206154
"g37119001100",207,0.7949162333911034,0.7917820195249891,0.1058184870943283,0.06399502502467108,0.08092342950814761,0.049133157631206154
"g37119002400",207,0.7644333570919458,0.7917820195249891,0.09692293774600855,0.06399502502467108,0.07707633170100821,0.049133157631206154
"g37119005842",208,0.7691625266146203,0.7691625266146203,0.0735093086482772,0.0735093086482772,0.05809761691493784,0.05809761691493784
"g45023020800",209,0.7563791008505468,0.7563791008505468,0.10018559415823869,0.10018559415823869,0.08051927490360755,0.08051927490360755
"g37119005817",210,0.7851074462768616,0.7851074462768616,0.05296500097605988,0.05296500097605988,0.04101039817555496,0.04101039817555496
"g37109070600",211,0.8307216494845361,0.8397159523205681,0.08853999966110741,0.06810330646747857,0.06479150752128691,0.049302607849724095
"g37109070700",211,0.8540843214756259,0.8397159523205681,0.10605267109894215,0.06810330646747857,0.07548400931110726,0.049302607849724095
"g37119005823",212,0.691069512340527,0.4698062738104888,0.04926920450286112,0.0,0.04333990092375794,0.0
"g37119005846",212,0.0,0.4698062738104888,"",0.0,"",0.0
"g37119002906",213,0.7431074465343983,0.7896519864490299,0.09168428879329248,0.04768901353891522,0.07500278758537157,0.036712732044074776
"g37119003105",213,0.8546562228024369,0.7896519864490299,0.07623280124046815,0.04768901353891522,0.05422312173858815,0.036712732044074776
"g37119003011",213,0.7819787985865725,0.7896519864490299,0.07584004049386263,0.04768901353891522,0.0589573120968335,0.036712732044074776
"g37119006107",214,0.7370879120879121,0.7447303387120221,0.1411126146671498,0.08615994823785285,0.1163806149466188,0.07032997785518076
"g37119006106",214,0.7533189255943192,0.7447303387120221,0.0912247687106057,0.08615994823785285,0.07361528373452883,0.07032997785518076
"g37119005714",215,0.8631908237747654,0.809949892627058,0.12496566443595233,0.0925443280140771,0.08800715574080217,0.06945855623001755
"g37119005713",215,0.7387789238918316,0.809949892627058,0.13634218276195947,0.0925443280140771,0.11218888789749351,0.06945855623001755
"g37179020311",216,0.6852893161617993,0.6852893161617993,0.07453584480997122,0.07453584480997122,0.06611885358319423,0.06611885358319423
"g37119002905",217,0.7408032399595005,0.7286803426864733,0.11035717895919465,0.053086260449059244,0.09055904099704185,0.04428729726505279
"g37119002200",217,0.7477942758769098,0.7286803426864733,0.0853700545823359,0.053086260449059244,0.0693996883766574,0.04428729726505279
"g37119002702",217,0.7042831996870722,0.7286803426864733,0.08514797206117333,0.053086260449059244,0.07349555571759941,0.04428729726505279
"g37119003806",218,0.5966670297353229,0.6084832904884319,0.07144586254752239,0.048022184727661704,0.0727912438978132,0.04797636668081871
"g37119005916",218,0.5848892748588798,0.6084832904884319,0.12255013154775586,0.048022184727661704,0.12737207436292367,0.04797636668081871
"g37119005913",218,0.6112843355605049,0.6084832904884319,0.08068310478083864,0.048022184727661704,0.08023676913781734,0.04797636668081871
"g37119005915",218,0.7254264825345248,0.6084832904884319,0.21179837448649041,0.048022184727661704,0.1774856782015267,0.04797636668081871
"g37119003007",219,0.8112900842323039,0.8112900842323039,0.07168490227785286,0.07168490227785286,0.05371376902068201,0.05371376902068201
