"TID","RID","t_occupiedE","r_occupiedE","t_occupiedM","r_occupiedM","t_occupiedCV","r_occupiedCV"
"g37119003015",0,0.9513150531617236,0.9574468085106383,0.03551568127930962,0.018904822395663327,0.02269498388919231,0.012003061838516398
"g37119003016",0,0.9643947100712106,0.9574468085106383,0.03438786997988071,0.018904822395663327,0.021676270112874162,0.012003061838516398
"g37119005811",0,0.9558563861094762,0.9574468085106383,0.02652955712543451,0.018904822395663327,0.016872189780987777,0.012003061838516398
"g37097061003",1,0.917519566526189,0.8528354807608028,0.05708335660081297,0.03012964751937107,0.03782058704654618,0.021476469450138827
"g37097061001",1,0.8818181818181818,0.8528354807608028,0.07883763768069531,0.03012964751937107,0.054348636260310744,0.021476469450138827
"g37097060100",1,0.8290566037735849,0.8528354807608028,0.059574635047975825,0.03012964751937107,0.0436828841974718,0.021476469450138827
"g37097060601",1,0.845442536327609,0.8528354807608028,0.061421034779358785,0.03012964751937107,0.04416387094222511,0.021476469450138827
"g37097061301",1,0.8303130148270181,0.8528354807608028,0.14011403299690098,0.03012964751937107,0.10258264344709664,0.021476469450138827
"g37097060603",1,0.8928571428571429,0.8528354807608028,0.09769685714628272,0.03012964751937107,0.06651700912087334,0.021476469450138827
"g37097060701",1,0.7902834008097166,0.8528354807608028,0.09967672934863496,0.03012964751937107,0.07667345205638308,0.021476469450138827
"g37119001000",2,0.9616639477977161,0.87241186345831,0.048542950008047,0.027133233283031934,0.030685763118951263,0.018906628197398016
"g37119001100",2,0.9167556029882604,0.87241186345831,0.03938258884935718,0.027133233283031934,0.026114684673878705,0.018906628197398016
"g37119002500",2,0.8775510204081632,0.87241186345831,0.06480163954206915,0.027133233283031934,0.044889804729785654,0.018906628197398016
"g37119000900",2,0.8633004926108374,0.87241186345831,0.07837780678438097,0.027133233283031934,0.05519061272339329,0.018906628197398016
"g37119001400",2,0.773936170212766,0.87241186345831,0.06394127967367291,0.027133233283031934,0.050223881923356244,0.018906628197398016
"g37025042300",3,0.8834383438343835,0.8251913962814437,0.05229250833155735,0.03945086478970858,0.03598299653396976,0.029062698343722368
"g37025041902",3,0.7796234772978959,0.8251913962814437,0.07720940674559498,0.03945086478970858,0.06020317619790711,0.029062698343722368
"g37025042101",3,0.7928669410150891,0.8251913962814437,0.08285844799390575,0.03945086478970858,0.06352878975563708,0.029062698343722368
"g37179020404",4,0.8576682603898492,0.9143821603927987,0.06628434619109932,0.02604113050591131,0.046981376407951504,0.01731275516669986
"g37179020401",4,0.9473225946887244,0.9143821603927987,0.03966321354171616,0.02604113050591131,0.025452128080111863,0.01731275516669986
"g37179020312",4,0.8602723505032563,0.9143821603927987,0.08105419068157732,0.02604113050591131,0.057276122166771234,0.01731275516669986
"g37179020306",4,0.957553628480146,0.9143821603927987,0.030981320600463748,0.02604113050591131,0.019668485382117018,0.01731275516669986
"g37179020313",4,1.0,0.9143821603927987,0.08196010418298619,0.02604113050591131,0.049823771539809235,0.01731275516669986
"g37071030301",5,0.8928571428571429,0.8638659175557099,0.06405120711840276,0.010804858927512637,0.043609332506146556,0.0076033828467091885
"g37109070600",5,0.9140111279716743,0.8638659175557099,0.043180985332582106,0.010804858927512637,0.0287193867827462,0.0076033828467091885
"g37109070901",5,0.8293620292083013,0.8638659175557099,0.06482725872996688,0.010804858927512637,0.04751684612155627,0.0076033828467091885
"g45091061900",5,0.8682877406281662,0.8638659175557099,0.029401784848631755,0.010804858927512637,0.02058468017407124,0.0076033828467091885
"g45023020601",5,0.8344947735191638,0.8638659175557099,0.04658493382712663,0.010804858927512637,0.03393563340136262,0.0076033828467091885
"g37109070700",5,0.8762589928057554,0.8638659175557099,0.04382785120242131,0.010804858927512637,0.03040547470384238,0.0076033828467091885
"g37071033400",5,0.8584437086092715,0.8638659175557099,0.048984797327011845,0.010804858927512637,0.034688345895501876,0.0076033828467091885
"g37071030502",5,0.8268765133171913,0.8638659175557099,0.06452293118770977,0.010804858927512637,0.04743594205881283,0.0076033828467091885
"g45091061701",5,0.8376764386536374,0.8638659175557099,0.0385017533139321,0.010804858927512637,0.027940765770018507,0.0076033828467091885
"g37071031701",5,0.8001332445036642,0.8638659175557099,0.03746513700017806,0.010804858927512637,0.028464208214161592,0.0076033828467091885
"g37071030801",5,0.7948717948717948,0.8638659175557099,0.14010617645987156,0.010804858927512637,0.10715052224600433,0.0076033828467091885
"g37071031600",5,0.95856524427953,0.8638659175557099,0.030069926160342774,0.010804858927512637,0.019069740406421908,0.0076033828467091885
"g37071030401",5,0.8830860534124629,0.8638659175557099,0.05721333468142014,0.010804858927512637,0.03938477176610163,0.0076033828467091885
"g37109070500",5,0.9103682170542635,0.8638659175557099,0.028220740629368524,0.010804858927512637,0.0188445346693875,0.0076033828467091885
"g37071030602",5,0.8445262189512419,0.8638659175557099,0.05045221273828378,0.010804858927512637,0.0363162652035378,0.0076033828467091885
"g37071031703",5,0.8423236514522822,0.8638659175557099,0.07493994998703561,0.010804858927512637,0.05408396228869565,0.0076033828467091885
"g45023020500",5,0.7732712765957447,0.8638659175557099,0.043204508441180414,0.010804858927512637,0.03396497408470147,0.0076033828467091885
"g37071030501",5,0.8793264733395697,0.8638659175557099,0.07454286421999802,0.010804858927512637,0.05153354578747842,0.0076033828467091885
"g37071030700",5,0.852448021462106,0.8638659175557099,0.04162584072130961,0.010804858927512637,0.02968446381183838,0.0076033828467091885
"g37071030205",5,0.8197217180883243,0.8638659175557099,0.06059383913751349,0.010804858927512637,0.04493617743326408,0.0076033828467091885
"g37109070800",5,0.9258241758241759,0.8638659175557099,0.028296059284827813,0.010804858927512637,0.018579393684084174,0.0076033828467091885
"g37119000700",6,0.7605985037406484,0.8282138794084186,0.1074337014216444,0.03158342687186296,0.08586559224690699,0.023181996910691356
"g37119000600",6,0.8121794871794872,0.8282138794084186,0.06393660572884491,0.03158342687186296,0.047855477931498455,0.023181996910691356
"g37119000500",6,0.8471243042671615,0.8282138794084186,0.0558486925092826,0.03158342687186296,0.040077439382808736,0.023181996910691356
"g37119000400",6,0.796844181459566,0.8282138794084186,0.07616217733456201,0.03158342687186296,0.05810319887541446,0.023181996910691356
"g37119000800",6,0.8853801169590644,0.8282138794084186,0.03819701156981339,0.03158342687186296,0.02622610038199937,0.023181996910691356
"g45057011201",7,0.9195931218212642,0.9468921590160334,0.049661580669925834,0.014756860254507538,0.03282909585252856,0.009473872638620045
"g45091061007",7,0.9618852459016394,0.9468921590160334,0.03842182586196514,0.014756860254507538,0.024282244837733724,0.009473872638620045
"g45091061008",7,0.9627659574468085,0.9468921590160334,0.12051410052117541,0.014756860254507538,0.07609414397548567,0.009473872638620045
"g37119005843",7,0.9551641313050441,0.9468921590160334,0.07598269700474791,0.014756860254507538,0.04835827461556656,0.009473872638620045
"g37119005836",7,0.9742698191933241,0.9468921590160334,0.020185688571493058,0.014756860254507538,0.012595007112074534,0.009473872638620045
"g45091061005",7,0.9325513196480938,0.9468921590160334,0.04450597252640785,0.014756860254507538,0.029012132498910513,0.009473872638620045
"g45091061004",7,0.937338739402875,0.9468921590160334,0.047003758780636166,0.014756860254507538,0.030483871351206882,0.009473872638620045
"g37119005844",7,0.924672027084215,0.9468921590160334,0.04364174393171261,0.014756860254507538,0.028691184272606647,0.009473872638620045
"g37119005845",7,0.9489575844716032,0.9468921590160334,0.04101117558623527,0.014756860254507538,0.026271780989432284,0.009473872638620045
"g37119005838",7,1.0,0.9468921590160334,0.08189335724604584,0.014756860254507538,0.049783195894252785,0.009473872638620045
"g37119004400",8,0.9230291744258224,0.9323000362863512,0.058321555453449136,0.014727546017620354,0.03841030607126262,0.009603041042338195
"g37119006006",8,0.8836565096952909,0.9323000362863512,0.04651866161299326,0.014727546017620354,0.032002052085812555,0.009603041042338195
"g37119006005",8,1.0,0.9323000362863512,0.10484901962872022,0.014727546017620354,0.06373800585332536,0.009603041042338195
"g37119006103",8,0.909480122324159,0.9323000362863512,0.06329978354530179,0.014727546017620354,0.04231000835879278,0.009603041042338195
"g37119006108",8,1.0,0.9323000362863512,0.09032900997193422,0.014727546017620354,0.05491125226257399,0.009603041042338195
"g37119006007",8,0.9356925418569254,0.9323000362863512,0.02573826734444247,0.014727546017620354,0.016721692679381322,0.009603041042338195
"g37119006106",8,0.9277813923227066,0.9323000362863512,0.04422172305374653,0.014727546017620354,0.028975043731315694,0.009603041042338195
"g37119006008",8,0.9361111111111111,0.9323000362863512,0.04405224262020546,0.014727546017620354,0.028607158358254878,0.009603041042338195
"g37119006105",8,0.9383886255924171,0.9323000362863512,0.05237533443417805,0.014727546017620354,0.0339295556341886,0.009603041042338195
"g37119006104",8,0.9445286450439527,0.9323000362863512,0.040122743468461085,0.014727546017620354,0.025823171844203095,0.009603041042338195
"g37119006109",8,0.8738317757009346,0.9323000362863512,0.09901618514398698,0.014727546017620354,0.06888306363738184,0.009603041042338195
"g45023020100",9,0.793,0.8538468782371221,0.05280001378787698,0.01880570418824181,0.04047575387059029,0.013388863169249643
"g45023020900",9,0.865128660159716,0.8538468782371221,0.05011098997784192,0.01880570418824181,0.035211650349951114,0.013388863169249643
"g45023020400",9,0.92616226071103,0.8538468782371221,0.046764052648325484,0.01880570418824181,0.030694400686411376,0.013388863169249643
"g45091061401",9,0.8849230769230769,0.8538468782371221,0.06482532905381021,0.01880570418824181,0.044532113460708934,0.013388863169249643
"g45023020602",9,0.9319640564826701,0.8538468782371221,0.031993435957214274,0.01880570418824181,0.02086872031506269,0.013388863169249643
"g45023021000",9,0.7548076923076923,0.8538468782371221,0.06403616962212087,0.01880570418824181,0.05157308687356452,0.013388863169249643
"g45023020300",9,0.7914406268836649,0.8538468782371221,0.05675292839084428,0.01880570418824181,0.04359172280024661,0.013388863169249643
"g45023020200",9,0.8559153998678123,0.8538468782371221,0.045070641870032034,0.01880570418824181,0.03201083482149416,0.013388863169249643
"g37179021010",10,0.911504424778761,0.9398230088495575,0.09681183170182824,0.0033196842736916057,0.0645659809502558,0.0021472608482427
"g37179021012",10,0.9538745387453874,0.9398230088495575,0.1413841525511817,0.0033196842736916057,0.09010389690668102,0.0021472608482427
"g37179021008",10,0.9370220422852001,0.9398230088495575,0.030540263440823397,0.0033196842736916057,0.019813311589973667,0.0021472608482427
"g37179021011",10,0.9747747747747748,0.9398230088495575,0.11319853727165002,0.0033196842736916057,0.07059446166422167,0.0021472608482427
"g37179020305",11,0.9510723860589813,0.9282192861368567,0.030106966757378735,0.010370933519728136,0.01924365350058544,0.006792057600113312
"g37179020309",11,0.9776536312849162,0.9282192861368567,0.04769265509040454,0.010370933519728136,0.029655181107016627,0.006792057600113312
"g37025041501",11,0.9070967741935484,0.9282192861368567,0.040102486796686376,0.010370933519728136,0.026875204630983963,0.006792057600113312
"g37119005611",11,0.9837940896091516,0.9282192861368567,0.029476549887035214,0.010370933519728136,0.018214050582867944,0.006792057600113312
"g37025041502",11,0.9460974557999138,0.9282192861368567,0.03870319541540653,0.010370933519728136,0.0248682397609196,0.006792057600113312
"g37179020203",11,0.9671755725190839,0.9282192861368567,0.050746298545748726,0.010370933519728136,0.03189577423391101,0.006792057600113312
"g37119005715",11,0.9582898852971846,0.9282192861368567,0.042201796175264775,0.010370933519728136,0.026771217910361744,0.006792057600113312
"g37025042602",11,0.9334677419354839,0.9282192861368567,0.0520995109004137,0.010370933519728136,0.033928794509975505,0.006792057600113312
"g37119005621",11,0.8898305084745762,0.9282192861368567,0.04835003862068451,0.010370933519728136,0.033031145214883616,0.006792057600113312
"g37179020202",11,0.9253030895580758,0.9282192861368567,0.09748920358125708,0.010370933519728136,0.06404815266870184,0.006792057600113312
"g37119005614",11,0.8911642017444065,0.9282192861368567,0.04992152523530852,0.010370933519728136,0.034053692568197264,0.006792057600113312
"g37025042503",11,0.9363191042687193,0.9282192861368567,0.053315858678411196,0.010370933519728136,0.034615182144310835,0.006792057600113312
"g37025042501",11,0.9177631578947368,0.9282192861368567,0.04779192768264496,0.010370933519728136,0.031656144971781694,0.006792057600113312
"g37025041503",11,0.9074235807860263,0.9282192861368567,0.0841146235967019,0.010370933519728136,0.0563502104947905,0.006792057600113312
"g37119005709",11,0.9155023286759814,0.9282192861368567,0.032990735783477394,0.010370933519728136,0.02190617970354427,0.006792057600113312
"g37025042504",11,0.972875226039783,0.9282192861368567,0.03368304365276856,0.010370933519728136,0.02104690697278111,0.006792057600113312
"g37025042604",11,0.9772727272727273,0.9282192861368567,0.02065910337850262,0.010370933519728136,0.012850788840801798,0.006792057600113312
"g37119005615",11,0.8896247240618101,0.9282192861368567,0.16145236802002788,0.010370933519728136,0.11032442503876343,0.006792057600113312
"g37119005711",11,0.9930394431554525,0.9282192861368567,0.014481730302054319,0.010370933519728136,0.008865190126104894,0.006792057600113312
"g37025042603",11,0.8318213538032101,0.9282192861368567,0.08491534865484254,0.010370933519728136,0.062056921840838296,0.006792057600113312
"g37119005619",11,0.8511256354393609,0.9282192861368567,0.08776274336119529,0.010370933519728136,0.06268312167825031,0.006792057600113312
"g37179020311",11,0.9486317810849736,0.9282192861368567,0.03854105938185077,0.010370933519728136,0.024697902702458422,0.006792057600113312
"g37119005618",11,0.9130824372759857,0.9282192861368567,0.04084683015492589,0.010370933519728136,0.02719458701265457,0.006792057600113312
"g37119005706",11,0.9783113865220759,0.9282192861368567,0.016345186467280375,0.010370933519728136,0.010156565387692721,0.006792057600113312
"g37119001504",12,0.9399306892568348,0.8848980955562981,0.04619859650655197,0.03618981375792391,0.02987906822967703,0.024861491841161744
"g37119001507",12,0.7862275449101797,0.8848980955562981,0.09650349632843988,0.03618981375792391,0.07461547205915806,0.024861491841161744
"g37119001608",12,0.8976148923792903,0.8848980955562981,0.04760099127134511,0.03618981375792391,0.032237402760359954,0.024861491841161744
"g37119005511",13,0.9212264150943397,0.9249730603448276,0.04322362339248127,0.02710828670619684,0.028522585187175303,0.017815871998435345
"g37119005522",13,0.9232827832292596,0.9249730603448276,0.05818737732241373,0.02710828670619684,0.03831141064471509,0.017815871998435345
"g37119005514",13,0.9288047028086218,0.9249730603448276,0.040108908290895175,0.02710828670619684,0.026251282962632582,0.017815871998435345
"g37119002600",14,0.8702830188679245,0.8815489749430524,0.08688447496757913,0.038803469163797,0.06068980879276704,0.02675828084934675
"g37119002701",14,0.8113553113553114,0.8815489749430524,0.07208256051258981,0.038803469163797,0.05400739368889106,0.02675828084934675
"g37119002400",14,0.9338471419396275,0.8815489749430524,0.05523335593831733,0.038803469163797,0.03595503660208296,0.02675828084934675
"g37119005839",15,1.0,0.9616959064327485,0.04313220661581528,0.03330420980347356,0.026220186392592874,0.02105210192728263
"g37119005831",15,0.9439692044482464,0.9616959064327485,0.04891032502849801,0.03330420980347356,0.03149755335444925,0.02105210192728263
"g37119005714",16,0.9527430744160782,0.9680099437393693,0.04226720320792868,0.010159794359067172,0.026968811576421656,0.006380272045315223
"g37179020310",16,0.9833906071019473,0.9680099437393693,0.030105166244737153,0.010159794359067172,0.018610115637230792,0.006380272045315223
"g37119005823",16,0.9898144779919971,0.9680099437393693,0.018509367731381746,0.010159794359067172,0.011367681042877902,0.006380272045315223
"g37119005712",16,0.9844594594594595,0.9680099437393693,0.015397681944035787,0.010159794359067172,0.009508053262281853,0.006380272045315223
"g37179020314",16,0.98227969348659,0.9680099437393693,0.012117732329535074,0.010159794359067172,0.007499292391751739,0.006380272045315223
"g37179020315",16,0.9653035935563816,0.9680099437393693,0.03166442155245662,0.010159794359067172,0.019940761238461356,0.006380272045315223
"g37179020316",16,0.9403578528827038,0.9680099437393693,0.05197530551958261,0.010159794359067172,0.033599900623132506,0.006380272045315223
"g37119005835",16,0.9491173416407062,0.9680099437393693,0.04274698992510353,0.010159794359067172,0.027379135300176712,0.006380272045315223
"g37119005713",16,0.9305555555555556,0.9680099437393693,0.03765430122317836,0.010159794359067172,0.024598373071440745,0.006380272045315223
"g37097061601",17,0.8004354136429608,0.8506810588537651,0.08038455378167461,0.0302846366053026,0.06104926057486083,0.021641616733162363
"g37097061403",17,0.8896508728179551,0.8506810588537651,0.07181145793661832,0.0302846366053026,0.049069115827553196,0.021641616733162363
"g37097061602",17,0.8414752507279197,0.8506810588537651,0.04547742738417746,0.0302846366053026,0.032854029264987525,0.021641616733162363
"g37097061203",17,0.8712697483908719,0.8506810588537651,0.06084733734210878,0.0302846366053026,0.04245443261431405,0.021641616733162363
"g37071031201",18,0.9095640858815875,0.9107142857142857,0.051643633134447864,0.018755854361264264,0.03451577117447259,0.012519552347944439
"g37071031202",18,0.9373433583959899,0.9107142857142857,0.058365224036902245,0.018755854361264264,0.037852062465620985,0.012519552347944439
"g37071031101",18,0.845478489903424,0.9107142857142857,0.07635150611717961,0.018755854361264264,0.054897067148612706,0.012519552347944439
"g37071031004",18,0.9886363636363636,0.9107142857142857,0.021201565405152424,0.018755854361264264,0.013036633166707985,0.012519552347944439
"g37071031102",18,0.9263862332695985,0.9107142857142857,0.07473214094048213,0.018755854361264264,0.04903988345315372,0.012519552347944439
"g37071031001",18,0.9491525423728814,0.9107142857142857,0.055936071443404865,0.018755854361264264,0.035825317142432554,0.012519552347944439
"g37071031302",18,0.928395061728395,0.9107142857142857,0.031929081943780184,0.018755854361264264,0.02090680687323122,0.012519552347944439
"g37071032302",18,0.8138736263736264,0.9107142857142857,0.05631319225686084,0.018755854361264264,0.04206174338603844,0.012519552347944439
"g37119006209",19,0.9674280879864636,0.91874637260592,0.03343800331622819,0.024411257831877208,0.0210114363435364,0.0161520859912883
"g37119006303",19,0.9257901969766377,0.91874637260592,0.04554189822334713,0.024411257831877208,0.02990423165322376,0.0161520859912883
"g37119006407",19,0.9448946515397083,0.91874637260592,0.047709248089542515,0.024411257831877208,0.030693985173896397,0.0161520859912883
"g37119006212",19,0.8590704647676162,0.91874637260592,0.07732564047199467,0.024411257831877208,0.054717826185246364,0.0161520859912883
"g37119006405",19,0.8633333333333333,0.91874637260592,0.08047235952122679,0.024411257831877208,0.05666336002715152,0.0161520859912883
"g37179021006",20,0.9642644431209053,0.96845694799659,0.041691740737941005,0.01873004738233168,0.02628378908478645,0.01175689540406003
"g37119005846",20,0.97890625,0.96845694799659,0.027699491827128008,0.01873004738233168,0.017201439724587483,0.01175689540406003
"g37179021007",20,0.964800923254472,0.96845694799659,0.0236511635269876,0.01873004738233168,0.014902148889730193,0.01175689540406003
"g37119005510",21,0.8739283913262733,0.9227450980392157,0.05987722956697541,0.02301395937387671,0.041650473898000806,0.01516155316265354
"g37119005512",21,0.9271421241662391,0.9227450980392157,0.042938313442697836,0.02301395937387671,0.02815352417054854,0.01516155316265354
"g37119005404",21,0.9577464788732394,0.9227450980392157,0.031237037331103848,0.02301395937387671,0.019826833993459442,0.01516155316265354
"g37119005403",21,0.9324894514767933,0.9227450980392157,0.04682775743029654,0.02301395937387671,0.030527660980016996,0.01516155316265354
"g37179020317",22,0.9342904472667035,0.94223753546818,0.06341664231488947,0.011082577718993583,0.041262490113412244,0.0071501389605653455
"g37179020308",22,0.9454148471615721,0.94223753546818,0.05254006722955035,0.011082577718993583,0.033783318181814945,0.0071501389605653455
"g45057011202",22,0.9768856447688564,0.94223753546818,0.023094939654589343,0.011082577718993583,0.014371668852799297,0.0071501389605653455
"g37179021005",22,0.9149295774647888,0.94223753546818,0.04566845576756064,0.011082577718993583,0.030343296220604356,0.0071501389605653455
"g37179020902",22,0.8657917019475021,0.94223753546818,0.05951436773224629,0.011082577718993583,0.04178712601231136,0.0071501389605653455
"g37179021014",22,0.9368318756073858,0.94223753546818,0.0435829651935553,0.011082577718993583,0.028280638666251565,0.0071501389605653455
"g37179021004",22,0.9160935350756534,0.94223753546818,0.03831152114910889,0.011082577718993583,0.025422817232492824,0.0071501389605653455
"g37179021015",22,0.9710815500289185,0.94223753546818,0.07213943110203,0.011082577718993583,0.04515970621368192,0.0071501389605653455
"g37179021013",22,0.901921802518224,0.94223753546818,0.035490736483769734,0.011082577718993583,0.02392104918116642,0.0071501389605653455
"g37179020502",22,0.8778726198292843,0.94223753546818,0.050406926358076434,0.011082577718993583,0.03490541535550052,0.0071501389605653455
"g37179020307",22,0.9960212201591512,0.94223753546818,0.004924645166049973,0.011082577718993583,0.0030056641440200744,0.0071501389605653455
"g37179020403",22,1.0,0.94223753546818,0.06584860117167633,0.011082577718993583,0.040029544785213575,0.0071501389605653455
"g45091061104",22,0.9558514365802383,0.94223753546818,0.03991185876295689,0.011082577718993583,0.02538315808802087,0.0071501389605653455
"g45091061707",23,0.8913346336026748,0.9286003691531985,0.035469048353542594,0.010349979480827857,0.024190389006607187,0.006775552808735775
"g37071033307",23,0.9907773386034255,0.9286003691531985,0.16784312267952192,0.010349979480827857,0.10298206211097229,0.006775552808735775
"g37071033202",23,0.9608938547486033,0.9286003691531985,0.03736078899308155,0.010349979480827857,0.023636040255042054,0.006775552808735775
"g45091061706",23,0.8857466063348416,0.9286003691531985,0.052263310216316194,0.010349979480827857,0.03586918541128426,0.006775552808735775
"g45091061502",23,0.909328968903437,0.9286003691531985,0.023166483985148683,0.010349979480827857,0.01548721031610269,0.006775552808735775
"g45091061705",23,0.9132281553398058,0.9286003691531985,0.036535662710904936,0.010349979480827857,0.02432046053078243,0.006775552808735775
"g37071033306",23,0.9177852348993288,0.9286003691531985,0.06857486556103513,0.010349979480827857,0.04542113642735111,0.006775552808735775
"g37071033305",23,0.9878934624697336,0.9286003691531985,0.012578398147966394,0.010349979480827857,0.007740149048081114,0.006775552808735775
"g45023020700",23,0.9744483159117305,0.9286003691531985,0.01878287181421526,0.010349979480827857,0.011717562615821657,0.006775552808735775
"g45091061403",23,0.9715340010542962,0.9286003691531985,0.02682630658010758,0.010349979480827857,0.016785604144974438,0.006775552808735775
"g37071033304",23,0.8894117647058823,0.9286003691531985,0.03517348946888959,0.010349979480827857,0.024040676451453136,0.006775552808735775
"g45091061302",23,0.9569835369091875,0.9286003691531985,0.0326820935483698,0.010349979480827857,0.020760580831018675,0.006775552808735775
"g45091061301",23,0.9382198952879581,0.9286003691531985,0.038678055203869896,0.010349979480827857,0.025060751410996358,0.006775552808735775
"g37109070300",24,0.8670588235294118,0.8694747789911597,0.058241623153417424,0.03237222497326,0.04083372555328206,0.022633392702105473
"g37109070201",24,0.9249394673123487,0.8694747789911597,0.04145735353819447,0.03237222497326,0.027247230241210577,0.022633392702105473
"g37109070100",24,0.8332643773272652,0.8694747789911597,0.05908938767204453,0.03237222497326,0.04310828758065325,0.022633392702105473
"g45057010600",25,0.9006129597197898,0.8627613674078991,0.0607960311116281,0.03058857156128284,0.04103657761663667,0.021552745673944825
"g45057011002",25,0.8596491228070176,0.8627613674078991,0.041980356539814405,0.03058857156128284,0.029686499879280702,0.021552745673944825
"g45057010700",25,0.8194519075765717,0.8627613674078991,0.05296296797668831,0.03058857156128284,0.039290082576956285,0.021552745673944825
"g37071031401",26,0.9077887197851388,0.8584041857423153,0.0691064896516824,0.029728480089827168,0.04627731452127913,0.021053047819294596
"g37071031800",26,0.8902116402116402,0.8584041857423153,0.049565947004524276,0.029728480089827168,0.033847316091736725,0.021053047819294596
"g37071031900",26,0.7350890782339272,0.8584041857423153,0.0767199834580525,0.029728480089827168,0.06344576351004307,0.021053047819294596
"g37071032100",26,0.869812855980472,0.8584041857423153,0.07067566215559973,0.029728480089827168,0.049394450848437764,0.021053047819294596
"g37071032000",26,0.9017580144777663,0.8584041857423153,0.06676754609464942,0.029728480089827168,0.04501005066334318,0.021053047819294596
"g37071033303",27,0.9587194608256108,0.947337879007689,0.021219309804060657,0.007993039382066311,0.013454693477823302,0.005129099778956426
"g37071032507",27,0.9356814701378254,0.947337879007689,0.061337071123536695,0.007993039382066311,0.03985007133024188,0.005129099778956426
"g45091061708",27,0.9254414650098103,0.947337879007689,0.04431748399441722,0.007993039382066311,0.029111208836054833,0.005129099778956426
"g37071032508",27,0.9332706766917294,0.947337879007689,0.019267553225039202,0.007993039382066311,0.01255026929016288,0.005129099778956426
"g45091060904",27,0.9569983136593592,0.947337879007689,0.024825390677100382,0.007993039382066311,0.015769539704104576,0.005129099778956426
"g37071032402",27,0.9411764705882353,0.947337879007689,0.04219485671616127,0.007993039382066311,0.02725351687594003,0.005129099778956426
"g45091061006",27,1.0,0.947337879007689,0.10011009984540727,0.007993039382066311,0.06085720355343907,0.005129099778956426
"g37119005918",27,1.0,0.947337879007689,0.08326001348442283,0.007993039382066311,0.050613989960135455,0.005129099778956426
"g45091060906",27,0.9555295494441194,0.947337879007689,0.02681571562803943,0.007993039382066311,0.017060013367278373,0.005129099778956426
"g37119005911",27,0.8560864618885097,0.947337879007689,0.11009259503108597,0.007993039382066311,0.0781762037644121,0.005129099778956426
"g37119005908",27,1.0,0.947337879007689,0.1873266873012397,0.007993039382066311,0.11387640565424904,0.005129099778956426
"g45091061404",27,0.9523809523809523,0.947337879007689,0.02734662960707572,0.007993039382066311,0.017455295493878118,0.005129099778956426
"g37071032502",27,0.9183206106870229,0.947337879007689,0.04632666562430687,0.007993039382066311,0.030666965801222378,0.005129099778956426
"g45091061003",27,0.9439977820903798,0.947337879007689,0.019084923276754696,0.007993039382066311,0.012290046955666697,0.005129099778956426
"g37119005907",27,0.9824561403508771,0.947337879007689,0.033092302277665776,0.007993039382066311,0.02047613145708803,0.005129099778956426
"g37119005909",27,0.9495036685369012,0.947337879007689,0.04307541783212061,0.007993039382066311,0.027578265575303525,0.005129099778956426
"g37119001923",28,0.837393021724819,0.8555334658714381,0.07850172695634322,0.039762356894648944,0.05698807289417395,0.028253302170992187
"g37119001912",28,0.8431983385254413,0.8555334658714381,0.06812092501545551,0.039762356894648944,0.049111691489274606,0.028253302170992187
"g37119001916",28,0.8943488943488943,0.8555334658714381,0.04140926801290213,0.039762356894648944,0.028146518055464725,0.028253302170992187
"g37119006406",29,0.9198606271777003,0.8801852209145282,0.03077690185128067,0.018493405395661883,0.020339345195075877,0.012772529534414137
"g37119006211",29,0.9876968503937008,0.8801852209145282,0.018501428112716038,0.018493405395661883,0.01138716677799101,0.012772529534414137
"g37119006203",29,0.7805860805860806,0.8801852209145282,0.06345799661495197,0.018493405395661883,0.04941964851149947,0.012772529534414137
"g37119006208",29,0.8409785932721713,0.8801852209145282,0.09152636871232138,0.018493405395661883,0.06615998357320606,0.012772529534414137
"g37119006204",29,0.8472686733556298,0.8801852209145282,0.03786488525634638,0.018493405395661883,0.027167494860776444,0.012772529534414137
"g37119006403",29,0.8565826330532212,0.8801852209145282,0.06646096400576262,0.018493405395661883,0.04716626308801322,0.012772529534414137
"g37119006210",29,0.9868680236375574,0.8801852209145282,0.012450422202271343,0.018493405395661883,0.007669359564178332,0.012772529534414137
"g37119005617",30,1.0,0.9427979513149566,0.04218795322254369,0.014569263197228304,0.025646172171759084,0.009394054092257626
"g37119001510",30,0.9373531714956931,0.9427979513149566,0.07281923686650961,0.014569263197228304,0.04722554383858977,0.009394054092257626
"g37119005616",30,0.9036918138041734,0.9427979513149566,0.07766622107058749,0.014569263197228304,0.05224514323179234,0.009394054092257626
"g37119001505",30,0.9793322734499205,0.9427979513149566,0.026529316431163862,0.014569263197228304,0.016467591713577222,0.009394054092257626
"g37119001922",30,0.9276236429433052,0.9427979513149566,0.04717949166786131,0.014569263197228304,0.030918295653105738,0.009394054092257626
"g37119001911",30,0.968031968031968,0.9427979513149566,0.043591233549922025,0.014569263197228304,0.02737433369623806,0.009394054092257626
"g37119001509",30,0.9616306954436451,0.9427979513149566,0.042466278625057134,0.014569263197228304,0.02684540652418926,0.009394054092257626
"g37119005716",30,0.8911525029103609,0.9427979513149566,0.0683662839120003,0.014569263197228304,0.046636294993961276,0.009394054092257626
"g37119001917",30,0.9254874651810585,0.9427979513149566,0.062921894959113,0.014569263197228304,0.04132999474490557,0.009394054092257626
"g37119005710",30,0.8808234019501625,0.9427979513149566,0.041284643869747784,0.014569263197228304,0.02849271248875769,0.009394054092257626
"g37119001921",30,0.988399071925754,0.9427979513149566,0.01868699578812575,0.014569263197228304,0.011493207735322856,0.009394054092257626
"g37119005620",30,0.9730841121495327,0.9427979513149566,0.028937838903601874,0.014569263197228304,0.018077976211020256,0.009394054092257626
"g45091060402",31,0.9040247678018576,0.8643286573146293,0.07310542103668283,0.03270164493151186,0.04915903525596151,0.02299983836358788
"g45091060401",31,0.8342046303211351,0.8643286573146293,0.07165442892736582,0.03270164493151186,0.05221611314160696,0.02299983836358788
"g45091060300",31,0.8244147157190636,0.8643286573146293,0.06132644499545077,0.03270164493151186,0.04522058251050212,0.02299983836358788
"g45091060502",31,0.935590421139554,0.8643286573146293,0.03996281095094803,0.03270164493151186,0.025965958552943643,0.02299983836358788
"g45091061201",32,0.9246153846153846,0.9320511020637372,0.024918921590920382,0.018857897353218883,0.01638333176630464,0.012299505212312992
"g45091061101",32,0.8914127423822714,0.9320511020637372,0.0542462461834291,0.018857897353218883,0.0369934597981678,0.012299505212312992
"g45091061103",32,0.9792069632495164,0.9320511020637372,0.023301122185204734,0.018857897353218883,0.014465599663478072,0.012299505212312992
"g37119002800",33,0.913013698630137,0.8721852884409179,0.02146200472550742,0.02254828641029917,0.014289830922430075,0.015715886489630754
"g37119003400",33,0.912847790507365,0.8721852884409179,0.05303434936794652,0.02254828641029917,0.03531774562506524,0.015715886489630754
"g37119002903",33,0.8306496390893948,0.8721852884409179,0.05278064077771982,0.02254828641029917,0.03862699073544585,0.015715886489630754
"g37119002905",33,0.8049965301873698,0.8721852884409179,0.07319362160877532,0.02254828641029917,0.055273036756233754,0.015715886489630754
"g37119002702",33,0.8779816513761468,0.8721852884409179,0.03746629829907887,0.02254828641029917,0.025941163111671776,0.015715886489630754
"g37119005848",34,1.0,1.0,0.0314458544518056,0.0314458544518056,0.01911602094334687,0.01911602094334687
"g37025041303",35,0.9203084832904884,0.896308509663827,0.04678306514932979,0.011474717686780647,0.030902196164251394,0.007782490288098949
"g37097061205",35,0.8536036036036037,0.896308509663827,0.0714583374761905,0.011474717686780647,0.05088980253495213,0.007782490288098949
"g37097061204",35,0.7974397590361446,0.896308509663827,0.07347185165864771,0.011474717686780647,0.05600891992657187,0.007782490288098949
"g37109071101",35,0.8441831163376733,0.896308509663827,0.07534928668257745,0.011474717686780647,0.05425959914446519,0.007782490288098949
"g37097061405",35,0.8489954633830201,0.896308509663827,0.053905879042393974,0.011474717686780647,0.0385980052262994,0.007782490288098949
"g37097061401",35,0.828823159219635,0.896308509663827,0.045422828337229715,0.011474717686780647,0.033315504394420416,0.007782490288098949
"g37097061407",35,0.9106412005457026,0.896308509663827,0.03555492766650736,0.011474717686780647,0.023734856031374058,0.007782490288098949
"g37119006404",35,0.9655950366610265,0.896308509663827,0.009672783042318974,0.011474717686780647,0.006089624582433152,0.007782490288098949
"g37025041302",35,0.9871019750100766,0.896308509663827,0.03149594213511831,0.011474717686780647,0.019396647831502103,0.007782490288098949
"g37109071203",35,0.8569051580698835,0.896308509663827,0.04643690499004976,0.011474717686780647,0.03294311080829806,0.007782490288098949
"g37097061404",35,0.8913043478260869,0.896308509663827,0.25875676291957617,0.011474717686780647,0.17648174207577294,0.007782490288098949
"g37119006304",35,0.9212328767123288,0.896308509663827,0.054108460772382405,0.011474717686780647,0.03570506671232113,0.007782490288098949
"g37097061503",35,0.9755775577557756,0.896308509663827,0.03412910776148679,0.011474717686780647,0.021266559286414518,0.007782490288098949
"g37097061408",35,0.8927973199329984,0.896308509663827,0.05870601921694304,0.011474717686780647,0.03997273387719338,0.007782490288098949
"g37025042601",35,0.9858618814573138,0.896308509663827,0.021651608233859476,0.011474717686780647,0.01335082745590109,0.007782490288098949
"g37097061406",35,0.8129198966408269,0.896308509663827,0.05252728506875612,0.011474717686780647,0.03927998369446534,0.007782490288098949
"g37109071202",35,0.9042039972432805,0.896308509663827,0.02454012920053416,0.011474717686780647,0.01649850223792306,0.007782490288098949
"g37025041301",35,0.9389204545454546,0.896308509663827,0.0008136450440106727,0.011474717686780647,0.0005267933461629139,0.007782490288098949
"g37097061402",35,0.857489093553078,0.896308509663827,0.06261891809508506,0.011474717686780647,0.04439264813296214,0.007782490288098949
"g37119001508",36,0.8898137138327388,0.8873130479628675,0.06095441485219194,0.04551237953361366,0.04164282361264283,0.031180765440058822
"g37119001609",36,0.8826568265682657,0.8873130479628675,0.06384177165020231,0.04551237953361366,0.04396905621881659,0.031180765440058822
"g37119005812",37,0.945687952600395,0.9382847038019452,0.03541365712832734,0.032826765483457095,0.022764442526077816,0.02126804418338703
"g37119005717",37,0.9296904852884983,0.9382847038019452,0.05771032422518586,0.032826765483457095,0.03773542326378841,0.02126804418338703
"g37119002906",38,0.8996082272282077,0.9014476614699332,0.06566050762507875,0.02215799855490543,0.04436953886768959,0.01494252912492801
"g37119003204",38,0.8740112994350282,0.9014476614699332,0.054737473492594294,0.02215799855490543,0.03807165867927213,0.01494252912492801
"g37119003011",38,0.9310226492793411,0.9014476614699332,0.03920569240158551,0.02215799855490543,0.025598998777297682,0.01494252912492801
"g37119003802",38,0.8903061224489796,0.9014476614699332,0.051117655376159754,0.02215799855490543,0.03490323356782231,0.01494252912492801
"g37119003103",38,0.8948428686543111,0.9014476614699332,0.04058502241466788,0.02215799855490543,0.02757103734406054,0.01494252912492801
"g37071032506",39,0.8225165562913908,0.8781627092253795,0.07685188504736676,0.038553878551664304,0.05679942950213832,0.02668868535623359
"g37071032505",39,0.8772053634438955,0.8781627092253795,0.08202320348205278,0.038553878551664304,0.05684202565812626,0.02668868535623359
"g37071032704",39,0.9167797376752601,0.8781627092253795,0.04987897673539679,0.038553878551664304,0.033073992757938736,0.02668868535623359
"g37159051301",40,0.887709991158267,0.8604916502437506,0.08129468889216407,0.02084751387622028,0.055670505296163415,0.014727929912437364
"g37159052000",40,0.8905852417302799,0.8604916502437506,0.06139502163354517,0.02084751387622028,0.041907500654769,0.014727929912437364
"g37159050202",40,0.8242089402310396,0.8604916502437506,0.050547653295922326,0.02084751387622028,0.03728187746450894,0.014727929912437364
"g37159050500",40,0.8709677419354839,0.8604916502437506,0.0553329746528681,0.02084751387622028,0.03862033579283825,0.014727929912437364
"g37159050700",40,0.8193308550185874,0.8604916502437506,0.12388833955393701,0.02084751387622028,0.0919189849348492,0.014727929912437364
"g37159051303",40,0.8781204111600588,0.8604916502437506,0.042663336712888515,0.02084751387622028,0.02953485509090797,0.014727929912437364
"g37119003806",41,0.9108828428650749,0.9223338485316847,0.038865794357818104,0.031004341567289335,0.025938157574255164,0.020434709279148783
"g37119003807",41,0.9485387547649301,0.9223338485316847,0.04946200624568821,0.031004341567289335,0.03169937838818773,0.020434709279148783
"g37119001910",42,0.8861024033437827,0.9039073806078147,0.050096166299388234,0.035553109105882934,0.034368032881598426,0.023910450060357278
"g37119001920",42,0.9260220635950681,0.9039073806078147,0.04893047448723536,0.035553109105882934,0.03212123173142784,0.023910450060357278
"g37109071102",43,0.9059561128526645,0.9123803266378825,0.042573967892091724,0.01540061193355296,0.028567423055241868,0.010261152997719278
"g37071030102",43,0.9132075471698113,0.9123803266378825,0.0699783750575376,0.01540061193355296,0.04658310781543737,0.010261152997719278
"g37071030204",43,0.9068901303538175,0.9123803266378825,0.07296167280189056,0.01540061193355296,0.04890735823772521,0.010261152997719278
"g37071030203",43,0.8834123222748815,0.9123803266378825,0.049054459320085744,0.01540061193355296,0.033755856988070536,0.010261152997719278
"g37109070400",43,0.9240015509887554,0.9123803266378825,0.04255586203492065,0.01540061193355296,0.02799759904900348,0.010261152997719278
"g37071031003",43,0.9898853674983142,0.9123803266378825,0.0019690407125725136,0.01540061193355296,0.0012092160111745764,0.010261152997719278
"g37071033500",43,0.9593052109181142,0.9123803266378825,0.04922139516945297,0.01540061193355296,0.031191137534911238,0.010261152997719278
"g37071030601",43,0.8743083003952569,0.9123803266378825,0.07996163379591212,0.01540061193355296,0.05559697409093743,0.010261152997719278
"g37109070202",43,0.9574621485219899,0.9123803266378825,0.03278973625774567,0.01540061193355296,0.020818546613273724,0.010261152997719278
"g37109070902",43,0.9326012873911397,0.9123803266378825,0.050613637193432356,0.01540061193355296,0.032991771427548354,0.010261152997719278
"g37109071002",43,0.8769363166953529,0.9123803266378825,0.08055826501263155,0.01540061193355296,0.05584395211031607,0.010261152997719278
"g37109071201",43,0.8278965129358831,0.9123803266378825,0.07476949683270219,0.01540061193355296,0.05490128409894297,0.010261152997719278
"g37109071001",43,0.8487133984028394,0.9123803266378825,0.05176796834983925,0.01540061193355296,0.03707952488271343,0.010261152997719278
"g45091060901",44,0.8725402504472272,0.8789050877714966,0.061640483177316685,0.03344375749760851,0.042945203187666245,0.023131680488763306
"g45091060803",44,0.9014736842105263,0.8789050877714966,0.0518629539532077,0.03344375749760851,0.0349734353145402,0.023131680488763306
"g45091060804",44,0.8602558029369967,0.8789050877714966,0.06120376044287743,0.03344375749760851,0.04324984879253454,0.023131680488763306
"g37119003102",45,0.8101933216168717,0.8604926108374384,0.05649750330346669,0.032924983759421135,0.04239110085735719,0.023260150573771687
"g37119003108",45,0.9038828771483132,0.8604926108374384,0.05384967031861857,0.032924983759421135,0.03621637573121699,0.023260150573771687
"g37119003106",45,0.8982084690553745,0.8604926108374384,0.054370076201509535,0.032924983759421135,0.03679737966664759,0.023260150573771687
"g37119004305",46,0.8483312209547951,0.8786912355303568,0.057554636058977364,0.02768693485600164,0.04124287759345579,0.019154582130479665
"g37119006010",46,0.9083503054989817,0.8786912355303568,0.0437065353056106,0.02768693485600164,0.029250083600330944,0.019154582130479665
"g37119006009",46,0.8909090909090909,0.8786912355303568,0.06200169444075114,0.02768693485600164,0.04230622410819816,0.019154582130479665
"g37119004303",46,0.9147670961347869,0.8786912355303568,0.08795517442136713,0.02768693485600164,0.05845005943428785,0.019154582130479665
"g37119004304",46,0.8439189189189189,0.8786912355303568,0.07276334721342927,0.02768693485600164,0.05241384785682665,0.019154582130479665
"g37119005825",47,0.8638366039247096,0.8972784200385356,0.11226336002258083,0.022261206165958634,0.07900244485019703,0.015081882972981372
"g37119005826",47,0.9581554227156277,0.8972784200385356,0.04266605420365193,0.022261206165958634,0.02706952384879173,0.015081882972981372
"g37119005837",47,0.919205298013245,0.8972784200385356,0.04967401894168362,0.022261206165958634,0.03285117271004716,0.015081882972981372
"g37119005830",47,0.8638613861386139,0.8972784200385356,0.072621201580799,0.022261206165958634,0.05110383194475366,0.015081882972981372
"g37119005913",48,0.9626644039032669,0.9321615787850756,0.029288835986506286,0.016453854282490604,0.018495296435020264,0.010730267430573714
"g37119005912",48,0.9304683727667793,0.9321615787850756,0.027770420351433924,0.016453854282490604,0.018143243761368888,0.010730267430573714
"g37119005917",48,0.9379941739492301,0.9321615787850756,0.02806392036062813,0.016453854282490604,0.01818788904199745,0.010730267430573714
"g37119005914",48,0.9146537842190016,0.9321615787850756,0.050674355485110525,0.016453854282490604,0.033679496935071745,0.010730267430573714
"g37119005906",48,0.9150292087095061,0.9321615787850756,0.04063604504106797,0.016453854282490604,0.026996693338060245,0.010730267430573714
"g37119005910",48,0.9284103720405863,0.9321615787850756,0.06221964756189486,0.016453854282490604,0.040740059673681904,0.010730267430573714
"g37159050903",49,0.8727409638554217,0.8488704020879211,0.04430092618362128,0.01935090233674994,0.030857557202309434,0.013857788464735508
"g37159050201",49,0.8649535265172226,0.8488704020879211,0.06065388836507704,0.01935090233674994,0.04262849220129416,0.013857788464735508
"g37159051001",49,0.8941522378307742,0.8488704020879211,0.03889069299590794,0.01935090233674994,0.026440417705022624,0.013857788464735508
"g37159050800",49,0.7223776223776224,0.8488704020879211,0.06355518766807271,0.01935090233674994,0.05348362303283085,0.013857788464735508
"g37159050901",49,0.7950219619326501,0.8488704020879211,0.03733840145624561,0.01935090233674994,0.02855030109054812,0.013857788464735508
"g37159050904",49,0.8972491909385113,0.8488704020879211,0.024952589689664195,0.01935090233674994,0.01690583584237556,0.013857788464735508
"g45091061801",50,0.7918088737201365,0.8789274383379388,0.07278393810506036,0.01994177270792786,0.05587908464726623,0.013792558580302415
"g45091061601",50,0.8574677786201668,0.8789274383379388,0.06961587363459427,0.01994177270792786,0.04935425105900841,0.013792558580302415
"g45091061802",50,0.9316025961058413,0.8789274383379388,0.042604606517499734,0.01994177270792786,0.027800971098411818,0.013792558580302415
"g45091061501",50,0.8877999324095979,0.8789274383379388,0.04734662962058755,0.01994177270792786,0.03241963038664848,0.013792558580302415
"g45091061602",50,0.8783433994823123,0.8789274383379388,0.11822263606847554,0.01994177270792786,0.081822057197415,0.013792558580302415
"g37159051700",51,0.9198982835346472,0.8984454052065127,0.03009405377301181,0.021173116205274293,0.019887261385550893,0.014326073890495776
"g37159051600",51,0.8853503184713376,0.8984454052065127,0.03626817518716578,0.021173116205274293,0.024902597819356793,0.014326073890495776
"g37159051502",51,0.9379157427937915,0.8984454052065127,0.042124337242683496,0.021173116205274293,0.027302558934877173,0.014326073890495776
"g37159051400",51,0.8737623762376238,0.8984454052065127,0.05159113481682885,0.021173116205274293,0.03589350244280265,0.014326073890495776
"g37025040703",52,0.9369951534733441,0.8799799297541395,0.060909799224264885,0.02486296440158219,0.039516995828340805,0.01717569181166776
"g37025042402",52,0.7873227689741451,0.8799799297541395,0.06361766446482145,0.02486296440158219,0.04912007347207827,0.01717569181166776
"g37025041200",52,0.8897174254317112,0.8799799297541395,0.04147671162474018,0.02486296440158219,0.02833911727262654,0.01717569181166776
"g37025041100",52,0.9183818310858765,0.8799799297541395,0.047309205143945224,0.02486296440158219,0.03131529201778554,0.01717569181166776
"g37025040900",52,0.8992731048805815,0.8799799297541395,0.06246407650596827,0.02486296440158219,0.04222530705774195,0.01717569181166776
"g37119005612",53,0.9629629629629629,0.9125722543352601,0.04629063529454126,0.038113017591565344,0.029222519358256118,0.02538868297209396
"g37119005613",53,0.8493150684931506,0.9125722543352601,0.13159362601705057,0.038113017591565344,0.0941889861677095,0.02538868297209396
"g37119005605",53,0.896969696969697,0.9125722543352601,0.05669557346567757,0.038113017591565344,0.03842425705182288,0.02538868297209396
"g37179020601",54,0.8523836875358989,0.8651638777485825,0.054287344731791594,0.029489404179182416,0.03871663178382961,0.020720570901871523
"g37179020501",54,0.922790202342918,0.8651638777485825,0.03845920681066994,0.029489404179182416,0.025335614713294107,0.020720570901871523
"g37179020602",54,0.8400590551181102,0.8651638777485825,0.07722930395758248,0.029489404179182416,0.05588643423977707,0.020720570901871523
"g37179020702",54,0.8430379746835444,0.8651638777485825,0.048930314749217205,0.029489404179182416,0.03528295649924842,0.020720570901871523
"g37071032703",55,0.8325991189427313,0.8867501546072974,0.11514990041620554,0.01932401258809939,0.08407400136530019,0.013247384343054797
"g37071032900",55,0.9252948885976409,0.8867501546072974,0.046267901131010175,0.01932401258809939,0.03039721067615038,0.013247384343054797
"g37071032200",55,0.9202324352879028,0.8867501546072974,0.03908845075161008,0.01932401258809939,0.025821711156445225,0.013247384343054797
"g37071032800",55,0.8551873198847262,0.8867501546072974,0.05321720371080196,0.01932401258809939,0.03782900302957476,0.013247384343054797
"g37071032600",55,0.9043423536815607,0.8867501546072974,0.05012890198667095,0.01932401258809939,0.03369685885480776,0.013247384343054797
"g37071032401",55,0.8846681922196796,0.8867501546072974,0.036915722896975874,0.01932401258809939,0.025366763642791033,0.013247384343054797
"g37071032301",55,0.8411297440423654,0.8867501546072974,0.055851822195700715,0.01932401258809939,0.040365325016013365,0.013247384343054797
"g37071032702",55,0.9330453563714903,0.8867501546072974,0.045182061203866225,0.01932401258809939,0.029437259846603146,0.013247384343054797
"g37119001915",56,0.8731054977711739,0.8859558316080055,0.05542696395107823,0.03741675229255281,0.03859121617695354,0.02567367950298016
"g37119002003",56,0.9037433155080213,0.8859558316080055,0.04545333624633175,0.03741675229255281,0.030574176284829547,0.02567367950298016
"g37119005516",57,0.9438943894389439,0.9438943894389439,0.05232432870302798,0.05232432870302798,0.033698793965646005,0.033698793965646005
"g45057010500",58,0.8720300125052105,0.8633715467017478,0.05148271680408349,0.03165954833893453,0.0358892285019778,0.02229159174335636
"g45057010900",58,0.9081445192896509,0.8633715467017478,0.055813026801165906,0.03165954833893453,0.037360674377003786,0.02229159174335636
"g45057010800",58,0.7905352986811481,0.8633715467017478,0.05333270362931119,0.03165954833893453,0.04101157340510968,0.02229159174335636
"g37119001914",59,0.8354755784061697,0.8460093896713615,0.07214364591721892,0.04884865882573648,0.052492641125645376,0.03510035904004625
"g37119001802",59,0.8560097620500305,0.8460093896713615,0.06646112448162085,0.04884865882573648,0.047197942327395076,0.03510035904004625
"g37159051102",60,0.9548736462093863,0.9279513888888888,0.03468294752843874,0.019781416668607107,0.022080260318838738,0.012958844019343356
"g37159051002",60,0.9233449477351916,0.9279513888888888,0.036708580511831436,0.019781416668607107,0.024167833014614035,0.012958844019343356
"g37159051201",60,0.9223090277777778,0.9279513888888888,0.04995858637381045,0.019781416668607107,0.032928183945720516,0.012958844019343356
"g37159051202",60,0.9608763693270735,0.9279513888888888,0.04544001107999478,0.019781416668607107,0.028747826381510116,0.012958844019343356
"g37159051101",60,0.9055869872701556,0.9279513888888888,0.04382192329546403,0.019781416668607107,0.029416795319925672,0.012958844019343356
"g37071030902",61,0.877703206562267,0.9050505050505051,0.08881849441696606,0.018408459214330316,0.061516245264815486,0.012364561592343554
"g37071030901",61,0.9736842105263158,0.9050505050505051,0.01797941772279222,0.018408459214330316,0.01122513552067862,0.012364561592343554
"g37071030802",61,0.9090909090909091,0.9050505050505051,0.03689517088447517,0.018408459214330316,0.02467154284068249,0.012364561592343554
"g37071030402",61,0.8921161825726142,0.9050505050505051,0.044298254025081425,0.018408459214330316,0.03018556363906022,0.012364561592343554
"g37071031301",61,0.9189003436426116,0.9050505050505051,0.1116451853907476,0.018408459214330316,0.07385938429662096,0.012364561592343554
"g37071030302",61,1.0,0.9050505050505051,0.0988363231684389,0.018408459214330316,0.060082871227014535,0.012364561592343554
"g37071031500",61,0.8184210526315789,0.9050505050505051,0.06062698028299629,0.018408459214330316,0.045032208109028804,0.012364561592343554
"g37071031402",61,0.8908212560386474,0.9050505050505051,0.07774206269537723,0.018408459214330316,0.05305173429620782,0.012364561592343554
"g37097061002",62,0.9448648648648649,0.8653427182838948,0.06504772394547095,0.021748167875550038,0.04185010026191332,0.015278074762371613
"g37097060902",62,0.8430197723187537,0.8653427182838948,0.07057169826320832,0.021748167875550038,0.05088935020999851,0.015278074762371613
"g37097060500",62,0.8274809160305343,0.8653427182838948,0.05817887456267926,0.021748167875550038,0.04274067995216963,0.015278074762371613
"g37097060400",62,0.8725078698845751,0.8653427182838948,0.05646557425211209,0.021748167875550038,0.039341280735377945,0.015278074762371613
"g37097060901",62,0.7818770226537217,0.8653427182838948,0.03715437582645009,0.021748167875550038,0.028887211221977793,0.015278074762371613
"g37097060801",62,0.8408656906429026,0.8653427182838948,0.06340771155448527,0.021748167875550038,0.04584052095198045,0.015278074762371613
"g37097061102",62,0.9481792717086834,0.8653427182838948,0.03873515244539076,0.021748167875550038,0.024834127718846334,0.015278074762371613
"g37119003017",63,1.0,0.9576565320005553,0.10062035510238597,0.01919168990469629,0.06116738911999147,0.012182531422572368
"g37119005834",63,0.9646194926568759,0.9576565320005553,0.03887249525609428,0.01919168990469629,0.02449742762218707,0.012182531422572368
"g37119005832",63,1.0,0.9576565320005553,0.03699150163148941,0.01919168990469629,0.022487235034340067,0.012182531422572368
"g37119005833",63,0.9635584137191854,0.9576565320005553,0.04005815825286375,0.01919168990469629,0.025272431475649657,0.012182531422572368
"g37119005815",63,0.8825031928480205,0.9576565320005553,0.06162855916547668,0.01919168990469629,0.04245216335654528,0.012182531422572368
"g45091061202",64,0.9413524835427888,0.8920261437908497,0.027836044480660963,0.017544796978481225,0.01797584633053,0.011956521848988318
"g45057010400",64,0.8773978315262719,0.8920261437908497,0.07561331774237615,0.017544796978481225,0.052388484503743914,0.011956521848988318
"g45057010100",64,0.9001931745009659,0.8920261437908497,0.04471695559232639,0.017544796978481225,0.030197473609665078,0.011956521848988318
"g45023020800",64,0.8562983174170077,0.8920261437908497,0.052771330246499173,0.017544796978481225,0.037463387891356094,0.011956521848988318
"g45057010300",64,0.8792096991468343,0.8920261437908497,0.05391868199334286,0.017544796978481225,0.0372804284500885,0.011956521848988318
"g45057010200",64,0.8462986198243413,0.8920261437908497,0.05429097626580945,0.017544796978481225,0.038997621188587406,0.011956521848988318
"g45057011100",64,0.9818488813845504,0.8920261437908497,0.023189699920608223,0.017544796978481225,0.014357690155666191,0.011956521848988318
"g45057011001",64,0.8463922089420097,0.8920261437908497,0.05650491790565279,0.017544796978481225,0.04058342433291884,0.011956521848988318
"g45091061203",64,0.9186991869918699,0.8920261437908497,0.05703221030305844,0.017544796978481225,0.03773818149542022,0.011956521848988318
"g37119005305",65,0.8878923766816144,0.9157741876928662,0.07813142417241234,0.04907196222790392,0.05349331488271146,0.03257460242781805
"g37119005524",65,0.9291275167785235,0.9157741876928662,0.06211880355946964,0.04907196222790392,0.04064263508693473,0.03257460242781805
"g37025041701",66,0.8847867600254615,0.9046851760039663,0.06064865530746757,0.012854678659320645,0.04166934354727933,0.008637694668870322
"g37025040500",66,0.8961520630505332,0.9046851760039663,0.05130487849742253,0.012854678659320645,0.03480254888897846,0.008637694668870322
"g37025040702",66,0.8508226691042048,0.9046851760039663,0.04564130043545604,0.012854678659320645,0.03261016942407872,0.008637694668870322
"g37179020204",66,0.9347202295552367,0.9046851760039663,0.061959812938548624,0.012854678659320645,0.04029605714021502,0.008637694668870322
"g37025042200",66,0.874694589877836,0.9046851760039663,0.05878415606241793,0.012854678659320645,0.04085431611398961,0.008637694668870322
"g37025041702",66,0.9078947368421053,0.9046851760039663,0.05878005359742969,0.012854678659320645,0.03935759722835695,0.008637694668870322
"g37025041601",66,0.9639193491333569,0.9046851760039663,0.011461695598743406,0.012854678659320645,0.007228401540982708,0.008637694668870322
"g37025042401",66,0.8937774984286612,0.9046851760039663,0.0726790464558398,0.012854678659320645,0.049432651007930574,0.008637694668870322
"g37179020800",66,0.863079615048119,0.9046851760039663,0.05110770623480988,0.012854678659320645,0.035997275207019806,0.008637694668870322
"g37179020100",66,0.9329758713136729,0.9046851760039663,0.023035099862797642,0.012854678659320645,0.015009070063975687,0.008637694668870322
"g37179020701",66,0.908816425120773,0.9046851760039663,0.04384082219677994,0.012854678659320645,0.02932490545511621,0.008637694668870322
"g37025041602",66,0.8992063492063492,0.9046851760039663,0.05123298025600346,0.012854678659320645,0.034635730581888124,0.008637694668870322
"g37179020901",66,0.8754394776494224,0.9046851760039663,0.04787026892677187,0.012854678659320645,0.033240981444912186,0.008637694668870322
"g37025042102",66,0.9551724137931035,0.9046851760039663,0.03932113883657368,0.012854678659320645,0.025025249388490153,0.008637694668870322
"g37025040600",66,0.9505969534787979,0.9046851760039663,0.08198026036474867,0.012854678659320645,0.05242603014396541,0.008637694668870322
"g37119005513",67,0.9467731204258151,0.9529034436191762,0.05380765453625615,0.014177549530774733,0.03454874212321372,0.0090445377241941
"g37119006302",67,0.9539748953974896,0.9529034436191762,0.03807344222977254,0.014177549530774733,0.02426159199305614,0.0090445377241941
"g37119005509",67,0.9400360685302074,0.9529034436191762,0.043986042828770756,0.014177549530774733,0.0284449040386065,0.0090445377241941
"g37119006213",67,0.9497888315344909,0.9529034436191762,0.042524876321737855,0.014177549530774733,0.027217616997736394,0.0090445377241941
"g37071030101",67,0.9347336834208552,0.9529034436191762,0.05874564715998163,0.014177549530774733,0.038205148957761746,0.0090445377241941
"g37119006107",67,0.9080522306855278,0.9529034436191762,0.07515571393980686,0.014177549530774733,0.05031358610578563,0.0090445377241941
"g37119005517",67,1.0,0.9529034436191762,0.05632213316233856,0.014177549530774733,0.03423837882209031,0.0090445377241941
"g37119005508",67,0.9580602883355177,0.9529034436191762,0.04332622415956735,0.014177549530774733,0.0274910989515548,0.0090445377241941
"g37119006215",67,0.970756880733945,0.9529034436191762,0.00721317553049779,0.014177549530774733,0.004517000316047715,0.0090445377241941
"g37119006214",67,0.9757085020242915,0.9529034436191762,0.029671059503415583,0.014177549530774733,0.01848617512478061,0.0090445377241941
"g45091060200",68,0.9160437032777459,0.8912006935413957,0.043353292894525206,0.03212375430772938,0.028770008736390146,0.021912144213668258
"g45091060102",68,0.9039172209903917,0.8912006935413957,0.054907329388188,0.03212375430772938,0.036926296968796325,0.021912144213668258
"g45091060501",68,0.8515111695137977,0.8912006935413957,0.07210950768345556,0.03212375430772938,0.05147973221050478,0.021912144213668258
"g37071033100",69,0.8429824561403508,0.8409359024773889,0.09090335485237097,0.04123940996635294,0.06555343789663308,0.02981148748396506
"g37071031704",69,0.8401888064733648,0.8409359024773889,0.06827014772918948,0.04123940996635294,0.04939557542550166,0.02981148748396506
"g37071033204",69,0.8310665712240516,0.8409359024773889,0.07577112559412605,0.04123940996635294,0.05542453050116323,0.02981148748396506
"g37071033203",69,0.8527204502814258,0.8409359024773889,0.10168661981447756,0.04123940996635294,0.07249219170820206,0.02981148748396506
"g37119004100",70,0.8707271597265382,0.8606155218554862,0.04527217867417757,0.03185788582137758,0.031607009099775325,0.022503075355058688
"g37119003700",70,0.8769113149847095,0.8606155218554862,0.060380611795516084,0.03185788582137758,0.04185775512094987,0.022503075355058688
"g37119003600",70,0.8366305041480536,0.8606155218554862,0.059779624333948206,0.03185788582137758,0.04343637601464199,0.022503075355058688
"g37119002100",71,0.8736692689850958,0.8672521957340025,0.06094729306772165,0.03650082936644451,0.04240738171324858,0.025585353523809768
"g37119002200",71,0.8637422360248447,0.8672521957340025,0.04555070663762931,0.03650082936644451,0.03205863742318448,0.025585353523809768
"g37119004302",72,0.7867100371747212,0.8058485779142742,0.06101454472035851,0.03315411161149034,0.04714686084061908,0.025010250928192552
"g37119004700",72,0.7334525939177102,0.8058485779142742,0.10175220700791272,0.03315411161149034,0.08433461890047181,0.025010250928192552
"g37119004000",72,0.8551448551448552,0.8058485779142742,0.0656482848337763,0.03315411161149034,0.0466678501254226,0.025010250928192552
"g37119004200",72,0.7807417046193884,0.8058485779142742,0.08921005181965445,0.03315411161149034,0.06946091674103794,0.025010250928192552
"g37119004500",72,0.8232445520581114,0.8058485779142742,0.056107778658161044,0.03315411161149034,0.041431275855212786,0.025010250928192552
"g37119003500",73,0.8765522279035792,0.8316461267605634,0.04375237617868896,0.04804714992572646,0.030342959973974258,0.03512069970143772
"g37119000300",73,0.8379052369077307,0.8316461267605634,0.11637417282430003,0.04804714992572646,0.08442980768299375,0.03512069970143772
"g37119000100",73,0.8085796683489546,0.8316461267605634,0.07387156801918238,0.04804714992572646,0.05553779056902784,0.03512069970143772
"g37119005847",74,0.9881398252184769,0.9575707912227989,0.09477014337908955,0.015310101940300427,0.058302507336998724,0.00971944104452219
"g37119005816",74,0.9467752035065748,0.9575707912227989,0.03897181201495287,0.015310101940300427,0.025022910450089145,0.00971944104452219
"g37119005817",74,0.97632058287796,0.9575707912227989,0.023823580620717464,0.015310101940300427,0.01483367254998626,0.00971944104452219
"g37119005841",74,0.9766104294478528,0.9575707912227989,0.03074200819640241,0.015310101940300427,0.01913572732357335,0.00971944104452219
"g37119005840",74,0.9379760609357998,0.9575707912227989,0.07255739995496413,0.015310101940300427,0.047024485757030755,0.00971944104452219
"g37119005842",74,0.921455938697318,0.9575707912227989,0.04087533315765635,0.015310101940300427,0.02696626696951844,0.00971944104452219
"g37025040701",75,0.89875,0.8274647887323944,0.09073138152673528,0.03367663256680047,0.06136951881107095,0.024740771257767146
"g37159051501",75,0.8163858221963974,0.8274647887323944,0.0649671376851572,0.03367663256680047,0.048376269708122546,0.024740771257767146
"g37025041000",75,0.8582857142857143,0.8274647887323944,0.061690559329857377,0.03367663256680047,0.043693911189235185,0.024740771257767146
"g37025040800",75,0.7666325486182191,0.8274647887323944,0.059275723124028984,0.03367663256680047,0.047002797239014786,0.024740771257767146
"g37097061201",76,0.8445205479452055,0.8506059664387818,0.07427786695664687,0.02123984554323357,0.0534666902120286,0.015179484647527318
"g37097061103",76,0.8935824532900081,0.8506059664387818,0.0711403755289451,0.02123984554323357,0.048396685424775585,0.015179484647527318
"g37097061202",76,0.8678769541099345,0.8506059664387818,0.028781876212926508,0.02123984554323357,0.020160209579937183,0.015179484647527318
"g37097061302",76,0.8511426806670784,0.8506059664387818,0.05937008551839988,0.02123984554323357,0.04240327528742568,0.015179484647527318
"g37097060300",76,0.7336683417085427,0.8506059664387818,0.07267067980829899,0.02123984554323357,0.06021345414436232,0.015179484647527318
"g37097061304",76,0.8394784172661871,0.8506059664387818,0.048912170759550684,0.02123984554323357,0.035419424484850685,0.015179484647527318
"g37097060200",76,0.8307086614173228,0.8506059664387818,0.09345860625437015,0.02123984554323357,0.06839189843878482,0.015179484647527318
"g37097061101",76,0.8949958982772764,0.8506059664387818,0.08527376554640818,0.02123984554323357,0.057919992088389154,0.015179484647527318
"g37097061104",76,0.906047516198704,0.8506059664387818,0.0736449480510984,0.02123984554323357,0.049411277642958315,0.015179484647527318
"g37179021009",77,0.96759941089838,0.96759941089838,0.046491120331002285,0.046491120331002285,0.029208450222528073,0.029208450222528073
"g37119005521",78,0.8602604716649067,0.8893769318366683,0.07045151448184603,0.037941444294229874,0.04978453595006555,0.025933557473787852
"g37119005610",78,0.9431900946831755,0.8893769318366683,0.05062160925483137,0.037941444294229874,0.03262652451297766,0.025933557473787852
"g37119005604",78,0.8655569782330346,0.8893769318366683,0.07371776330767585,0.037941444294229874,0.05177386480755277,0.025933557473787852
"g37119005609",78,0.9131944444444444,0.8893769318366683,0.07100118869210287,0.037941444294229874,0.04726465113392496,0.025933557473787852
"g37119002004",79,0.8545204222120238,0.9140326152607208,0.05650432385848698,0.03146916517152709,0.0401969714846092,0.020929440891096378
"g37119002002",79,0.960545193687231,0.9140326152607208,0.03681280288171616,0.03146916517152709,0.023297814327306054,0.020929440891096378
"g37119003201",80,0.905505341002465,0.9279803176023261,0.0629655055856386,0.028887112548091818,0.04227131675357994,0.018923412929547388
"g37119003203",80,0.968284789644013,0.9279803176023261,0.048609072681635425,0.028887112548091818,0.030517455786098994,0.018923412929547388
"g37119003300",80,0.9075482738443534,0.9279803176023261,0.04273599436736797,0.028887112548091818,0.02862583581681075,0.018923412929547388
"g37119003007",81,1.0,0.9663597733711048,0.05264509734539342,0.02080985012549728,0.032003098690208766,0.013090740287958407
"g37119002904",81,0.9386304909560723,0.9663597733711048,0.037704086705891204,0.02080985012549728,0.024418999458501994,0.013090740287958407
"g37119001300",82,0.8447916666666667,0.8823213326168726,0.059327475869045576,0.03762619116980297,0.04269139516622411,0.025923735146553176
"g37119001603",82,0.9223085460599334,0.8823213326168726,0.04538673136679975,0.03762619116980297,0.029914846039295367,0.025923735146553176
"g37119005827",83,0.925351071692535,0.9004584151931893,0.06982102781588483,0.02604491456551007,0.04586842238310117,0.01758301610015314
"g37119003808",83,0.8745661874070402,0.9004584151931893,0.05920424787175254,0.02604491456551007,0.041152316149854526,0.01758301610015314
"g37119005829",83,0.9027027027027027,0.9004584151931893,0.024948016049810923,0.02604491456551007,0.01680062235121861,0.01758301610015314
"g37119005916",83,0.961839530332681,0.9004584151931893,0.059070056324673964,0.02604491456551007,0.03733351322872838,0.01758301610015314
"g37119005915",83,0.819672131147541,0.9004584151931893,0.10321194735393291,0.02604491456551007,0.07654624666978611,0.01758301610015314
"g37119005824",83,0.9175257731958762,0.9004584151931893,0.0784652935384857,0.02604491456551007,0.051986841113576134,0.01758301610015314
"g37119005828",84,0.9639381797366915,0.9464839906138823,0.04226523651372802,0.01615562336355084,0.02665435754697632,0.010376348395546624
"g37119003012",84,0.9566885964912281,0.9464839906138823,0.04298614959932922,0.01615562336355084,0.027314423970937893,0.010376348395546624
"g37119003105",84,0.9546218487394958,0.9464839906138823,0.03860768345090186,0.01615562336355084,0.024585354310208706,0.010376348395546624
"g37119003008",84,0.9226393629124005,0.9464839906138823,0.04699824206127238,0.01615562336355084,0.030965901807486287,0.010376348395546624
"g37119003018",84,0.9507389162561576,0.9464839906138823,0.03860009068851165,0.01615562336355084,0.02468090905009013,0.010376348395546624
"g37119003006",84,0.9273547094188377,0.9464839906138823,0.0420375420467557,0.01615562336355084,0.027556593552593565,0.010376348395546624
"g37119003013",84,0.9625748502994012,0.9464839906138823,0.03283825098378666,0.01615562336355084,0.020738608117505324,0.010376348395546624
"g37097060703",85,0.88801261829653,0.9012029185564977,0.05595666473502154,0.015082486329661023,0.03830599798301938,0.010173829345302195
"g37097060802",85,0.8916155419222904,0.9012029185564977,0.06093180653241538,0.015082486329661023,0.04154325506030384,0.010173829345302195
"g37159051802",85,0.8709005726184279,0.9012029185564977,0.05684313510238575,0.015082486329661023,0.03967743094115299,0.010173829345302195
"g37097060602",85,0.9939903846153846,0.9012029185564977,0.006315427879473223,0.015082486329661023,0.003862377286138216,0.010173829345302195
"g37159051302",85,0.9041095890410958,0.9012029185564977,0.04489463001633871,0.015082486329661023,0.030186128683731477,0.010173829345302195
"g37159051801",85,0.9352975158867707,0.9012029185564977,0.0497246579859337,0.015082486329661023,0.03231886656503085,0.010173829345302195
"g37097061502",85,0.9092261904761905,0.9012029185564977,0.06079407272755655,0.015082486329661023,0.040646522839053026,0.010173829345302195
"g37097061501",85,0.9141891891891892,0.9012029185564977,0.04519934865765675,0.015082486329661023,0.030055931550660577,0.010173829345302195
"g37159051902",85,0.877797513321492,0.9012029185564977,0.04806522807637351,0.015082486329661023,0.033286701305967815,0.010173829345302195
"g37097061303",85,0.9077109896782027,0.9012029185564977,0.06567919841074384,0.015082486329661023,0.04398598765184662,0.010173829345302195
"g37097060702",85,0.9015892420537898,0.9012029185564977,0.04189670498434962,0.015082486329661023,0.02824914094251547,0.010173829345302195
"g37159051901",85,0.8856382978723404,0.9012029185564977,0.037767770329926585,0.015082486329661023,0.025923823478285087,0.010173829345302195
"g37119005515",86,0.9325539568345323,0.9171789426623449,0.06739242266500664,0.031741698387768476,0.04393101095543163,0.021038277683640524
"g37119005518",86,0.9071537290715372,0.9171789426623449,0.08288929608489043,0.031741698387768476,0.0555458553760358,0.021038277683640524
"g37119005520",86,0.9470426409903714,0.9171789426623449,0.06750125155150778,0.031741698387768476,0.04332877285137829,0.021038277683640524
"g37119005519",86,0.9396355353075171,0.9171789426623449,0.0669166635412593,0.031741698387768476,0.043292129014811206,0.021038277683640524
"g37119005523",86,0.8869630746043707,0.9171789426623449,0.06131812053161273,0.031741698387768476,0.042025935777916704,0.021038277683640524
"g37025042502",87,0.9390243902439024,0.8786783686112545,0.06679575393313382,0.034154671629317526,0.04324203073080151,0.023629486120740503
"g37025042000",87,0.8712357217030114,0.8786783686112545,0.04682573255219712,0.034154671629317526,0.032672547973065215,0.023629486120740503
"g37025041901",87,0.7952646239554317,0.8786783686112545,0.07351268232895858,0.034154671629317526,0.05619332149345228,0.023629486120740503
"g37119001200",88,0.959307010475423,0.9600869393400514,0.04427966310483836,0.02788595099482816,0.028059555530474616,0.01765667795164994
"g37119001606",88,0.9411421911421911,0.9600869393400514,0.05196710508771773,0.02788595099482816,0.03356660198576176,0.01765667795164994
"g37119001605",88,1.0,0.9600869393400514,0.05407769126108011,0.02788595099482816,0.032873976450504626,0.01765667795164994
"g37119002300",89,0.8159866777685262,0.833211210844477,0.0820181433229091,0.02656422478556953,0.06110277906507899,0.01938099812516088
"g37119001607",89,0.8794212218649518,0.833211210844477,0.0874012987994958,0.02656422478556953,0.06041642765822573,0.01938099812516088
"g37119001701",89,0.8390804597701149,0.833211210844477,0.05633501058552545,0.02656422478556953,0.04081397277712216,0.01938099812516088
"g37119001702",89,0.8245033112582781,0.833211210844477,0.06467104751407873,0.02656422478556953,0.047681684425853625,0.01938099812516088
"g37119001919",89,0.800351288056206,0.833211210844477,0.0716162050481391,0.02656422478556953,0.05439572298945024,0.01938099812516088
"g37119001801",89,0.7632850241545893,0.833211210844477,0.08905338583137434,0.02656422478556953,0.07092474651646528,0.01938099812516088
"g37119001918",89,0.8826501965188096,0.833211210844477,0.05119367933549068,0.02656422478556953,0.03525833658031854,0.01938099812516088
"g37119005301",90,0.8251404494382022,0.7898480439702554,0.04290245434683669,0.03390889376160145,0.031607369845383405,0.026097816453344965
"g37119005306",90,0.8174077578051088,0.7898480439702554,0.10668895429941858,0.03390889376160145,0.0793441297242524,0.026097816453344965
"g37119005307",90,0.7488554610856769,0.7898480439702554,0.06820281320486439,0.03390889376160145,0.0553653927557307,0.026097816453344965
"g37119005200",90,0.7800788954635108,0.7898480439702554,0.07402676424214752,0.03390889376160145,0.05768784766429135,0.026097816453344965
"g37119005308",90,0.7839931153184165,0.7898480439702554,0.08668725306789854,0.03390889376160145,0.06721668500488664,0.026097816453344965
"g37119003903",91,0.7969348659003831,0.8744971842316975,0.0921469313903525,0.03946790092871218,0.07028977406149756,0.027435931611998803
"g37119003805",91,0.9181818181818182,0.8744971842316975,0.08421380615886444,0.03946790092871218,0.055755627177917405,0.027435931611998803
"g37119003902",91,0.8834355828220859,0.8744971842316975,0.04986098303383096,0.03946790092871218,0.034309946954214986,0.027435931611998803
"g37119004800",92,0.8784722222222222,0.9049394221808015,0.05623738891375162,0.0376442955035129,0.038916270425797345,0.02528795812625053
"g37119004600",92,0.9233226837060703,0.9049394221808015,0.05289929569402199,0.0376442955035129,0.03482815610317284,0.02528795812625053
"g37119004900",92,1.0,0.9049394221808015,0.4260392321793424,0.0376442955035129,0.2589904146986884,0.02528795812625053
"g45091060905",93,0.9184297731328065,0.9083386963317092,0.036171283296255775,0.025282199839665384,0.02394153881748516,0.016920030497030652
"g45091060907",93,0.908363448631905,0.9083386963317092,0.04799517635393144,0.025282199839665384,0.03211974132522976,0.016920030497030652
"g45091060802",93,0.8772151898734177,0.9083386963317092,0.07748923760276871,0.025282199839665384,0.05369938876931475,0.016920030497030652
"g45091060700",93,0.9017467248908297,0.9083386963317092,0.05697239464457328,0.025282199839665384,0.0384073194833777,0.016920030497030652
"g37159050300",94,0.881544156530936,0.8413006029285099,0.0520761931036315,0.03713825560093454,0.03591114524534625,0.026835172939652388
"g37159050400",94,0.7077189939288812,0.8413006029285099,0.09241889315435133,0.03713825560093454,0.0793841884252392,0.026835172939652388
"g37159051204",94,0.89,0.8413006029285099,0.05820111145845929,0.03713825560093454,0.039753499852094726,0.026835172939652388
"g37119005401",95,0.8928210313447927,0.8649807115302186,0.04800167702934287,0.033521747812602386,0.032683314744236865,0.023558863133561283
"g37119005100",95,0.8758357211079274,0.8649807115302186,0.07443735816198956,0.033521747812602386,0.051665709178272665,0.023558863133561283
"g37119005000",95,0.7208588957055214,0.8649807115302186,0.13264919724106783,0.033521747812602386,0.11186351497274297,0.023558863133561283
"g37119003109",96,0.898876404494382,0.898876404494382,0.057012973944525515,0.057012973944525515,0.03855740639105449,0.03855740639105449
