"TID","RID","t_drvloneE","r_drvloneE","t_drvloneM","r_drvloneM","t_drvloneCV","r_drvloneCV"
"g37119002800",0,0.8594628357276702,0.8306509728561133,0.05305904875759193,0.043294662871702555,0.03752895360363711,0.03168472060468527
"g37119002701",0,0.8186475409836066,0.8306509728561133,0.10668470768507843,0.043294662871702555,0.07922081530532964,0.03168472060468527
"g37119003500",0,0.808953341740227,0.8306509728561133,0.07836553911830511,0.043294662871702555,0.05888921294441073,0.03168472060468527
"g37025042300",1,0.7755102040816326,0.743920972644377,0.05240792553282936,0.029651770680776224,0.04108124061923914,0.02423025183311642
"g37025042401",1,0.8912751677852349,0.743920972644377,0.06295986444296936,0.029651770680776224,0.042942376506035246,0.02423025183311642
"g37025041902",1,0.6448598130841121,0.743920972644377,0.050761872389251214,0.029651770680776224,0.04785269675917255,0.02423025183311642
"g37025040703",1,0.6640866873065016,0.743920972644377,0.1524982311311686,0.029651770680776224,0.13959637144520007,0.02423025183311642
"g37025042101",1,0.6733870967741935,0.743920972644377,0.07934621596644985,0.029651770680776224,0.07163009504278822,0.02423025183311642
"g37071032900",2,0.8151950718685832,0.7932734125833575,0.06378262201019955,0.021087791522347913,0.04756362217997777,0.016160035052297846
"g37071032800",2,0.7771629778672032,0.7932734125833575,0.1659289011832166,0.021087791522347913,0.12979083642782763,0.016160035052297846
"g37097060500",3,0.7718978102189781,0.7661737523105361,0.04346502989784116,0.04374651651528946,0.034230581077434964,0.03470965558500057
"g37097060100",3,0.7588062622309197,0.7661737523105361,0.08962376179251211,0.04374651651528946,0.07180031673021808,0.03470965558500057
"g37097060200",3,0.7690607734806629,0.7661737523105361,0.1446873506381014,0.04374651651528946,0.11436786179600478,0.03470965558500057
"g37097060603",3,0.769889840881273,0.7661737523105361,0.018558703653181834,0.04374651651528946,0.01465389737620825,0.03470965558500057
"g37179020100",4,0.8103070175438597,0.791267942583732,0.07048334284374691,0.04177914044085064,0.0528775093867069,0.03209741276830188
"g37179020701",4,0.7684210526315789,0.791267942583732,0.03668011932003016,0.04177914044085064,0.029017873467984057,0.03209741276830188
"g37025041503",5,0.9054325955734407,0.8667338032896945,0.06545554675621204,0.04612476940382389,0.04394651366138114,0.03235061721527605
"g37025042102",5,0.8279569892473119,0.8667338032896945,0.06379626513654699,0.04612476940382389,0.046840505725329565,0.03235061721527605
"g37119001914",6,0.6329185520361991,0.7265236725085011,0.05014432726573808,0.03846307487118244,0.04816239565060256,0.03218313362260905
"g37119001919",6,0.709493670886076,0.7265236725085011,0.07321390164379575,0.03846307487118244,0.06273055407931873,0.03218313362260905
"g37119001802",6,0.7914951989026063,0.7265236725085011,0.05389185855509459,0.03846307487118244,0.041391291173467154,0.03218313362260905
"g37119002100",6,0.7535903250188964,0.7265236725085011,0.09586829588838189,0.03846307487118244,0.07733459067800925,0.03218313362260905
"g37119001918",6,0.7673038892551087,0.7265236725085011,0.14424763675577415,0.03846307487118244,0.11428136128354663,0.03218313362260905
"g37119006302",7,0.8253968253968254,0.8343497610021428,0.04166869963433483,0.04703797107297952,0.03068889498437099,0.03427161201103481
"g37119005509",7,0.8432467959250739,0.8343497610021428,0.08348402472555529,0.04703797107297952,0.06018423936107782,0.03427161201103481
"g37119001606",8,0.6546102903718798,0.6375922009594058,0.11763737348384916,0.02575504789202896,0.10924374730585355,0.024555764710646976
"g37119001607",8,0.7081993569131833,0.6375922009594058,0.11407436933139609,0.02575504789202896,0.09791892706081907,0.024555764710646976
"g37119001702",8,0.603656164916375,0.6375922009594058,0.046728496144664934,0.02575504789202896,0.04705721946696234,0.024555764710646976
"g37119001915",8,0.6710447761194029,0.6375922009594058,0.095028094106241,0.02575504789202896,0.08608641392981735,0.024555764710646976
"g37119001912",8,0.635438596491228,0.6375922009594058,0.03607184474897777,0.02575504789202896,0.03450872078083667,0.024555764710646976
"g37119001603",8,0.6294444444444445,0.6375922009594058,0.013906229175320821,0.02575504789202896,0.013430311176223371,0.024555764710646976
"g37119001605",8,0.6820365033621518,0.6375922009594058,0.1108685438247252,0.02575504789202896,0.0988177183283008,0.024555764710646976
"g37119001920",8,0.6230440967283073,0.6375922009594058,0.05036536695835685,0.02575504789202896,0.0491413762081371,0.024555764710646976
"g37119001910",8,0.5803172021146807,0.6375922009594058,0.05992885179054627,0.02575504789202896,0.0627775857924369,0.024555764710646976
"g37071033305",9,0.8868188169538892,0.9004811344644214,0.07990326769216112,0.05551467903859285,0.054772648123633465,0.037477215190628306
"g37071033304",9,0.9167591564927858,0.9004811344644214,0.07584149687281586,0.05551467903859285,0.05029047497546095,0.037477215190628306
"g37025042200",10,0.7922297297297297,0.7981522628932288,0.04642834811267779,0.03750451869495712,0.035625928649464685,0.02856484980443153
"g37025040500",10,0.8012877839384726,0.7981522628932288,0.0517074050822981,0.03750451869495712,0.039228194449512685,0.02856484980443153
"g37119004000",11,0.8157582938388626,0.766497461928934,0.06867063625193098,0.028477136191902636,0.051173329092255755,0.022584978883652327
"g37119006010",11,0.7346469622331692,0.766497461928934,0.034708768300066535,0.028477136191902636,0.028720673033848412,0.022584978883652327
"g37119004303",11,0.8662239089184061,0.766497461928934,0.08859037493739219,0.028477136191902636,0.06217137476172368,0.022584978883652327
"g37119004304",11,0.7586705202312138,0.766497461928934,0.07162678401712541,0.028477136191902636,0.05739265831796299,0.022584978883652327
"g37119004400",11,0.7239555790586991,0.766497461928934,0.0902494658575828,0.028477136191902636,0.0757821318943293,0.022584978883652327
"g37159051001",12,0.8513821138211383,0.8664869721473495,0.06285217497408134,0.036574839818995876,0.044877627192919746,0.025659872442882994
"g37159050903",12,0.885140562248996,0.8664869721473495,0.025512900749779154,0.036574839818995876,0.017521920042296708,0.025659872442882994
"g37119001505",13,0.8164218958611482,0.766320645905421,0.06379887974059512,0.04924414854058193,0.047504254499703746,0.0390641342735677
"g37119001509",13,0.7559055118110236,0.766320645905421,0.07964719722409531,0.04924414854058193,0.06405264721036034,0.0390641342735677
"g37119001400",13,0.7243055555555555,0.766320645905421,0.10899678289029907,0.04924414854058193,0.09147995894589238,0.0390641342735677
"g37119005828",14,0.8143651997976732,0.8143651997976732,0.06924948926503667,0.06924948926503667,0.05169296768939474,0.05169296768939474
"g37097061406",15,0.645473041709054,0.7608760876087609,0.06625461668113672,0.030513952383049464,0.06239821049296399,0.0243791537525778
"g37119006204",15,0.7869242199108469,0.7608760876087609,0.03074712937872766,0.030513952383049464,0.02375230497052741,0.0243791537525778
"g37097061405",15,0.8651685393258427,0.7608760876087609,0.07931102048321449,0.030513952383049464,0.05572716080216389,0.0243791537525778
"g37179020314",16,0.8144404332129964,0.8144404332129964,0.04528345819158788,0.04528345819158788,0.033799817626672925,0.033799817626672925
"g37119005519",17,0.8004676539360873,0.8004676539360873,0.037741310227574286,0.037741310227574286,0.028662052261864492,0.028662052261864492
"g37071031201",18,0.9490322580645161,0.9363026819923371,0.18830536437221654,0.015648782090571554,0.1206190254864299,0.010160109144229481
"g37119006005",18,0.9079037800687285,0.9363026819923371,0.044062206604663944,0.015648782090571554,0.029502615274780798,0.010160109144229481
"g37119006009",18,0.9547395388556789,0.9363026819923371,0.05308762873014857,0.015648782090571554,0.03380200925610974,0.010160109144229481
"g37119005616",19,0.8300117233294255,0.7348730274845856,0.1614636562229616,0.03017178506021357,0.11825639994349103,0.024958747959063703
"g37119001609",19,0.7118533071381794,0.7348730274845856,0.0726427012757281,0.03017178506021357,0.0620348270933563,0.024958747959063703
"g37119001507",19,0.6305732484076433,0.7348730274845856,0.09876841733414736,0.03017178506021357,0.09521747273010431,0.024958747959063703
"g37119001608",19,0.745872641509434,0.7348730274845856,0.05432044054457019,0.03017178506021357,0.04427236309025604,0.024958747959063703
"g37119001504",19,0.7510114012504597,0.7348730274845856,0.05777589110722869,0.03017178506021357,0.046766430170240986,0.024958747959063703
"g37119001510",19,0.7807308970099668,0.7348730274845856,0.05308745713068002,0.03017178506021357,0.041335638870425365,0.024958747959063703
"g37109070901",20,0.9218009478672986,0.932427843803056,0.05909878459297155,0.033664543532513885,0.03897404630098841,0.021947830323687925
"g37109070202",20,0.9404407385348421,0.932427843803056,0.03948287410650525,0.033664543532513885,0.025521807163097078,0.021947830323687925
"g45023020400",21,0.8117647058823529,0.814662273476112,0.10429522275442728,0.06443159492188012,0.0781031138198874,0.048078994308310856
"g45023020300",21,0.8170823885109599,0.814662273476112,0.07969169838848345,0.06443159492188012,0.059289983645652654,0.048078994308310856
"g37071031800",22,0.8296507483962936,0.828078250863061,0.05517012325944953,0.030938678498005464,0.04042432181922085,0.022712475872923955
"g37071030802",22,0.8511287370347773,0.828078250863061,0.0681108134887593,0.030938678498005464,0.048646870960367135,0.022712475872923955
"g37071031500",22,0.797390636991558,0.828078250863061,0.027294763845119602,0.030938678498005464,0.020808573412119346,0.022712475872923955
"g37119005711",23,0.8585703305149884,0.8585703305149884,0.058556206428065145,0.058556206428065145,0.04146017723489305,0.04146017723489305
"g37119001701",24,0.5829551185073122,0.6313526939243409,0.06463741966640627,0.02823125898218945,0.06740358389083181,0.027182682086880617
"g37119001801",24,0.7517241379310344,0.6313526939243409,0.09749637354774518,0.02823125898218945,0.07884316758831629,0.027182682086880617
"g37119005200",24,0.47018030513176146,0.6313526939243409,0.10487963032923685,0.02823125898218945,0.13560035051668104,0.027182682086880617
"g37119000900",24,0.7763713080168776,0.6313526939243409,0.1685025395640026,0.02823125898218945,0.1319383569336217,0.027182682086880617
"g37119004900",24,0.56,0.6313526939243409,0.21611550018794945,0.02823125898218945,0.23460214957441317,0.027182682086880617
"g37119000800",24,0.7070844686648501,0.6313526939243409,0.1692876087984901,0.02823125898218945,0.14554187660170864,0.027182682086880617
"g37119001300",24,0.7209762532981531,0.6313526939243409,0.04445581125772202,0.02823125898218945,0.0374836329928818,0.027182682086880617
"g37119001200",24,0.6329841162554917,0.6313526939243409,0.03590639427604241,0.02823125898218945,0.034483638284178955,0.027182682086880617
"g37119002300",24,0.3628158844765343,0.6313526939243409,0.10707995404606199,0.02823125898218945,0.17941385637622934,0.027182682086880617
"g37119000700",24,0.6103448275862069,0.6313526939243409,0.31385178749799647,0.02823125898218945,0.3125960138561262,0.027182682086880617
"g45057010500",25,0.7922964407606046,0.8163215590742996,0.07857405366665453,0.05744263929223634,0.06028726081657552,0.042776694031293146
"g45057010600",25,0.8403115871470301,0.8163215590742996,0.08324323125959207,0.05744263929223634,0.06022026683168635,0.042776694031293146
"g37119005914",26,0.7910742496050553,0.7928824422330916,0.07055598433350987,0.0406414193885429,0.0542189003219933,0.03115976430736406
"g37119005909",26,0.7942302031204004,0.7928824422330916,0.047767869725712155,0.0406414193885429,0.03656146362119957,0.03115976430736406
"g37119005717",27,0.8213002286834368,0.8324810799754551,0.07243091470741739,0.052558745875253846,0.053611273505307575,0.038379977832328785
"g37119005709",27,0.8512035010940919,0.8324810799754551,0.07185263563244879,0.052558745875253846,0.05131488968523311,0.038379977832328785
"g37119000500",28,0.5231277533039648,0.5356418233464088,0.07223162635959028,0.04692661023165517,0.0839370554912916,0.053257257904673894
"g37119000400",28,0.6589147286821705,0.5356418233464088,0.12540416795377726,0.04692661023165517,0.11569560283237809,0.053257257904673894
"g37119000300",28,0.762114537444934,0.5356418233464088,0.12238145238618628,0.04692661023165517,0.09761789866529959,0.053257257904673894
"g37119000100",28,0.42804016362960207,0.5356418233464088,0.08342785277238494,0.04692661023165517,0.11848425505768376,0.053257257904673894
"g37119002600",28,0.7796976241900648,0.5356418233464088,0.17040104540086837,0.04692661023165517,0.13285568459884659,0.053257257904673894
"g37097061303",29,0.86184565569347,0.9032258064516129,0.07939915496477792,0.03968343787814174,0.05600418495535264,0.02670834941863643
"g37097061501",29,0.9496969696969697,0.9032258064516129,0.19911821501004406,0.03968343787814174,0.12745592696111582,0.02670834941863643
"g37119005837",30,0.7318378791741015,0.7291747384734599,0.07836843749787027,0.061087760975841815,0.06509691407400597,0.05092800812646693
"g37119005840",30,0.7207425343018563,0.7291747384734599,0.05642511523653867,0.061087760975841815,0.04759117198478637,0.05092800812646693
"g37159051201",31,0.8382409177820268,0.8380997400141811,0.03488608477416208,0.03424747941624339,0.025299822422634902,0.024840881614992497
"g37159051204",31,0.8378712871287128,0.8380997400141811,0.06966873530314703,0.03424747941624339,0.050546922211744824,0.024840881614992497
"g37109071002",32,0.9046875,0.8946052161486245,0.05175287151144446,0.03835270801948546,0.03477522588187836,0.026061457836832447
"g37071030101",32,0.8861092824226465,0.8946052161486245,0.054332123311918515,0.03835270801948546,0.03727378444780853,0.026061457836832447
"g37179020202",33,0.8976660682226212,0.8976660682226212,0.02642427686213679,0.02642427686213679,0.017894616671380172,0.017894616671380172
"g45057010900",34,0.8451612903225807,0.8071449317455707,0.03778095750307195,0.05640351281006987,0.02717486908269868,0.04248041260497381
"g45057010800",34,0.7824639289678136,0.8071449317455707,0.13681189502423458,0.05640351281006987,0.10629029935272184,0.04248041260497381
"g45057010700",34,0.7802964254577158,0.8071449317455707,0.13051329390197844,0.05640351281006987,0.10167852344539523,0.04248041260497381
"g37159051502",35,0.8415178571428571,0.8192011212333566,0.10714509276032894,0.0612357552338289,0.07740037176659012,0.04544107931007659
"g37159051600",35,0.8089887640449438,0.8192011212333566,0.07573151118801867,0.0612357552338289,0.05690733279072663,0.04544107931007659
"g45091061101",36,0.8227848101265823,0.8331438317225697,0.05017413465129267,0.04785360354746717,0.037070438507852424,0.034916343847704805
"g45091061104",36,0.8423883808499193,0.8331438317225697,0.07871748643659729,0.04785360354746717,0.05680583496785195,0.034916343847704805
"g37179020315",37,0.6942909760589319,0.7684587813620072,0.06834424632818834,0.058913042068369136,0.05984040659535167,0.046604190494360424
"g37179020316",37,0.8484848484848485,0.7684587813620072,0.09323904186048813,0.058913042068369136,0.06680174514537796,0.046604190494360424
"g37159051501",38,0.7872619829284307,0.79738933030647,0.04373583531568376,0.04368168812076749,0.03377164718612337,0.0333014459729331
"g37025041000",38,0.7734481196193929,0.79738933030647,0.09470022813372138,0.04368168812076749,0.07443101389811774,0.0333014459729331
"g37025040800",38,0.8412596401028277,0.79738933030647,0.04730042006021274,0.04368168812076749,0.03417976255741338,0.0333014459729331
"g37119005844",39,0.7366116537554732,0.746431718061674,0.06605001967428242,0.060341712053053914,0.054509031236790066,0.049142997193125496
"g37179021006",39,0.7572062084257206,0.746431718061674,0.10314194585081855,0.060341712053053914,0.08280475032592516,0.049142997193125496
"g45057010300",40,0.8021023765996343,0.8069477592150623,0.02783004254765885,0.11014134275025687,0.02109201953403738,0.08297343017782975
"g45023021000",40,0.746031746031746,0.8069477592150623,0.08238812571036462,0.11014134275025687,0.06713382810260585,0.08297343017782975
"g45023020900",40,0.8513779527559056,0.8069477592150623,0.20226749192205196,0.11014134275025687,0.144423474036091,0.08297343017782975
"g37119006203",41,0.7950018109380659,0.8282777638505892,0.0629150275112765,0.049511891220959114,0.04810833988787294,0.0363385514252607
"g37119006208",41,0.9030944625407166,0.8282777638505892,0.08081130720856586,0.049511891220959114,0.05439676219279061,0.0363385514252607
"g37119006210",42,0.8035457594633445,0.8035457594633445,0.0796338440889596,0.0796338440889596,0.060245021636791234,0.060245021636791234
"g37097061602",43,0.824853228962818,0.8783810079782058,0.06374483521721433,0.036098127320944536,0.0469788543535665,0.024982496374310516
"g37097061503",43,0.9575494452484322,0.8783810079782058,0.0030429404321805358,0.036098127320944536,0.001931818583421329,0.024982496374310516
"g37097061302",44,0.8423707440100883,0.851204128440367,0.08752678630330654,0.05342209378043133,0.06316431714551635,0.038152348964864795
"g37097061301",44,0.9199549041713642,0.851204128440367,0.06697390763376615,0.05342209378043133,0.044256105899599635,0.038152348964864795
"g37097060701",44,0.8049261083743843,0.851204128440367,0.09242941974533067,0.05342209378043133,0.0698052858828248,0.038152348964864795
"g37179021007",45,0.783492326835338,0.7882441597588545,0.0790650019932414,0.05485501044662432,0.06134563077735443,0.04230479921348688
"g37119005838",45,0.792198826372109,0.7882441597588545,0.07562459218777273,0.05485501044662432,0.05803138673817871,0.04230479921348688
"g37159051801",46,0.8382279741164759,0.8466554480437526,0.07401239646307466,0.032435218643599543,0.05367553895209588,0.02328864497070698
"g37025041200",46,0.852823315118397,0.8466554480437526,0.01625451297438807,0.032435218643599543,0.011586412715501065,0.02328864497070698
"g37119005715",47,0.8424460431654677,0.8194701170671596,0.10990361304509805,0.06540873684361606,0.07930562148200887,0.04852178161080004
"g37179020203",47,0.8022629310344828,0.8194701170671596,0.07840259299142455,0.06540873684361606,0.05940839207566081,0.04852178161080004
"g45091061401",48,0.8438337801608579,0.8438337801608579,0.03407374590727297,0.03407374590727297,0.024546923617987583,0.024546923617987583
"g37097061304",49,0.8613861386138614,0.8185766789174741,0.015350234527420193,0.03506228616790209,0.010833062133734686,0.02603843992321344
"g37097061402",49,0.7165461121157324,0.8185766789174741,0.0626166771400675,0.03506228616790209,0.05312267931072241,0.02603843992321344
"g37097061403",49,0.9027061855670103,0.8185766789174741,0.08251518277087218,0.03506228616790209,0.0555675879193514,0.02603843992321344
"g37119003204",50,0.8286358511837655,0.8077561177934467,0.03743114102137163,0.028649970802290134,0.02746018409607066,0.02156145306837041
"g37119003400",50,0.7887958789439794,0.8077561177934467,0.06168874745891516,0.028649970802290134,0.04754177770793139,0.02156145306837041
"g37119003300",50,0.8481501932633904,0.8077561177934467,0.13528137227696724,0.028649970802290134,0.09696150154888063,0.02156145306837041
"g37119003103",50,0.7903826616999662,0.8077561177934467,0.0686360363713422,0.028649970802290134,0.05278966289386016,0.02156145306837041
"g37119004100",51,0.7512274959083469,0.6465052743416559,0.0993162407916795,0.03445488411325152,0.08036795084294016,0.032397598499496756
"g37119005100",51,0.5828025477707006,0.6465052743416559,0.1837277080719931,0.03445488411325152,0.19164050802931828,0.032397598499496756
"g37119004305",51,0.6949331456720619,0.6465052743416559,0.07171944135543955,0.03445488411325152,0.06273760989024177,0.032397598499496756
"g37119004800",51,0.6269430051813472,0.6465052743416559,0.1001054634105482,0.03445488411325152,0.09706525880195836,0.032397598499496756
"g37119004600",51,0.5385474860335195,0.6465052743416559,0.10117838271827673,0.03445488411325152,0.11420834230833744,0.032397598499496756
"g37119004200",51,0.5241855873642646,0.6465052743416559,0.09558681544314215,0.03445488411325152,0.11085288873308147,0.032397598499496756
"g37119004500",51,0.7196531791907514,0.6465052743416559,0.16839089929387774,0.03445488411325152,0.1422425291578025,0.032397598499496756
"g37119003600",51,0.6384297520661157,0.6465052743416559,0.11986739737421996,0.03445488411325152,0.11413584428467644,0.032397598499496756
"g37119005000",51,0.6587473002159827,0.6465052743416559,0.17191521122632988,0.03445488411325152,0.15864615635615273,0.032397598499496756
"g37119004700",51,0.3743218806509946,0.6465052743416559,0.11236621438307991,0.03445488411325152,0.18248393331818918,0.032397598499496756
"g37119004302",51,0.6900343642611684,0.6465052743416559,0.07392621738523805,0.03445488411325152,0.0651271184535544,0.032397598499496756
"g37119005832",52,0.7724094087730451,0.7804179788147724,0.03131679335103136,0.03623024809780575,0.02464698659920814,0.02822137306755291
"g37119005833",52,0.7869791666666667,0.7804179788147724,0.06106100214484728,0.03623024809780575,0.04716662373319337,0.02822137306755291
"g37071032704",53,0.8697822141560798,0.8475766799344416,0.03638719331768771,0.030978214828975628,0.025431509172349688,0.022218333730970277
"g37071032703",53,0.764797507788162,0.8475766799344416,0.11421554643607051,0.030978214828975628,0.09078474029424136,0.022218333730970277
"g37071032600",53,0.8505263157894737,0.8475766799344416,0.05765799703709789,0.030978214828975628,0.041210311162872035,0.022218333730970277
"g37025041702",54,0.79644128113879,0.8440718562874252,0.09261091394900411,0.04962111431806047,0.07068748100553891,0.03573725496342965
"g37025040600",54,0.868231046931408,0.8440718562874252,0.058237692442841375,0.04962111431806047,0.0407758426446096,0.03573725496342965
"g45091061201",55,0.8117330140676444,0.8179800221975583,0.06190471557145372,0.038042718203196296,0.04636012739153842,0.02827241721847782
"g45091060901",55,0.8240035826242723,0.8179800221975583,0.07022836795116036,0.038042718203196296,0.05181047496859424,0.02827241721847782
"g45091060102",55,0.8225214198286414,0.8179800221975583,0.052911765191073074,0.038042718203196296,0.03910561600910651,0.02827241721847782
"g37179020602",56,0.7316491897044805,0.7846695557963164,0.058386144145137264,0.04012194426566093,0.04851108597427719,0.031083453531495248
"g37179020702",56,0.8544542032622334,0.7846695557963164,0.06186808670425488,0.04012194426566093,0.044016143882178574,0.031083453531495248
"g37159051002",57,0.8563194730341704,0.8563194730341704,0.030431931619774987,0.030431931619774987,0.02160368304431653,0.02160368304431653
"g37025041100",58,0.9021101992966002,0.878872583275099,0.05751979658897865,0.052148558715846324,0.03876072094372953,0.036070361167554826
"g37025040900",58,0.7888762769580022,0.878872583275099,0.1114847322467862,0.052148558715846324,0.08590938235281857,0.036070361167554826
"g37097060902",59,0.7697885196374622,0.8019584332533973,0.09294867860061112,0.049693743423750915,0.07340166103649393,0.0376689879612308
"g37097060802",59,0.858085808580858,0.8019584332533973,0.07292660291282405,0.049693743423750915,0.05166415871542129,0.0376689879612308
"g37097061001",59,0.7846237731733915,0.8019584332533973,0.08900947544683552,0.049693743423750915,0.06896184574710838,0.0376689879612308
"g37071032401",60,0.9081896551724138,0.8852554744525547,0.048289039100900204,0.04251545609308681,0.032322586807641766,0.029195258101792097
"g37071032301",60,0.8371040723981901,0.8852554744525547,0.08639509279522373,0.04251545609308681,0.06273988501682229,0.029195258101792097
"g37071030801",61,0.9260780287474333,0.9211672473867596,0.392193539233274,0.04279960413608735,0.25744647639707025,0.028244595657435038
"g37071031600",61,0.9198452183526811,0.9211672473867596,0.0660354724085191,0.04279960413608735,0.04364119475793892,0.028244595657435038
"g37097061002",62,0.895010395010395,0.8942257217847769,0.0639857056098886,0.04755736862941039,0.04345992593380344,0.032329929436901064
"g37097061003",62,0.8934252386002121,0.8942257217847769,0.07049037163500942,0.04755736862941039,0.04796292727846375,0.032329929436901064
"g37159050202",63,0.8059815950920245,0.8580843585237259,0.07050592056744881,0.039540868582727554,0.05317831355863326,0.02801239987558317
"g37159050201",63,0.8357041251778093,0.8580843585237259,0.057382564094251576,0.039540868582727554,0.041740870525263,0.02801239987558317
"g37159051102",63,0.9120521172638436,0.8580843585237259,0.06665338099835451,0.039540868582727554,0.04442594000541649,0.02801239987558317
"g45091060904",64,0.8847477064220184,0.8858206032119076,0.04772690862942197,0.03421375863138058,0.03279275900368245,0.023479514238516037
"g45091061404",64,0.8881334981458591,0.8858206032119076,0.03225735860886485,0.03421375863138058,0.02207926689093638,0.023479514238516037
"g37071031401",65,0.8897996357012751,0.8783309957924264,0.05709076577110967,0.031319345523261925,0.0390038737881166,0.021676470386241018
"g37071032000",65,0.8606676342525399,0.8783309957924264,0.0724664987473462,0.031319345523261925,0.05118419825719671,0.021676470386241018
"g37071031402",65,0.8779342723004695,0.8783309957924264,0.03156185106957539,0.031319345523261925,0.021854182266207948,0.021676470386241018
"g45091061004",66,0.8248337028824834,0.8248337028824834,0.12146023181296339,0.12146023181296339,0.08951623451260987,0.08951623451260987
"g37159050500",67,0.7931034482758621,0.7473423980222497,0.09715072677462383,0.008011237398593355,0.07446467758594134,0.006516495173740959
"g37159050800",67,0.9101796407185628,0.7473423980222497,0.061956726850135736,0.008011237398593355,0.04138047266026503,0.006516495173740959
"g37159050400",67,0.47266514806378135,0.7473423980222497,0.24059777795754697,0.008011237398593355,0.30943691953964364,0.006516495173740959
"g37159050700",67,0.791705069124424,0.7473423980222497,0.07736301073410543,0.008011237398593355,0.05940240588406282,0.006516495173740959
"g37071030302",68,0.8610662358642972,0.8074239049740163,0.05939368257604442,0.03428160984415295,0.04193124827018197,0.025810338628023455
"g37071031202",68,0.6987951807228916,0.8074239049740163,0.1394313478034164,0.03428160984415295,0.12129548126699047,0.025810338628023455
"g37071031001",68,0.8820014936519791,0.8074239049740163,0.08230959328682044,0.03428160984415295,0.0567303199395971,0.025810338628023455
"g37071031302",68,0.7870090634441088,0.8074239049740163,0.05297736767595863,0.03428160984415295,0.040920858766441214,0.025810338628023455
"g37071032302",68,0.7925170068027211,0.8074239049740163,0.07700079208951335,0.03428160984415295,0.05906370683516685,0.025810338628023455
"g45023020700",69,0.8891595615103532,0.8889272162814764,0.052366078198712494,0.12215992570884378,0.03580176558366403,0.08354042001902216
"g45091061302",69,0.8888354186717998,0.8889272162814764,0.15100303933756612,0.12215992570884378,0.10327576822793634,0.08354042001902216
"g37179020601",70,0.7367055771725033,0.8201025641025641,0.06652066606562972,0.04334114697185029,0.0548904421599817,0.032126715559568565
"g37179020401",70,0.8953942232630757,0.8201025641025641,0.05474610360488005,0.04334114697185029,0.0371683279589421,0.032126715559568565
"g45091061706",71,0.8409951325040562,0.799934053251999,0.21291570276122385,0.01395018698414342,0.1539034331475104,0.01060131993980133
"g45091061802",71,0.8734359961501443,0.799934053251999,0.06525348678258014,0.01395018698414342,0.04541577550610885,0.01060131993980133
"g45091061501",71,0.7226153410699122,0.799934053251999,0.14763482828161698,0.01395018698414342,0.12419832637899099,0.01060131993980133
"g37071033306",71,0.8352272727272727,0.799934053251999,0.18050318544133848,0.01395018698414342,0.13137547562258575,0.01060131993980133
"g45091061602",71,0.7656039515042659,0.799934053251999,0.052851848217313833,0.01395018698414342,0.04196527858522953,0.01060131993980133
"g45091061801",71,0.8722826086956522,0.799934053251999,0.1373341018817856,0.01395018698414342,0.09570955030820688,0.01060131993980133
"g45091061601",71,0.8426294820717132,0.799934053251999,0.08134262415619796,0.01395018698414342,0.05868344841293032,0.01060131993980133
"g37179021008",72,0.7805779569892473,0.7805779569892473,0.04727499655603962,0.04727499655603962,0.03681707825950196,0.03681707825950196
"g37071032508",73,0.9277950310559007,0.9165313413445924,0.059875719577857506,0.03169572075558559,0.03923130918659585,0.02102264754489757
"g37071032200",73,0.9084310441094361,0.9165313413445924,0.03347044675197163,0.03169572075558559,0.022397711166908415,0.02102264754489757
"g37179020306",74,0.836272040302267,0.8422672064777328,0.0606918680447885,0.03977371950799212,0.044118122850882624,0.028706511076821362
"g37179020307",74,0.8471731448763251,0.8422672064777328,0.05262748788134948,0.03977371950799212,0.03776370160259871,0.028706511076821362
"g45091061708",75,0.8089073019161056,0.8089073019161056,0.052518579070716456,0.052518579070716456,0.039468289888481174,0.039468289888481174
"g37071031701",76,0.8449891852919971,0.8888454011741683,0.06935501227072945,0.04856576858877997,0.04989543347796183,0.03321529654178905
"g37071031703",76,0.9409246575342466,0.8888454011741683,0.05598306188168271,0.04856576858877997,0.03616894954396531,0.03321529654178905
"g37119005611",77,0.745872641509434,0.7926944971537002,0.03960518776761619,0.030493187531963492,0.03227910590428634,0.02338466103051666
"g37025042604",77,0.8242063492063492,0.7926944971537002,0.04496933540319119,0.030493187531963492,0.03316764307183812,0.02338466103051666
"g45091060200",78,0.743124634289058,0.7634044768349818,0.03726996633552316,0.03991725651596463,0.030488175797529656,0.031786307479884826
"g45091060300",78,0.7415056628914057,0.7634044768349818,0.08894090826563737,0.03991725651596463,0.07291572289178277,0.031786307479884826
"g45091060402",78,0.870253164556962,0.7634044768349818,0.08717757531695727,0.03991725651596463,0.06089663177708428,0.031786307479884826
"g37119002002",79,0.8971503439240092,0.8971503439240092,0.04743487558334982,0.04743487558334982,0.032141536614757896,0.032141536614757896
"g37071030502",80,0.9068441064638784,0.8858384808968199,0.0454969554050744,0.01884708719415677,0.03049887345946249,0.012933730143569803
"g37071030501",80,0.8937558247903076,0.8858384808968199,0.3947566477515432,0.01884708719415677,0.2685002317113545,0.012933730143569803
"g37071030401",80,0.8616279069767442,0.8858384808968199,0.0409078283663858,0.01884708719415677,0.028861624105346657,0.012933730143569803
"g37109070500",81,0.815442561205273,0.8391472868217055,0.05448881999544909,0.046754864694342375,0.04062076755453711,0.03387058576592328
"g37071030602",81,0.8909465020576132,0.8391472868217055,0.08117200851318257,0.046754864694342375,0.05538456676387503,0.03387058576592328
"g37097061102",82,0.9557399723374828,0.8922486201103912,0.052355159205586546,0.04032954826538645,0.033300735998345266,0.027477142762616324
"g37097061103",82,0.8367016976556184,0.8922486201103912,0.08068827337501962,0.04032954826538645,0.058623787007855324,0.027477142762616324
"g37097061101",82,0.8766846361185984,0.8922486201103912,0.0751528391252248,0.04032954826538645,0.05211180236004271,0.027477142762616324
"g37025042000",83,0.9027258150721539,0.8283132530120482,0.06326698326566216,0.04358240275382368,0.04260448915476826,0.031985316859396436
"g37025042402",83,0.7806624888093107,0.8283132530120482,0.08082952986281912,0.04358240275382368,0.06294204348510148,0.031985316859396436
"g37025041901",83,0.7679558011049724,0.8283132530120482,0.08319543449129845,0.04358240275382368,0.06585630597592451,0.031985316859396436
"g45091061502",84,0.8131838804376835,0.8131838804376835,0.0512843014185674,0.0512843014185674,0.038338028917849744,0.038338028917849744
"g45091061003",85,0.8050054406964091,0.8050054406964091,0.022561560220297674,0.022561560220297674,0.017037442833439387,0.017037442833439387
"g37119005831",86,0.8593864134404675,0.8593864134404675,0.028723597260023527,0.028723597260023527,0.020318163141135076,0.020318163141135076
"g45057010100",87,0.7981873111782477,0.8510119483052914,0.0651548473464794,0.026580247014765367,0.04962219942910682,0.018987048189364798
"g45057010200",87,0.8867538838920687,0.8510119483052914,0.13554865712906675,0.026580247014765367,0.09292364089671883,0.018987048189364798
"g37097061203",88,0.9121844127332601,0.8958585613950109,0.038565830979360324,0.0360291948242562,0.025701243985674607,0.02444833039231894
"g37097061202",88,0.88296488946684,0.8958585613950109,0.05534781815054616,0.0360291948242562,0.038105807447721705,0.02444833039231894
"g37025041502",89,0.8547562222979884,0.8447888589398024,0.03368731770933723,0.024871861241142636,0.02395842470056149,0.01789757562143015
"g37119005618",89,0.825543120473996,0.8447888589398024,0.028725885264297465,0.024871861241142636,0.021152794809299776,0.01789757562143015
"g37159050901",90,0.8387776606954689,0.8284518828451883,0.05756470441688239,0.03610473968825922,0.04171992522767438,0.026492993108881986
"g37159050904",90,0.8122415219189413,0.8284518828451883,0.027500227657940513,0.03610473968825922,0.02058188749370126,0.026492993108881986
"g37071031101",91,0.9079391891891891,0.8755577590480912,0.09746125373557704,0.03656782183814674,0.06525432921350009,0.025389163306750607
"g37119006007",91,0.870917973772178,0.8755577590480912,0.053457767814786276,0.03656782183814674,0.037313644074779724,0.025389163306750607
"g37071031102",91,0.9146968139773896,0.8755577590480912,0.0990374756775959,0.03656782183814674,0.06581979019452942,0.025389163306750607
"g37119006008",91,0.8466864490603363,0.8755577590480912,0.0648757766795655,0.03656782183814674,0.04657941810573014,0.025389163306750607
"g37071033203",92,0.7694805194805194,0.7406694882647172,0.08520178113665747,0.02860023397370239,0.06731086040062714,0.023473574577871553
"g37071033100",92,0.8473684210526315,0.7406694882647172,0.0835714553588537,0.02860023397370239,0.059954224237505724,0.023473574577871553
"g37071031900",92,0.6653944020356234,0.7406694882647172,0.040495092538340854,0.02860023397370239,0.03699621976920143,0.023473574577871553
"g37071032100",92,0.721370604147881,0.7406694882647172,0.12233205742450798,0.02860023397370239,0.10308985690256789,0.023473574577871553
"g37071033204",92,0.7074877536738978,0.7406694882647172,0.18804031841457525,0.02860023397370239,0.16157201784289413,0.023473574577871553
"g37119006213",93,0.7791547505560852,0.8002050681119086,0.07404640888065032,0.044242215126988574,0.057771597343129505,0.03361008905691073
"g37119006108",93,0.8086253369272237,0.8002050681119086,0.06612119251385827,0.044242215126988574,0.04970813054233317,0.03361008905691073
"g37119006105",93,0.8328748280605227,0.8002050681119086,0.08345927926115287,0.044242215126988574,0.06091566518951971,0.03361008905691073
"g37119003808",94,0.5083240843507214,0.6218167996959331,0.07248367502144154,0.02668128314978722,0.08668293650776979,0.026084250253450174
"g37119003109",94,0.624113475177305,0.6218167996959331,0.07970004731714704,0.02668128314978722,0.07762991621800036,0.026084250253450174
"g37119003700",94,0.6189320388349514,0.6218167996959331,0.10808845158407258,0.02668128314978722,0.10616232684340642,0.026084250253450174
"g37119003201",94,0.6662468513853904,0.6218167996959331,0.09575691986396968,0.02668128314978722,0.0873713600496342,0.026084250253450174
"g37119003807",94,0.5454140694568121,0.6218167996959331,0.07906678207566664,0.02668128314978722,0.08812554682312376,0.026084250253450174
"g37119005824",94,0.607773851590106,0.6218167996959331,0.09309210808683528,0.02668128314978722,0.09311184911491617,0.026084250253450174
"g37119003203",94,0.6640493550196298,0.6218167996959331,0.11015841883422346,0.02668128314978722,0.10084431774286354,0.026084250253450174
"g37119003903",94,0.3740648379052369,0.6218167996959331,0.14044304635922594,0.02668128314978722,0.22823773694042393,0.026084250253450174
"g37119003805",94,0.643859649122807,0.6218167996959331,0.10829709120386855,0.02668128314978722,0.1022491440269085,0.026084250253450174
"g37119003802",94,0.7535545023696683,0.6218167996959331,0.046157517396459305,0.02668128314978722,0.03723590132344216,0.026084250253450174
"g37119003902",94,0.6137884872824632,0.6218167996959331,0.10428982794661118,0.02668128314978722,0.10328977003260739,0.026084250253450174
"g37119003102",94,0.7642015005359056,0.6218167996959331,0.09327839861708635,0.02668128314978722,0.07420057883743211,0.026084250253450174
"g37119005918",95,0.8559276980329612,0.8559276980329612,0.0701682537408709,0.0701682537408709,0.04983536985277358,0.04983536985277358
"g37119002903",96,0.8411042944785276,0.8411042944785276,0.053003267404402414,0.053003267404402414,0.03830777165256693,0.03830777165256693
"g37119005848",97,0.8046647230320699,0.8046647230320699,0.05716555536226649,0.05716555536226649,0.04318705230883531,0.04318705230883531
"g37119005811",98,0.8695652173913043,0.8175132153527924,0.06809631633865701,0.0410083016883551,0.04760532753158393,0.03049376855193416
"g37119003015",98,0.7671790235081374,0.8175132153527924,0.0475027175031323,0.0410083016883551,0.0376405389510646,0.03049376855193416
"g37119005522",99,0.8462594371997255,0.7917713295799047,0.05244076109699328,0.02512372896872117,0.037670341652341365,0.01928938696948655
"g37119005510",99,0.7287899860917941,0.7917713295799047,0.05144318175561651,0.02512372896872117,0.0429100996337366,0.01928938696948655
"g37119005512",99,0.8058165548098434,0.7917713295799047,0.06342443267255155,0.02512372896872117,0.047846976949027877,0.01928938696948655
"g37119005404",99,0.8143573909687379,0.7917713295799047,0.15389163603283754,0.02512372896872117,0.11487726096921076,0.01928938696948655
"g37119006109",99,0.7233009708737864,0.7917713295799047,0.10578756935392736,0.02512372896872117,0.08890981125194931,0.01928938696948655
"g37119005706",100,0.8710089399744572,0.8710089399744572,0.04769677669899845,0.04769677669899845,0.033288982124197376,0.033288982124197376
"g37071030901",101,0.8817504655493482,0.8621426663104461,0.09799897589032111,0.13942793212176208,0.06756315743923694,0.0983115958213055
"g37071030902",101,0.8313356164383562,0.8621426663104461,0.36014288394352784,0.13942793212176208,0.2633495305789103,0.0983115958213055
"g37071031301",101,0.8720852764823451,0.8621426663104461,0.029894647424020954,0.13942793212176208,0.020838601955345596,0.0983115958213055
"g37071030402",102,0.888042203985932,0.8881343817012152,0.07441206616553779,0.05294909444441915,0.05093823061318225,0.03624214986098592
"g37071030301",102,0.8882783882783882,0.8881343817012152,0.06991608761458092,0.05294909444441915,0.0478478160468288,0.03624214986098592
"g37025042503",103,0.8401486988847584,0.8657822191592005,0.08354666792295379,0.03965221977892215,0.06045149869885835,0.02784151988953278
"g37025042504",103,0.8937677053824362,0.8657822191592005,0.11378251203460221,0.03965221977892215,0.07739001969800352,0.02784151988953278
"g37025042603",103,0.8719862227324914,0.8657822191592005,0.04925864660524639,0.03965221977892215,0.03434052653675099,0.02784151988953278
"g37097061205",104,0.9281624154086413,0.9313543599257885,0.06098012804162578,0.035941463281292156,0.03993911629692899,0.023459291961172298
"g37097061204",104,0.9235059760956176,0.9313543599257885,0.06143935013144084,0.035941463281292156,0.0404427799958345,0.023459291961172298
"g37097061201",104,0.9408955223880597,0.9313543599257885,0.06231434326857306,0.035941463281292156,0.04026064407405145,0.023459291961172298
"g37097061407",105,0.7935483870967742,0.8022188217291507,0.06806761373606551,0.061533864522002844,0.052143623837152014,0.04662892911440006
"g37097061404",105,0.8184818481848185,0.8022188217291507,0.12064332446583559,0.061533864522002844,0.08960419480622654,0.04662892911440006
"g37071033202",106,0.8343558282208589,0.7995642701525054,0.028539716177073217,0.11378707675170825,0.020793732061786762,0.08651146356978721
"g37071033400",106,0.7463075586446568,0.7995642701525054,0.21179361022802942,0.11378707675170825,0.17251589313399823,0.08651146356978721
"g37071032702",106,0.8247232472324724,0.7995642701525054,0.08025370179271799,0.11378707675170825,0.05915492866547417,0.08651146356978721
"g37119005610",107,0.7931377424167081,0.7014758311914435,0.09207412993835554,0.020860976475334397,0.07057048539071871,0.018078234633283917
"g37119005306",107,0.7463271302644466,0.7014758311914435,0.061247961590776744,0.020860976475334397,0.04988804759845157,0.018078234633283917
"g37119005514",107,0.8243547982961664,0.7014758311914435,0.043297968758365876,0.020860976475334397,0.0319291568471537,0.018078234633283917
"g37119005307",107,0.5402061855670103,0.7014758311914435,0.09022995366525151,0.020860976475334397,0.10153722250550358,0.018078234633283917
"g37119005305",107,0.6523955147808359,0.7014758311914435,0.10154806184195724,0.020860976475334397,0.09462257662135262,0.018078234633283917
"g37119005604",107,0.5828571428571429,0.7014758311914435,0.06756740173091706,0.020860976475334397,0.07047079863466528,0.018078234633283917
"g37119005609",107,0.6331109763493026,0.7014758311914435,0.0733700375638164,0.020860976475334397,0.07044870205937721,0.018078234633283917
"g37119005524",107,0.8065395095367848,0.7014758311914435,0.068426715203058,0.020860976475334397,0.05157439513579702,0.018078234633283917
"g37119005523",107,0.7547576301615799,0.7014758311914435,0.038460475541655534,0.020860976475334397,0.0309771340606314,0.018078234633283917
"g37119005308",107,0.29961587708066584,0.7014758311914435,0.05991886435812261,0.020860976475334397,0.12157180023301314,0.018078234633283917
"g37119005301",107,0.6920473773265652,0.7014758311914435,0.09819963907923938,0.020860976475334397,0.08625974345587574,0.018078234633283917
"g37119006006",108,0.8476767676767677,0.786673058485139,0.15082786514752158,0.03754761028836529,0.10816466289797373,0.02901496976657424
"g37119005906",108,0.6977018267530937,0.786673058485139,0.0998689673976494,0.03754761028836529,0.08701513476228695,0.02901496976657424
"g37119003012",109,0.7620396600566572,0.7913550702961412,0.06727563239390598,0.01726264871298294,0.05366786417113662,0.013260812711728057
"g37119003008",109,0.7971830985915493,0.7913550702961412,0.015311604683997343,0.01726264871298294,0.011676070892240232,0.013260812711728057
"g37119003006",109,0.8082652570879385,0.7913550702961412,0.1035673610185078,0.01726264871298294,0.07789383686359586,0.013260812711728057
"g37119000600",110,0.7116644823066841,0.7468354430379747,0.08267684792059272,0.05817022727383162,0.07062243974252269,0.04734890479246508
"g37119002500",110,0.8049837486457205,0.7468354430379747,0.06924821616137475,0.05817022727383162,0.05229444707192061,0.04734890479246508
"g37119005513",111,0.7674530572941742,0.7674530572941742,0.05710373207637736,0.05710373207637736,0.045232101963913224,0.045232101963913224
"g37119006403",112,0.726982680036463,0.7269703172978506,0.07712803527305188,0.07230758954129836,0.06449444384105948,0.06046461655746329
"g37119006405",112,0.7269544924154026,0.7269703172978506,0.13203545550025306,0.07230758954129836,0.11041229599273723,0.06046461655746329
"g37071032402",113,0.9145850120870266,0.9002656363197296,0.054896000148247644,0.045385173996041306,0.03648805547927926,0.03064625629714296
"g37071032502",113,0.8788426763110307,0.9002656363197296,0.07240514583892452,0.045385173996041306,0.05008323720580542,0.03064625629714296
"g37025041302",114,0.8664024908010189,0.8545181852268466,0.0601729440588821,0.0413887013359354,0.04221975085322465,0.029443849409486033
"g37025041301",114,0.8312048861743476,0.8545181852268466,0.030256982731602176,0.0413887013359354,0.02212848225310419,0.029443849409486033
"g37119005843",115,0.8412931667891257,0.8258463541666666,0.10715091437539444,0.06780194998950241,0.07742525024351246,0.04990878832015686
"g37119005845",115,0.8135593220338984,0.8258463541666666,0.08599613772531478,0.06780194998950241,0.06425749906020228,0.04990878832015686
"g37119005612",116,0.8330058939096268,0.8276877761413843,0.06207465839920238,0.03411608593888562,0.04530022527555486,0.025056866329006625
"g37119005613",116,0.7835926449787836,0.8276877761413843,0.052465644624295316,0.03411608593888562,0.04070228210349357,0.025056866329006625
"g37119005605",116,0.8326180257510729,0.8276877761413843,0.04376696557328826,0.03411608593888562,0.031954698644991585,0.025056866329006625
"g45091061103",117,0.8174491941135249,0.814746785620572,0.02831516253425909,0.03181192811665077,0.021056800699563796,0.023735666672061652
"g45091061203",117,0.8142348754448399,0.814746785620572,0.07258916096287206,0.03181192811665077,0.05419461982317429,0.023735666672061652
"g45091061202",117,0.8115423901940756,0.814746785620572,0.05271279178303362,0.03181192811665077,0.039485614936724873,0.023735666672061652
"g45091060802",118,0.8458049886621315,0.8695077634621737,0.029158594429952386,0.040183127504992276,0.020957064047538648,0.028093404291722086
"g45091060700",118,0.8792540792540793,0.8695077634621737,0.05451066595712522,0.040183127504992276,0.037687835330570026,0.028093404291722086
"g45057011202",119,0.7932857520486386,0.7780065191284955,0.061903368856517815,0.04704613362575195,0.047437165197053245,0.03675994047037169
"g37179021015",119,0.7497556207233627,0.7780065191284955,0.06591524623271289,0.04704613362575195,0.053444158860016154,0.03675994047037169
"g37119003018",120,0.8204895738893926,0.7552895322939867,0.1021009188832634,0.04443203366660246,0.07564682095634824,0.03576159030099051
"g37119003013",120,0.7263961430293291,0.7552895322939867,0.043533722346891034,0.04443203366660246,0.0364322816934569,0.03576159030099051
"g37025042502",121,0.9403927068723703,0.9147133578085287,0.08146692684723048,0.04431338717771083,0.05266307078560465,0.029449913524714284
"g37025042501",121,0.8973995271867612,0.9147133578085287,0.04746057838117714,0.04431338717771083,0.03215002298890519,0.029449913524714284
"g37097061408",122,0.7345553292600135,0.737586471944658,0.13415749478758757,0.05257446574137324,0.11102595656030233,0.043330731731893474
"g37119006404",122,0.7536764705882353,0.737586471944658,0.05950476215960324,0.05257446574137324,0.047995538015900605,0.043330731731893474
"g37119006304",122,0.726890756302521,0.737586471944658,0.08682613771238445,0.05257446574137324,0.07261317629371718,0.043330731731893474
"g37119005830",123,0.795938583457157,0.7882045322486926,0.09391951013670695,0.07278142035584603,0.07173157366839657,0.05613266953211254
"g37119005839",123,0.7772312016865777,0.7882045322486926,0.1141950801554682,0.07278142035584603,0.08931641120895213,0.05613266953211254
"g37109071001",124,0.8204334365325078,0.7950134368468199,0.06293163415664466,0.0418307533007403,0.04662939228673791,0.031985659843698624
"g37109070902",124,0.7915808065940536,0.7950134368468199,0.06699186691078554,0.0418307533007403,0.05144710283049787,0.031985659843698624
"g37071030203",124,0.7509615384615385,0.7950134368468199,0.06804667947704912,0.0418307533007403,0.05508372996674911,0.031985659843698624
"g37025041602",125,0.8800588668138337,0.8875289447568641,0.05437022073417725,0.04285604805690238,0.03755635806169851,0.029353756858394888
"g37025041701",125,0.8936298076923077,0.8875289447568641,0.06433303591711739,0.04285604805690238,0.04376334381911044,0.029353756858394888
"g37097061104",126,0.941031941031941,0.8326018808777429,0.28036674227059605,0.0469881611693767,0.18111575405196947,0.03430719095156729
"g37097060300",126,0.7270408163265306,0.8326018808777429,0.1355135844437921,0.0469881611693767,0.11330736437256228,0.03430719095156729
"g37097060400",126,0.8291457286432161,0.8326018808777429,0.072020884129224,0.0469881611693767,0.052803374566512205,0.03430719095156729
"g37179021010",127,0.8310983397190294,0.8249939569736524,0.06642287883390895,0.05842806378501717,0.04858468344517206,0.04305313936942622
"g37179021009",127,0.8059701492537313,0.8249939569736524,0.12249109562800473,0.05842806378501717,0.09238887095661732,0.04305313936942622
"g37179021012",128,0.8550316678395496,0.8878732480195003,0.07138339476291286,0.037268746732462096,0.05075152486427216,0.025516900233427262
"g37179021013",128,0.9129500268672757,0.8878732480195003,0.03695953923322261,0.037268746732462096,0.02461011484067233,0.025516900233427262
"g37119005836",129,0.7281600780868717,0.7281600780868717,0.08114146573833551,0.08114146573833551,0.06774076260740136,0.06774076260740136
"g37159051302",130,0.8348294434470377,0.8294158715382826,0.07444396513230335,0.04591668349905736,0.054208306145952824,0.03365365730855489
"g37159051303",130,0.8235862735621073,0.8294158715382826,0.051931975188887,0.04591668349905736,0.03833185519707151,0.03365365730855489
"g37119005834",131,0.7712158808933003,0.7571341833636915,0.09571462369747705,0.040093502142921726,0.07544603660341828,0.03219105697047605
"g37119005812",131,0.7375264590263079,0.7571341833636915,0.04397239007429729,0.040093502142921726,0.03624403692671423,0.03219105697047605
"g37119005835",131,0.7859399684044234,0.7571341833636915,0.08730262677291685,0.040093502142921726,0.06752615692108735,0.03219105697047605
"g37109071201",132,0.7765151515151515,0.8280087527352298,0.11223054653067,0.062269323436786234,0.087860817804424,0.04571653612814042
"g37109071202",132,0.855324849296718,0.8280087527352298,0.07438466535581843,0.062269323436786234,0.05286721365674056,0.04571653612814042
"g37119005520",133,0.7370766488413547,0.8091185410334346,0.021408352580287636,0.045879968290665527,0.017656503048762862,0.034470299241672074
"g37119005518",133,0.8691936083240431,0.8091185410334346,0.08085432789927713,0.045879968290665527,0.056548468190873336,0.034470299241672074
"g37071032507",134,0.7825581395348837,0.8228038507821901,0.044236387014384045,0.03866484935773824,0.03436347961752736,0.02856630735542793
"g37071032506",134,0.8659600997506235,0.8228038507821901,0.06609148397103029,0.03866484935773824,0.04639612600503416,0.02856630735542793
"g37179020800",135,0.7426614481409002,0.7426614481409002,0.05251629753706898,0.05251629753706898,0.04298701785895255,0.04298701785895255
"g37119006211",136,0.8067226890756303,0.7901014274981217,0.0693420052042265,0.03062045390695956,0.05225239753864585,0.023559326747634043
"g37119006406",136,0.7974193548387096,0.7901014274981217,0.03846355798285486,0.03062045390695956,0.02932221543828265,0.023559326747634043
"g37119006212",136,0.7681660899653979,0.7901014274981217,0.09071373394307304,0.03062045390695956,0.07178802571140531,0.023559326747634043
"g37119006209",136,0.7780908770693906,0.7901014274981217,0.05608568565752578,0.03062045390695956,0.04381832860643752,0.023559326747634043
"g37097061401",137,0.7965179542981502,0.8105885376509895,0.0743801762366426,0.05299749709898328,0.056766972246976716,0.039745594673458305
"g37109071203",137,0.8231855820750121,0.8105885376509895,0.07508563016189555,0.05299749709898328,0.05544893031505605,0.039745594673458305
"g37159051400",138,0.8877096884628551,0.8561249657440395,0.04169049619400867,0.0502225655401051,0.02854961144692792,0.03566118989679733
"g37025040701",138,0.7293956043956044,0.8561249657440395,0.1637109684104401,0.0502225655401051,0.1364422063123434,0.03566118989679733
"g37071033303",139,0.8162668227033353,0.8782777597928132,0.064716694273305,0.04356285181140447,0.04819680818950801,0.030152165974572147
"g37071032505",139,0.9550724637681159,0.8782777597928132,0.2708297696108996,0.04356285181140447,0.17238289665332546,0.030152165974572147
"g37097061502",140,0.8386346004654771,0.8756815703380589,0.17198850055078882,0.06430083477933093,0.12466964743888878,0.04463797650349673
"g37097061601",140,0.908344733242134,0.8756815703380589,0.1168111228944074,0.06430083477933093,0.07817494674974532,0.04463797650349673
"g37159050300",141,0.8004587155963303,0.7996497373029773,0.0795255029711465,0.06680501307091419,0.060395083295599006,0.0507859232619214
"g37159052000",141,0.7983798379837984,0.7996497373029773,0.11795173247550486,0.06680501307091419,0.08981086122772083,0.0507859232619214
"g37159051301",142,0.867195242814668,0.8938381588715665,0.02980078900475928,0.04600420808398686,0.020890314272376632,0.03128763710081405
"g37159051902",142,0.9027044854881267,0.8938381588715665,0.06022567527439532,0.04600420808398686,0.040557406481252986,0.03128763710081405
"g37119005521",143,0.8708233890214797,0.8755696202531645,0.0381600003740372,0.026306834380892628,0.026638660500956986,0.018264677318869615
"g37025042602",143,0.900355871886121,0.8755696202531645,0.053035700586880445,0.026306834380892628,0.03580867129981476,0.018264677318869615
"g37025042601",143,0.8628438589693918,0.8755696202531645,0.04965387882214479,0.026306834380892628,0.034982840120476574,0.018264677318869615
"g45091060905",144,0.8352448169386855,0.8352448169386855,0.05730736994960911,0.05730736994960911,0.041709096846519036,0.041709096846519036
"g37025040702",145,0.8408534452605806,0.8408534452605806,0.058120463204038145,0.058120463204038145,0.042018723682501063,0.042018723682501063
"g37097060702",146,0.89,0.9073442826154323,0.0836233256229104,0.048368628660579074,0.05711780719436522,0.032406025189697346
"g37097060703",146,0.9266535690897184,0.9073442826154323,0.047741203650542866,0.048368628660579074,0.031319156658201404,0.032406025189697346
"g45091061705",147,0.7245283018867924,0.7783926852743022,0.031996782068588046,0.02171228803283194,0.026846337538550633,0.016956684640252094
"g45091061701",147,0.8344793713163065,0.7783926852743022,0.03341156172986405,0.02171228803283194,0.024339702661498794,0.016956684640252094
"g37159051101",148,0.9034090909090909,0.9034090909090909,0.03707795891552634,0.03707795891552634,0.024949707591644724,0.024949707591644724
"g45091061007",149,0.8248002367564368,0.7876588021778584,0.06702935998060398,0.04965536246561535,0.04940266682686787,0.03832323157530018
"g45091061006",149,0.7082278481012658,0.7876588021778584,0.061077188948930584,0.04965536246561535,0.05242520516815671,0.03832323157530018
"g37119005712",150,0.8324768756423433,0.8118771608704495,0.042678700423915764,0.05251186619578982,0.031165428730886742,0.03931888794072926
"g37179020312",150,0.7806324110671937,0.8118771608704495,0.12187054885554652,0.05251186619578982,0.09490438647363554,0.03931888794072926
"g37179020313",150,0.8363252375923971,0.8118771608704495,0.22977235253882616,0.05251186619578982,0.16701545688977032,0.03931888794072926
"g37179020902",151,0.7678571428571429,0.807557299194714,0.08800299329323207,0.054029516167260115,0.06967085070221242,0.04067165353088604
"g37179020901",151,0.859456884230586,0.807557299194714,0.043471115505793245,0.054029516167260115,0.030747569213520787,0.04067165353088604
"g45091061900",152,0.8595224875069406,0.8765139547130069,0.03853962543682212,0.030879884462680435,0.0272573947408232,0.021416619938307693
"g45023020601",152,0.9245867768595041,0.8765139547130069,0.0603483514917065,0.030879884462680435,0.039678188004260005,0.021416619938307693
"g45023020500",152,0.8610301263362488,0.8765139547130069,0.0637616269093582,0.030879884462680435,0.04501685392476661,0.021416619938307693
"g45091061008",153,0.847247990105133,0.8373101952277657,0.04817082671721429,0.01729047211176812,0.03456269908891598,0.012553203526977816
"g45091061005",153,0.8332056194125159,0.8373101952277657,0.015106307165275194,0.01729047211176812,0.011021487656900662,0.012553203526977816
"g37119005815",154,0.8867334167709637,0.8444790046656299,0.042768874307381986,0.048833198885780596,0.029320329195503324,0.035152839827768644
"g37119003017",154,0.8027210884353742,0.8444790046656299,0.089275573419079,0.048833198885780596,0.06760862033179442,0.035152839827768644
"g45091060401",155,0.5756266205704408,0.686426116838488,0.050521001690983225,0.05302092241050298,0.05335377835872431,0.04695561981795289
"g45091060502",155,0.8624288425047438,0.686426116838488,0.2029718386981197,0.05302092241050298,0.14306935239821852,0.04695561981795289
"g45091060501",155,0.6416861826697893,0.686426116838488,0.1455948222799828,0.05302092241050298,0.13792955674916837,0.04695561981795289
"g37119006103",156,0.7928496319663512,0.8216766273623001,0.07173639278785388,0.03996650024463731,0.0550025473392154,0.029568499359120856
"g37119006104",156,0.8344602471438564,0.8216766273623001,0.04739440859589346,0.03996650024463731,0.03452673837299598,0.029568499359120856
"g37119005816",157,0.8467236467236468,0.8467236467236468,0.08634200463841613,0.08634200463841613,0.06198898662712993,0.06198898662712993
"g37071030205",158,0.9117889530090684,0.8761250953470633,0.05856404087606561,0.014035934512827601,0.03904548364690392,0.009738886640544554
"g37071031004",158,0.9323164918970448,0.8761250953470633,0.2106666673991724,0.014035934512827601,0.1373619843870512,0.009738886640544554
"g37071031003",158,0.8363832077502691,0.8761250953470633,0.17409098486120847,0.014035934512827601,0.12653337005477594,0.009738886640544554
"g37071033500",158,0.864476386036961,0.8761250953470633,0.05800802092309944,0.014035934512827601,0.04079143765322026,0.009738886640544554
"g37179020404",159,0.6543942992874109,0.7270366320393657,0.18220830094830087,0.0994279149503278,0.1692632785909778,0.08313542788073473
"g37179020501",159,0.6963628933387822,0.7270366320393657,0.1714251111773047,0.0994279149503278,0.14964868896030956,0.08313542788073473
"g37179020403",159,0.8373879641485276,0.7270366320393657,0.0676830889037687,0.0994279149503278,0.04913461460811035,0.08313542788073473
"g37071030204",160,0.8277276456111566,0.8306721128852581,0.07556100599629152,0.047353194187113784,0.0554937877096884,0.03465402995650586
"g37071030102",160,0.8331071913161465,0.8306721128852581,0.059794914323300426,0.047353194187113784,0.0436312306132218,0.03465402995650586
"g37179020204",161,0.850634371395617,0.8483041371598956,0.03664681252695242,0.016163230212856993,0.026189510245421873,0.011582723025276392
"g37025041601",161,0.8471916299559471,0.8483041371598956,0.016709411695015018,0.016163230212856993,0.01198984588594752,0.011582723025276392
"g37179020308",162,0.8984835720303286,0.8984835720303286,0.07903237214035229,0.07903237214035229,0.053472313482073236,0.053472313482073236
"g37119005829",163,0.7925445705024311,0.7526812249644657,0.13876244688033837,0.040534445790749954,0.10643448228836068,0.03273763136826267
"g37119005826",163,0.7790769230769231,0.7526812249644657,0.032140660706584584,0.040534445790749954,0.025078904261657445,0.03273763136826267
"g37119003108",163,0.7924731182795699,0.7526812249644657,0.06529802212932741,0.040534445790749954,0.05008983316103194,0.03273763136826267
"g37119003106",163,0.6467565831727682,0.7526812249644657,0.11359630461453407,0.040534445790749954,0.1067720161210913,0.03273763136826267
"g37119005827",163,0.7518796992481203,0.7526812249644657,0.15423579916565927,0.040534445790749954,0.12470128443180963,0.03273763136826267
"g37179021005",164,0.8055152394775036,0.8061342592592593,0.025807765221455534,0.0368109657265342,0.019476491949486967,0.027759007270591385
"g37179020502",164,0.8070554355651548,0.8061342592592593,0.08318585102934388,0.0368109657265342,0.06265852898370627,0.027759007270591385
"g37119005508",165,0.8305597579425114,0.8375254928619986,0.03319506137342974,0.03797021567612546,0.024296106840109466,0.02755999450301018
"g37119005511",165,0.8432098765432099,0.8375254928619986,0.062136234701110946,0.03797021567612546,0.044796423883457004,0.02755999450301018
"g37179020305",166,0.831207065750736,0.8491041433370661,0.06845647909835854,0.047795495063874725,0.05006560052911751,0.03421843177292147
"g37179020309",166,0.8728813559322034,0.8491041433370661,0.06183986224146086,0.047795495063874725,0.043067275028727134,0.03421843177292147
"g37119001923",167,0.8078635014836796,0.8105263157894737,0.05951875073807389,0.05859029264082215,0.0447867880210916,0.043943297681901895
"g37119001922",167,0.8122586872586872,0.8105263157894737,0.08872231701066984,0.05859029264082215,0.0664006923683854,0.043943297681901895
"g37119002904",168,0.7826231691078562,0.7826231691078562,0.019323641211859963,0.019323641211859963,0.015009642976842895,0.015009642976842895
"g37119005911",169,0.7735928903935675,0.7994222038794883,0.044921550510423014,0.021244693472990097,0.03530013496775242,0.016155052005986447
"g37119005910",169,0.8240032219089811,0.7994222038794883,0.15121360035297615,0.021244693472990097,0.11155679840163764,0.016155052005986447
"g37109070201",170,0.8653702318623785,0.852448021462106,0.06233520764837079,0.04662819172901554,0.04378905335088479,0.03325176971819914
"g37109070300",170,0.8419452887537994,0.852448021462106,0.06621210124273763,0.04662819172901554,0.0478065712943954,0.03325176971819914
"g45091060907",171,0.7979683972911964,0.7768409818569904,0.12892972171620834,0.0870053564142857,0.09822034405451399,0.06808445410074257
"g45091060803",171,0.764525993883792,0.7768409818569904,0.17579182896045348,0.0870053564142857,0.1397785484986463,0.06808445410074257
"g45091060804",171,0.7521689928328933,0.7768409818569904,0.030732117815579683,0.0870053564142857,0.024837687631009055,0.06808445410074257
"g37119001916",172,0.8079710144927537,0.7441491471638239,0.08994041803343424,0.03058819636115954,0.06766953910403274,0.024987797560120543
"g37119001911",172,0.8222399362295736,0.7441491471638239,0.05715268738595018,0.03058819636115954,0.04225442413557999,0.024987797560120543
"g37119001917",172,0.5992943548387096,0.7441491471638239,0.038865712392734036,0.03058819636115954,0.03942398704803369,0.024987797560120543
"g37119001921",172,0.7161687170474517,0.7441491471638239,0.0750383497243755,0.03058819636115954,0.06369451357438552,0.024987797560120543
"g37119006407",173,0.8260355029585799,0.798619376338967,0.04862889099611968,0.039734471970529914,0.035787367199137034,0.030245564937003006
"g37119006303",173,0.7801672640382318,0.798619376338967,0.05770934936509595,0.039734471970529914,0.04496685898479806,0.030245564937003006
"g37159051901",174,0.8547821732598898,0.8547821732598898,0.04791907266416429,0.04791907266416429,0.03407901599896585,0.03407901599896585
"g37119005716",175,0.876062639821029,0.8516377649325626,0.059536194918547725,0.12050884853089712,0.041312360681594384,0.08601973949240893
"g37119005710",175,0.8231611893583725,0.8516377649325626,0.1508954350771082,0.12050884853089712,0.11143594833320482,0.08601973949240893
"g45057010400",176,0.8143086816720257,0.8930192962542566,0.03631128913802514,0.02715322274788529,0.027107327350944278,0.018483943691931768
"g45057011100",176,0.9359649122807018,0.8930192962542566,0.037660667496993094,0.02715322274788529,0.024460343004459355,0.018483943691931768
"g37119002004",177,0.8512071869736103,0.8539925719591458,0.032519446174286586,0.03144808621983537,0.023224263834761297,0.02238588281556138
"g37119002003",177,0.8559556786703602,0.8539925719591458,0.04892957825592121,0.03144808621983537,0.0347499586869843,0.02238588281556138
"g37179021014",178,0.8349587396849212,0.8535816618911175,0.10575795749815284,0.0471765868019418,0.07699847742760345,0.03359816342335087
"g37179021004",178,0.8650904033379694,0.8535816618911175,0.040201738217229506,0.0471765868019418,0.028249933813063084,0.03359816342335087
"g37071031704",179,0.8697674418604651,0.8697674418604651,0.06475029423224954,0.06475029423224954,0.045255638573976076,0.045255638573976076
"g37119005621",180,0.8346171273221568,0.8220753793441018,0.09364329518704696,0.06410441532239321,0.0682061432095458,0.04740349901635196
"g37119005619",180,0.807344332091538,0.8220753793441018,0.08722503993447533,0.06410441532239321,0.06567747896158799,0.04740349901635196
"g37097060602",181,0.890625,0.8717302237630004,0.037922041934682925,0.048048490056600175,0.025883972525139524,0.03350670625937455
"g37097060601",181,0.8627268496975338,0.8717302237630004,0.06928078704045118,0.048048490056600175,0.04881728206160001,0.03350670625937455
"g45057011201",182,0.8862315601251677,0.8766131570664148,0.058181828461646594,0.04448134950059339,0.03990931295299016,0.030846370288810595
"g37119005825",182,0.8537234042553191,0.8766131570664148,0.05457832757999161,0.04448134950059339,0.03886307259812487,0.030846370288810595
"g37071033307",183,0.8676789587852495,0.8581477139507621,0.06573425273927992,0.02870088273908907,0.0460539369495563,0.02033140081422673
"g37119005908",183,0.8696236559139785,0.8581477139507621,0.2934816557888896,0.02870088273908907,0.20515575925072355,0.02033140081422673
"g45091061707",183,0.8531286210892236,0.8581477139507621,0.03938037464191768,0.02870088273908907,0.028060759984497932,0.02033140081422673
"g45057011002",184,0.8390739695087521,0.8605686032138442,0.06492571473065796,0.04271553784184871,0.047038188559481296,0.030174110707850962
"g45057011001",184,0.8773087071240105,0.8605686032138442,0.0535542363255851,0.04271553784184871,0.03710867850610737,0.030174110707850962
"g37119005912",185,0.8254083484573502,0.7996364370834175,0.08486579010995352,0.05298176083650998,0.06250257349579412,0.04027800116875189
"g37119005907",185,0.767304189435337,0.7996364370834175,0.05023734901002239,0.05298176083650998,0.0398009320307051,0.04027800116875189
"g37179021011",186,0.7939538583929993,0.8082191780821918,0.07186097314115247,0.04802636905466846,0.055021436939793666,0.03612307393736332
"g37179020317",186,0.8242940385477364,0.8082191780821918,0.06225128376821604,0.04802636905466846,0.04590925558752857,0.03612307393736332
"g37119003016",187,0.8007197480881691,0.8007197480881691,0.036739631685744026,0.036739631685744026,0.027892558736863145,0.027892558736863145
"g37119005620",188,0.834705301284162,0.812358276643991,0.05080825342547786,0.024553988989735563,0.03700285142429723,0.018374204467382405
"g37119005617",188,0.849112426035503,0.812358276643991,0.15418130012865433,0.024553988989735563,0.11038259628159486,0.018374204467382405
"g37119001508",188,0.7773710482529118,0.812358276643991,0.13231545750922025,0.024553988989735563,0.10347044536557617,0.018374204467382405
"g37025041501",189,0.8486094316807739,0.8486094316807739,0.0498206237208105,0.0498206237208105,0.03568908418483629,0.03568908418483629
"g45023020602",190,0.9052383755150089,0.8143421452446065,0.055989993915788475,0.03082033169658946,0.03759945599540105,0.02300723849146575
"g45023020200",190,0.7683863885839737,0.8143421452446065,0.0856924092225735,0.03082033169658946,0.06779486304973031,0.02300723849146575
"g45023020100",190,0.6490455212922174,0.8143421452446065,0.22773823514402367,0.03082033169658946,0.2133019820559767,0.02300723849146575
"g37119006215",191,0.8555337904015671,0.8646075243845797,0.024043267935389818,0.03605282625861666,0.017084033984117283,0.025348624768175378
"g37119006214",191,0.872791519434629,0.8646075243845797,0.0645533207148635,0.03605282625861666,0.04496164247518888,0.025348624768175378
"g37109070100",192,0.826644370122631,0.8295488056620466,0.08892227215160549,0.029196179117273024,0.06539219820169836,0.021395289863858923
"g37109070800",192,0.788750817527796,0.8295488056620466,0.04996070931802349,0.029196179117273024,0.03850550920537026,0.021395289863858923
"g37071030601",192,0.8616636528028933,0.8295488056620466,0.10776334748632103,0.029196179117273024,0.07602692015288216,0.021395289863858923
"g37109070400",192,0.8815548221488816,0.8295488056620466,0.1687921519190271,0.029196179117273024,0.11639572300552445,0.021395289863858923
"g37071030700",192,0.7977150537634409,0.8295488056620466,0.1017842575447365,0.029196179117273024,0.07756520114132479,0.021395289863858923
"g37119005841",193,0.8622033297910024,0.8622033297910024,0.028032036930983634,0.028032036930983634,0.019764191745651596,0.019764191745651596
"g37025041303",194,0.8041170794467675,0.8041170794467675,0.05033006011763409,0.05033006011763409,0.03804891353330684,0.03804891353330684
"g37119005847",195,0.769518466573165,0.769518466573165,0.06062366854455263,0.06062366854455263,0.047891370446471716,0.047891370446471716
"g37159051802",196,0.8495762711864406,0.8783700980392157,0.05744563029452869,0.0391636926478269,0.04110443874965708,0.02710442437473843
"g37159051202",196,0.9178779069767442,0.8783700980392157,0.04987009005319598,0.0391636926478269,0.03302853673200426,0.02710442437473843
"g37109071102",197,0.8013383521539105,0.8247078464106845,0.0999355593507871,0.052320846265315066,0.07581204586801656,0.038566367120243805
"g37109071101",197,0.8479800083298625,0.8247078464106845,0.028248871865329137,0.052320846265315066,0.02025114544540378,0.038566367120243805
"g45091061403",198,0.8620952380952381,0.8637040187114607,0.049636080027238884,0.04057464468328728,0.03500066755712071,0.02855774311926538
"g45091061301",198,0.8657362848893166,0.8637040187114607,0.06694134369835246,0.04057464468328728,0.047004875118117434,0.02855774311926538
"g37119005515",199,0.6873156342182891,0.8150785854616895,0.12374358117367035,0.06095508446902848,0.10944616673721706,0.0454615827922469
"g37119005516",199,0.840153452685422,0.8150785854616895,0.15264985777961204,0.06095508446902848,0.11045156790204773,0.0454615827922469
"g37119005517",199,0.8636163660360757,0.8150785854616895,0.07596501970126318,0.06095508446902848,0.05347205669040508,0.0454615827922469
"g37097060801",200,0.801570306923626,0.8288414420721036,0.10427793103737562,0.06240346258712086,0.0790833180681161,0.04576898992940429
"g37097060901",200,0.8550824175824175,0.8288414420721036,0.07042473711814902,0.06240346258712086,0.050066975375801064,0.04576898992940429
"g45091060906",201,0.8430304530824462,0.8430304530824462,0.05605719946413374,0.05605719946413374,0.04042241271072598,0.04042241271072598
"g37119005614",202,0.8865174388339406,0.8823127703164124,0.039516556052689965,0.038581794615064,0.027097292700782788,0.026582385836929023
"g37119005615",202,0.852994555353902,0.8823127703164124,0.12876698934258324,0.038581794615064,0.09176823530720218,0.026582385836929023
"g37119005401",203,0.826811840762164,0.854256233877902,0.04316338900698825,0.02779515619363204,0.03173532472551527,0.01977948865387576
"g37119005403",203,0.9013426736719206,0.854256233877902,0.02729345138115195,0.02779515619363204,0.018407831163642887,0.01977948865387576
"g37179020310",204,0.8399715504978663,0.8399715504978663,0.0411237411809934,0.0411237411809934,0.029762001755493758,0.029762001755493758
"g37159051700",205,0.8218923933209648,0.8218923933209648,0.04838697355792081,0.04838697355792081,0.035788837846019904,0.035788837846019904
"g37119005917",206,0.8160579137874301,0.8160579137874301,0.05245306687270374,0.05245306687270374,0.03907365188404419,0.03907365188404419
"g37119001100",207,0.7680776014109347,0.789712556732224,0.06041365504845096,0.034462236719266535,0.04781499434667443,0.026528244734927833
"g37119001000",207,0.760519801980198,0.789712556732224,0.07229343627330566,0.034462236719266535,0.05778597422356968,0.026528244734927833
"g37119002400",207,0.8279168886521044,0.789712556732224,0.045508196482250886,0.034462236719266535,0.033414654914343964,0.026528244734927833
"g37119005842",208,0.8525033829499323,0.8525033829499323,0.040323319160587505,0.040323319160587505,0.028753734606719896,0.028753734606719896
"g45023020800",209,0.8209313490158425,0.8209313490158425,0.04529906307820004,0.04529906307820004,0.0335441257014489,0.0335441257014489
"g37119005817",210,0.7947976878612717,0.7947976878612717,0.06453161507697086,0.06453161507697086,0.04935714576763065,0.04935714576763065
"g37109070600",211,0.8433670751198722,0.8496336412870341,0.03465165677800548,0.04207319203148864,0.0249770681931373,0.03010286703223864
"g37109070700",211,0.8589540412044374,0.8496336412870341,0.09119698081245764,0.04207319203148864,0.06454232875274596,0.03010286703223864
"g37119005823",212,0.8447606727037517,0.833658796378484,0.04059202710167811,0.04219435485063457,0.02921064523298797,0.03076805984704366
"g37119005846",212,0.8093891402714932,0.833658796378484,0.1004592340582756,0.04219435485063457,0.07545127573127014,0.03076805984704366
"g37119002906",213,0.7548291233283804,0.7741444866920152,0.05825370857914684,0.026609445091103533,0.046914709180487076,0.02089526534225948
"g37119003105",213,0.7746478873239436,0.7741444866920152,0.05023371163706757,0.026609445091103533,0.03942076293154792,0.02089526534225948
"g37119003011",213,0.7889408099688473,0.7741444866920152,0.03163634345914957,0.026609445091103533,0.02437675867314459,0.02089526534225948
"g37119006107",214,0.8036734693877551,0.8470009372071228,0.04967662559034354,0.03096027793260471,0.03757565446683215,0.02222056295599758
"g37119006106",214,0.9053905390539054,0.8470009372071228,0.04386534439788715,0.03096027793260471,0.029452332121476705,0.02222056295599758
"g37119005713",215,0.7793457344451572,0.8038482095136291,0.21096789158337184,0.1278154748329247,0.16455849148985036,0.09665926462054668
"g37119005714",215,0.8213467704993128,0.8038482095136291,0.05254925256536207,0.1278154748329247,0.03889323673461143,0.09665926462054668
"g37179020311",216,0.8332066869300911,0.8332066869300911,0.0609334542528034,0.0609334542528034,0.04445669256930481,0.04445669256930481
"g37119002905",217,0.7474466109563602,0.8141737426518615,0.08438944715596322,0.004085089547746864,0.06863443492380253,0.0030501316623203685
"g37119002702",217,0.8258606885508407,0.8141737426518615,0.1384414915010667,0.004085089547746864,0.10190454947855752,0.0030501316623203685
"g37119002200",217,0.830914083954492,0.8141737426518615,0.039800527705628926,0.004085089547746864,0.029118353071989154,0.0030501316623203685
"g37119003806",218,0.7025316455696202,0.7514270887389725,0.043292892022683764,0.03278303561624931,0.03746146904123352,0.02652139818994123
"g37119005916",218,0.8596673596673596,0.7514270887389725,0.1100668133069374,0.03278303561624931,0.07783233381083993,0.02652139818994123
"g37119005915",218,0.7668112798264642,0.7514270887389725,0.24323796007537707,0.03278303561624931,0.1928310461941571,0.02652139818994123
"g37119005913",218,0.7847901546229095,0.7514270887389725,0.07803275042097566,0.03278303561624931,0.060444594220419576,0.02652139818994123
"g37119003007",219,0.8384640847401522,0.8384640847401522,0.03892767282213673,0.03892767282213673,0.028223318360720572,0.028223318360720572
