"TID","RID","t_avgroomsE","r_avgroomsE","t_avgroomsM","r_avgroomsM","t_avgroomsCV","r_avgroomsCV"
"g37119003015",0,7.956911024062675,6.839508437270727,0.3025288139249213,0.16749681256072407,0.023113001140168603,0.014887293653849654
"g37119003016",0,5.750254323499491,6.839508437270727,0.2432023117338865,0.16749681256072407,0.025710749869604508,0.014887293653849654
"g37119005811",0,6.924661565626839,6.839508437270727,0.33496767553311263,0.16749681256072407,0.02940616871332895,0.014887293653849654
"g37097061003",1,5.648404575556893,5.574283460425979,0.38331209159263824,0.19776493459990555,0.041253501928958713,0.021567228433050787
"g37097061001",1,5.881818181818182,5.574283460425979,0.438853362297718,0.19776493459990555,0.04535675044770484,0.021567228433050787
"g37097060100",1,5.732452830188679,5.574283460425979,0.5134358400344815,0.19776493459990555,0.05444773135314587,0.021567228433050787
"g37097060601",1,5.140466754733597,5.574283460425979,0.47731346819543974,0.19776493459990555,0.05644626779650847,0.021567228433050787
"g37097061301",1,5.462932454695222,5.574283460425979,0.39183450193731656,0.19776493459990555,0.04360245483369775,0.021567228433050787
"g37097060603",1,6.021978021978022,5.574283460425979,0.5276563563445972,0.19776493459990555,0.05326551197763444,0.021567228433050787
"g37097060701",1,5.367611336032389,5.574283460425979,0.6901338421858786,0.19776493459990555,0.07816032575842813,0.021567228433050787
"g37119001000",2,5.621533442088091,5.461667599328483,0.5734518751053681,0.3542937750485324,0.062012076808067966,0.039434138223860646
"g37119001100",2,5.91462113127001,5.461667599328483,0.6580361914894155,0.3542937750485324,0.0676327345449979,0.039434138223860646
"g37119002500",2,4.886621315192744,5.461667599328483,0.47675483832570126,0.3542937750485324,0.059308989118861,0.039434138223860646
"g37119000900",2,6.20935960591133,5.461667599328483,1.6821413841631303,0.3542937750485324,0.16468338346225586,0.039434138223860646
"g37119001400",2,4.982712765957447,5.461667599328483,0.5557831610062226,0.3542937750485324,0.06780685940066003,0.039434138223860646
"g37025042300",3,5.417191719171917,5.1292380605176815,0.47731048058384096,0.28746820282059177,0.053562502843047234,0.03406991541823297
"g37025041902",3,5.050387596899225,5.1292380605176815,0.45900797352162703,0.28746820282059177,0.05524966102008214,0.03406991541823297
"g37025042101",3,4.788065843621399,5.1292380605176815,0.5511981958759271,0.28746820282059177,0.0699812621742386,0.03406991541823297
"g37179020404",4,4.446855461566752,5.68494271685761,0.39900736431880174,0.2697134677396529,0.054545885373447,0.028841021453169816
"g37179020401",4,6.678276012189813,5.68494271685761,0.7742419486138362,0.2697134677396529,0.07047684128214303,0.028841021453169816
"g37179020312",4,5.646536412078153,5.68494271685761,0.5561474254384215,0.2697134677396529,0.05987449945010164,0.028841021453169816
"g37179020313",4,6.1045454545454545,5.68494271685761,0.6549167399178967,0.2697134677396529,0.06521790700488507,0.028841021453169816
"g37179020306",4,6.041077133728891,5.68494271685761,0.5619284169119348,0.2697134677396529,0.0565458467536749,0.028841021453169816
"g37071030700",5,6.153588195841717,5.64494034467521,0.843187869865959,0.12122441290520561,0.0832971262248011,0.013054637909773962
"g37071030301",5,5.1268796992481205,5.64494034467521,0.45996187668961147,0.12122441290520561,0.05453845213785591,0.013054637909773962
"g37071030205",5,4.857229280096794,5.64494034467521,0.4698214760053026,0.12122441290520561,0.05880013975454215,0.013054637909773962
"g37109070800",5,5.423076923076923,5.64494034467521,0.4095541295164693,0.12122441290520561,0.04590919126270539,0.013054637909773962
"g37109070600",5,5.874051593323217,5.64494034467521,0.3806328112407421,0.12122441290520561,0.03939150406186899,0.013054637909773962
"g45091061900",5,5.8844984802431615,5.64494034467521,0.5083337153335707,0.12122441290520561,0.052513813567517637,0.013054637909773962
"g45023020601",5,5.9729965156794425,5.64494034467521,0.9832237016081362,0.12122441290520561,0.10006775934127532,0.013054637909773962
"g37109070901",5,5.825518831667948,5.64494034467521,0.5278302460956965,0.12122441290520561,0.05507997824499877,0.013054637909773962
"g37109070700",5,5.735971223021583,5.64494034467521,0.47385958526230315,0.12122441290520561,0.05022001104141382,0.013054637909773962
"g45091061701",5,5.868078175895765,5.64494034467521,0.42332528398033364,0.12122441290520561,0.043854323417402905,0.013054637909773962
"g37071033400",5,5.655629139072848,5.64494034467521,0.6843810117133688,0.12122441290520561,0.07356159305305175,0.013054637909773962
"g37071030502",5,5.75726392251816,5.64494034467521,0.4994028584609058,0.12122441290520561,0.052731361266696246,0.013054637909773962
"g37071030801",5,5.3418803418803416,5.64494034467521,0.48743610587510294,0.12122441290520561,0.05546993253484454,0.013054637909773962
"g37071031701",5,5.433710859427048,5.64494034467521,0.4838822787783638,0.12122441290520561,0.054134893918611704,0.013054637909773962
"g37071031600",5,5.545454545454546,5.64494034467521,0.6035441199428291,0.12122441290520561,0.06616159568858558,0.013054637909773962
"g37071030602",5,5.235510579576817,5.64494034467521,0.6248408917504699,0.12122441290520561,0.07255118323474122,0.013054637909773962
"g37071030401",5,5.620771513353116,5.64494034467521,0.42518669693186856,0.12122441290520561,0.04598517402380445,0.013054637909773962
"g37109070500",5,5.780523255813954,5.64494034467521,0.5060556829284368,0.12122441290520561,0.053218821270139854,0.013054637909773962
"g45023020500",5,5.846409574468085,5.64494034467521,0.7243747027837822,0.12122441290520561,0.0753196227163849,0.013054637909773962
"g37071030501",5,5.5696913002806365,5.64494034467521,0.6611586333318368,0.12122441290520561,0.07216201404605863,0.013054637909773962
"g37071031703",5,5.695435684647303,5.64494034467521,0.43269888270939855,0.12122441290520561,0.04618414622481818,0.013054637909773962
"g37119000700",6,3.9950124688279303,3.9323094425483505,0.8075219217602384,0.3475311116833196,0.12287690942016082,0.053725454868676206
"g37119000600",6,3.676282051282051,3.9323094425483505,0.24776834674800638,0.3475311116833196,0.040970484220963894,0.053725454868676206
"g37119000500",6,3.711317254174397,3.9323094425483505,0.3192978435926137,0.3475311116833196,0.052300037772512,0.053725454868676206
"g37119000400",6,4.207100591715976,3.9323094425483505,1.4296774716684788,0.3475311116833196,0.20658047675646093,0.053725454868676206
"g37119000800",6,4.5777777777777775,3.9323094425483505,0.5989831879508233,0.3475311116833196,0.0795415453058313,0.053725454868676206
"g45057011201",7,6.476628723661904,6.738546013617395,0.5341831384448239,0.17929001289198238,0.0501389542317727,0.016174244276997866
"g45091061007",7,6.165983606557377,6.738546013617395,0.45397682771892434,0.17929001289198238,0.04475745851136258,0.016174244276997866
"g45091061008",7,7.828014184397163,6.738546013617395,1.052099293969852,0.17929001289198238,0.0817032294297895,0.016174244276997866
"g37119005843",7,7.270616493194556,6.738546013617395,0.5547384821427918,0.17929001289198238,0.046382179713637506,0.016174244276997866
"g37119005836",7,6.819193324061196,6.738546013617395,0.6345085989019993,0.17929001289198238,0.05656380376390579,0.016174244276997866
"g45091061005",7,6.572140762463343,6.738546013617395,0.43940644619322056,0.17929001289198238,0.04064374004132746,0.016174244276997866
"g45091061004",7,6.699594544784372,6.738546013617395,0.4418538012176425,0.17929001289198238,0.040092595556833824,0.016174244276997866
"g37119005844",7,7.429538721963605,6.738546013617395,0.4398163899267186,0.17929001289198238,0.0359868353322113,0.016174244276997866
"g37119005845",7,6.516894320632638,6.738546013617395,0.4232146263930866,0.17929001289198238,0.03947790411451127,0.016174244276997866
"g37119005838",7,6.6657348242811505,6.738546013617395,0.6495048398004056,0.17929001289198238,0.05923364479447419,0.016174244276997866
"g37119004400",8,6.093109869646183,6.298118293504743,0.5100868058138218,0.15807791680723673,0.05089078832685963,0.015257890306413328
"g37119006006",8,6.080794090489381,6.298118293504743,0.4567174636526494,0.15807791680723673,0.04565847673871507,0.015257890306413328
"g37119006005",8,5.744924977934686,6.298118293504743,0.6551419305621367,0.15807791680723673,0.06932424240524585,0.015257890306413328
"g37119006103",8,7.077675840978594,6.298118293504743,0.6819770935825145,0.15807791680723673,0.058575124107735736,0.015257890306413328
"g37119006108",8,6.588822355289421,6.298118293504743,0.7543781657093028,0.15807791680723673,0.06960098874346093,0.015257890306413328
"g37119006007",8,6.609208523592085,6.298118293504743,0.5234545689814385,0.15807791680723673,0.048146379901698205,0.015257890306413328
"g37119006106",8,6.072218607677294,6.298118293504743,0.4136324979177526,0.15807791680723673,0.041409630194103916,0.015257890306413328
"g37119006008",8,6.038194444444445,6.298118293504743,0.26620301597889967,0.15807791680723673,0.02680031971766015,0.015257890306413328
"g37119006105",8,5.9165876777251185,6.298118293504743,0.6722178239410297,0.15807791680723673,0.0690673537393796,0.015257890306413328
"g37119006104",8,6.347984237647772,6.298118293504743,0.3674754119896678,0.15807791680723673,0.03519058961670993,0.015257890306413328
"g37119006109",8,6.187694704049845,6.298118293504743,0.3202542294650923,0.15807791680723673,0.03146299736472278,0.015257890306413328
"g45023020400",9,5.915223336371923,5.638289857802053,0.5513813262812775,0.22713996227892372,0.056665014577445896,0.02448951861419631
"g45091061401",9,5.785846153846154,5.638289857802053,0.545688387816858,0.22713996227892372,0.05733395857716326,0.02448951861419631
"g45023020602",9,5.851732991014121,5.638289857802053,0.6964582966269871,0.22713996227892372,0.07235102906690204,0.02448951861419631
"g45023021000",9,5.288461538461538,5.638289857802053,0.6506220261246602,0.22713996227892372,0.07478827379603721,0.02448951861419631
"g45023020300",9,5.285714285714286,5.638289857802053,0.5714627822870253,0.22713996227892372,0.06572314919919786,0.02448951861419631
"g45023020200",9,5.336417713152676,5.638289857802053,0.6471236111820723,0.22713996227892372,0.07371765754299141,0.02448951861419631
"g45023020100",9,5.706,5.638289857802053,0.7632616356243775,0.22713996227892372,0.08131595447701055,0.02448951861419631
"g45023020900",9,6.0479148181011535,5.638289857802053,0.6601880357139096,0.22713996227892372,0.06635842682420554,0.02448951861419631
"g37179021010",10,9.230931310577327,9.060585432266848,1.1189582442301813,0.5250717292853605,0.07368896536670079,0.03522868836513418
"g37179021012",10,8.227859778597786,9.060585432266848,1.2055960335407325,0.5250717292853605,0.08907360437508355,0.03522868836513418
"g37179021011",10,8.954354354354354,9.060585432266848,1.0827394836529833,0.5250717292853605,0.07350617006729243,0.03522868836513418
"g37179021008",10,9.364372469635628,9.060585432266848,0.7537002702419466,0.5250717292853605,0.04892761982287528,0.03522868836513418
"g37179020305",11,7.357908847184986,6.82614375862749,0.8773001047506425,0.13929266195611095,0.0724816173539651,0.012404718277410196
"g37025041501",11,7.564838709677419,6.82614375862749,0.5657508548499401,0.13929266195611095,0.04546316260121025,0.012404718277410196
"g37119005611",11,6.1010486177311725,6.82614375862749,0.5131361431419684,0.13929266195611095,0.051128401800524775,0.012404718277410196
"g37025041502",11,6.901250539025442,6.82614375862749,0.5281891970145243,0.13929266195611095,0.04652601089380701,0.012404718277410196
"g37179020203",11,7.213740458015267,6.82614375862749,0.8420257893239038,0.13929266195611095,0.07095760981742423,0.012404718277410196
"g37119005715",11,6.4942648592283625,6.82614375862749,0.7751039531531335,0.13929266195611095,0.07255444976152947,0.012404718277410196
"g37025042602",11,5.880376344086022,6.82614375862749,0.7534025263537977,0.13929266195611095,0.07788539881646207,0.012404718277410196
"g37119005621",11,6.6991525423728815,6.82614375862749,0.7550781106156874,0.13929266195611095,0.06851822616415766,0.012404718277410196
"g37179020202",11,6.48846304262808,6.82614375862749,0.722739219261351,0.13929266195611095,0.06771328519568597,0.012404718277410196
"g37119005614",11,6.675767918088737,6.82614375862749,0.48868389437613724,0.13929266195611095,0.04450009045574313,0.012404718277410196
"g37025042503",11,6.955213435969209,6.82614375862749,0.6995345750226796,0.13929266195611095,0.06114103983890847,0.012404718277410196
"g37025042501",11,6.534539473684211,6.82614375862749,0.541237578545046,0.13929266195611095,0.0503508787285894,0.012404718277410196
"g37025041503",11,6.951091703056768,6.82614375862749,0.6431155784653869,0.13929266195611095,0.0562432113016037,0.012404718277410196
"g37025042504",11,7.862567811934901,6.82614375862749,0.6758149114846924,0.13929266195611095,0.05225134374061999,0.012404718277410196
"g37119005709",11,6.675316034597472,6.82614375862749,0.47665714482823873,0.13929266195611095,0.04340785975744134,0.012404718277410196
"g37025042604",11,6.299901185770751,6.82614375862749,0.6787602808109332,0.13929266195611095,0.06549630213692419,0.012404718277410196
"g37119005615",11,7.788079470198675,6.82614375862749,1.4428443427112376,0.13929266195611095,0.11262199188914918,0.012404718277410196
"g37025042603",11,6.208304256803908,6.82614375862749,0.39642327710515957,0.13929266195611095,0.03881684669830669,0.012404718277410196
"g37119005711",11,7.509512761020882,6.82614375862749,0.7826232925750538,0.13929266195611095,0.06335415567047792,0.012404718277410196
"g37119005619",11,6.561365286855483,6.82614375862749,0.6690672513932089,0.13929266195611095,0.06198828972559927,0.012404718277410196
"g37119005618",11,7.543010752688172,6.82614375862749,0.751447126159796,0.13929266195611095,0.0605602694468094,0.012404718277410196
"g37179020311",11,6.795487277964474,6.82614375862749,0.6400356060266615,0.13929266195611095,0.05725555502436812,0.012404718277410196
"g37119005706",11,6.8206816421378775,6.82614375862749,0.5508064960876827,0.13929266195611095,0.049091394864200374,0.012404718277410196
"g37179020309",11,7.51731843575419,6.82614375862749,0.9998908705597018,0.13929266195611095,0.08085814119380723,0.012404718277410196
"g37119001504",12,5.341162880246438,4.882726361510191,0.33107914267053085,0.1977003631550284,0.03768166615202602,0.024613828972883976
"g37119001507",12,4.17125748502994,4.882726361510191,0.3980937625498399,0.1977003631550284,0.058016626432880906,0.024613828972883976
"g37119001608",12,4.881326352530541,4.882726361510191,0.2725006656313264,0.1977003631550284,0.03393624767456013,0.024613828972883976
"g37119005511",13,4.604716981132076,5.169450431034483,0.32974012896669513,0.21071207164390557,0.04353143249517194,0.024778735472408518
"g37119005522",13,5.026761819803746,5.169450431034483,0.3362351868971432,0.21071207164390557,0.04066202005072482,0.024778735472408518
"g37119005514",13,5.664924885695624,5.169450431034483,0.38588087997466647,0.21071207164390557,0.04140885312179849,0.024778735472408518
"g37119002600",14,4.6415094339622645,5.560039049788481,1.1682093720828979,0.35180454075622314,0.15300144987370842,0.03846428789328128
"g37119002701",14,6.978937728937729,5.560039049788481,0.8033952766966439,0.35180454075622314,0.06998001779220153,0.03846428789328128
"g37119002400",14,4.815028901734104,5.560039049788481,0.2829229837128676,0.35180454075622314,0.035719340270327776,0.03846428789328128
"g37119005839",15,6.002772643253235,5.266081871345029,0.525527238525559,0.2754361247545612,0.053220314161199975,0.03179562676799277
"g37119005831",15,4.925149700598802,5.266081871345029,0.31836349357993593,0.2754361247545612,0.03929505708768345,0.03179562676799277
"g37119005714",16,7.802824551873981,7.433272275284574,1.0380022066453736,0.22863228157268659,0.08086871321333124,0.018697847227796802
"g37179020310",16,7.88717067583047,7.433272275284574,0.5073776330038244,0.22863228157268659,0.039106070318895216,0.018697847227796802
"g37119005823",16,7.535467442706438,7.433272275284574,0.3776974788999389,0.22863228157268659,0.030469686503720915,0.018697847227796802
"g37119005712",16,6.560135135135135,7.433272275284574,0.4380488771151301,0.22863228157268659,0.04059232092370614,0.018697847227796802
"g37179020314",16,7.004310344827586,7.433272275284574,0.7005415266496935,0.22863228157268659,0.06079986314995703,0.018697847227796802
"g37179020316",16,7.249834327369118,7.433272275284574,0.5968176479929878,0.22863228157268659,0.0500434995427626,0.018697847227796802
"g37179020315",16,7.76456009913259,7.433272275284574,0.6552564086774051,0.22863228157268659,0.05130131755619083,0.018697847227796802
"g37119005835",16,7.509865005192108,7.433272275284574,0.6153409746962177,0.22863228157268659,0.049810144598177106,0.018697847227796802
"g37119005713",16,7.512345679012346,7.433272275284574,1.0686347933440925,0.22863228157268659,0.0864744571067641,0.018697847227796802
"g37097061601",17,5.119738751814223,5.6702647134412745,0.6135534026647221,0.2943923204853827,0.07285152816855726,0.03156147128852274
"g37097061403",17,6.0361596009975065,5.6702647134412745,0.6315635569218581,0.2943923204853827,0.06360488113515321,0.03156147128852274
"g37097061602",17,5.510190876738919,5.6702647134412745,0.5166336110647952,0.2943923204853827,0.056996752467419885,0.03156147128852274
"g37097061203",17,6.0602691632533645,5.6702647134412745,0.5571308191131604,0.2943923204853827,0.05588552915414482,0.03156147128852274
"g37071031201",18,5.5901106050748215,5.128437738731856,0.8273870248073626,0.24698849026165853,0.08997511342486657,0.029276942907684508
"g37071031202",18,4.6002506265664165,5.128437738731856,0.7103233913551628,0.24698849026165853,0.09386608856591751,0.029276942907684508
"g37071031101",18,5.70324846356453,5.128437738731856,0.760566796337267,0.24698849026165853,0.08106794557961758,0.029276942907684508
"g37071031004",18,4.9561688311688314,5.128437738731856,0.5226674504688581,0.24698849026165853,0.06410818189469654,0.029276942907684508
"g37071031102",18,4.913001912045889,5.128437738731856,0.6909216515376134,0.24698849026165853,0.08549012793973064,0.029276942907684508
"g37071031001",18,4.945117029862793,5.128437738731856,0.4912174210804942,0.24698849026165853,0.06038530781524919,0.029276942907684508
"g37071031302",18,5.322469135802469,5.128437738731856,0.7317433311483932,0.24698849026165853,0.08357564156499682,0.029276942907684508
"g37071032302",18,4.667582417582418,5.128437738731856,0.5397977287339945,0.24698849026165853,0.07030288628897527,0.029276942907684508
"g37119006303",19,6.445716903344022,5.875449796865931,0.5604094104827385,0.21959364066175915,0.05285283526655928,0.022720230703286253
"g37119006209",19,4.803722504230119,5.875449796865931,0.30907425500709973,0.21959364066175915,0.039112809898000374,0.022720230703286253
"g37119006407",19,7.22771474878444,5.875449796865931,0.41536653359876957,0.21959364066175915,0.03493530954278351,0.022720230703286253
"g37119006212",19,5.690404797601199,5.875449796865931,0.4088591895847731,0.21959364066175915,0.04367819665714256,0.022720230703286253
"g37119006405",19,5.786666666666667,5.875449796865931,0.6749408588778101,0.21959364066175915,0.0709041004241813,0.022720230703286253
"g37179021007",20,10.199076745527986,9.76385336743393,1.1246214003596762,0.473004431661588,0.06703159931121504,0.02944950903290189
"g37119005846",20,9.4515625,9.76385336743393,0.5007718930865522,0.473004431661588,0.032208495018684134,0.02944950903290189
"g37179021006",20,9.552709946396664,9.76385336743393,0.5395494220932203,0.473004431661588,0.03433513332886791,0.02944950903290189
"g37119005510",21,5.523953605648008,5.725359477124183,0.43071278239316424,0.21211173566013455,0.047399289956155125,0.022521433783828173
"g37119005512",21,5.683427398665983,5.725359477124183,0.39526448764219757,0.21211173566013455,0.04227772195431334,0.022521433783828173
"g37119005404",21,5.805730937348227,5.725359477124183,0.3695228995180392,0.21211173566013455,0.03869176575594707,0.022521433783828173
"g37119005403",21,5.915611814345992,5.725359477124183,0.5142937973048324,0.21211173566013455,0.052850088220148056,0.022521433783828173
"g37179020308",22,6.765829694323144,6.817267936765302,0.5190093131617961,0.23245432666975174,0.046632445022684675,0.02072818941349786
"g45057011202",22,6.613138686131387,6.817267936765302,0.4559953285268525,0.23245432666975174,0.04191667841420506,0.02072818941349786
"g37179021005",22,6.00056338028169,6.817267936765302,0.5187316488578247,0.23245432666975174,0.05255146365083741,0.02072818941349786
"g37179021014",22,6.718172983479106,6.817267936765302,0.8445633957850914,0.23245432666975174,0.0764214318261976,0.02072818941349786
"g37179021004",22,8.01856946354883,6.817267936765302,0.8424569369650408,0.23245432666975174,0.06386823471475364,0.02072818941349786
"g37179020902",22,6.174428450465707,6.817267936765302,0.43113366977822315,0.23245432666975174,0.042447222338681645,0.02072818941349786
"g37179021015",22,6.552920763447079,6.817267936765302,0.5734766033949104,0.23245432666975174,0.05320039850464512,0.02072818941349786
"g37179021013",22,6.821736249171637,6.817267936765302,0.8720369879702983,0.23245432666975174,0.07770949376165535,0.02072818941349786
"g37179020502",22,6.364412344057781,6.817267936765302,0.6599079257663848,0.23245432666975174,0.06303171630090613,0.02072818941349786
"g37179020307",22,6.637488947833775,6.817267936765302,0.572058766637643,0.23245432666975174,0.05239271837204621,0.02072818941349786
"g37179020403",22,7.784515430427721,6.817267936765302,2.1477525829758912,0.23245432666975174,0.16772073768377435,0.02072818941349786
"g45091061104",22,6.95865451997197,6.817267936765302,0.7933460149195191,0.23245432666975174,0.06930610096145075,0.02072818941349786
"g37179020317",22,7.819436775262286,6.817267936765302,0.7786622129744293,0.23245432666975174,0.06053516422610631,0.02072818941349786
"g45091061706",23,6.286199095022624,6.290685634538334,0.6335849326622384,0.15355191666549708,0.06127041284476696,0.01483854632304194
"g45091061502",23,6.066775777414075,6.290685634538334,0.38916896193106587,0.15355191666549708,0.03899548709787307,0.01483854632304194
"g37071033307",23,6.246376811594203,6.290685634538334,1.0727830871305486,0.15355191666549708,0.10440416788836009,0.01483854632304194
"g37071033202",23,5.76536312849162,6.290685634538334,0.6632521490421902,0.15355191666549708,0.06993363415008604,0.01483854632304194
"g45091061705",23,6.318567961165049,6.290685634538334,0.6405782663539521,0.15355191666549708,0.06162935697640709,0.01483854632304194
"g37071033306",23,6.285234899328859,6.290685634538334,0.5153457596983858,0.15355191666549708,0.04984381683404352,0.01483854632304194
"g45023020700",23,6.418118466898955,6.290685634538334,0.7839545713974798,0.15355191666549708,0.0742535574821463,0.01483854632304194
"g45091061403",23,6.510806536636795,6.290685634538334,0.6416077904181587,0.15355191666549708,0.059905808713333925,0.01483854632304194
"g37071033305",23,5.829903147699758,6.290685634538334,0.513807369241753,0.15355191666549708,0.05357634550710746,0.01483854632304194
"g45091061302",23,6.112586298459904,6.290685634538334,0.42553477507600257,0.15355191666549708,0.0423198530400742,0.01483854632304194
"g37071033304",23,7.111176470588235,6.290685634538334,0.5819679878449764,0.15355191666549708,0.04974984565266873,0.01483854632304194
"g45091061301",23,6.0282722513089,6.290685634538334,0.3944554729494321,0.15355191666549708,0.03977765951287611,0.01483854632304194
"g45091061707",23,6.52159375870716,6.290685634538334,0.38496287505728705,0.15355191666549708,0.035883864204943765,0.01483854632304194
"g37109070300",24,5.852941176470588,5.4323106257583635,0.5083801508215172,0.3118087093580133,0.05280177522240865,0.034892954480935635
"g37109070201",24,4.998789346246974,5.4323106257583635,0.5479732467946143,0.3118087093580133,0.06663902250482008,0.034892954480935635
"g37109070100",24,5.432767894083574,5.4323106257583635,0.5296690617576734,0.3118087093580133,0.05926762892555456,0.034892954480935635
"g45057011002",25,5.706539074960127,5.305177563889811,0.45560685022756886,0.29295485482400835,0.04853461037523904,0.03356872705938198
"g45057010700",25,4.645351961311123,5.305177563889811,0.5899469586401838,0.29295485482400835,0.07720198016875592,0.03356872705938198
"g45057010600",25,5.512259194395797,5.305177563889811,0.45350135903386424,0.29295485482400835,0.050013017714804577,0.03356872705938198
"g37071031401",26,4.337511190689346,4.698822759973839,0.5650300621175729,0.21071842140703093,0.07918903383431405,0.027261361270715156
"g37071031800",26,5.051587301587301,4.698822759973839,0.4298698117413505,0.21071842140703093,0.051730083811698344,0.027261361270715156
"g37071031900",26,4.794732765298218,4.698822759973839,0.4366221911529578,0.21071842140703093,0.05535737597934393,0.027261361270715156
"g37071032100",26,4.489015459723352,4.698822759973839,0.45811706453397527,0.21071842140703093,0.06203823961772269,0.027261361270715156
"g37071032000",26,4.703205791106515,4.698822759973839,0.4813697385679904,0.21071842140703093,0.06221840886608319,0.027261361270715156
"g45091061708",27,7.9529103989535646,7.316988248948208,0.7374486521311361,0.19384129455228744,0.0563689304265571,0.01610452951598134
"g37071033303",27,7.524010109519798,7.316988248948208,0.7720101250087427,0.19384129455228744,0.06237459280933475,0.01610452951598134
"g37071032507",27,6.970903522205207,7.316988248948208,0.6874034117579889,0.19384129455228744,0.059945516834574435,0.01610452951598134
"g45091060904",27,6.684232715008432,7.316988248948208,0.4630074204044205,0.19384129455228744,0.04210856944246004,0.01610452951598134
"g37071032508",27,7.004699248120301,7.316988248948208,1.0816603315020519,0.19384129455228744,0.0938718781746102,0.01610452951598134
"g45091061006",27,8.082437275985663,7.316988248948208,0.8873896505556,0.19384129455228744,0.06674306000310351,0.01610452951598134
"g45091060906",27,6.843768285547103,7.316988248948208,0.43180713944104243,0.19384129455228744,0.03835558574592522,0.01610452951598134
"g37071032402",27,7.251786695986806,7.316988248948208,0.8013275651630773,0.19384129455228744,0.06717368275789207,0.01610452951598134
"g37119005918",27,6.5580204778157,7.316988248948208,0.6384940270322966,0.19384129455228744,0.05918588802613931,0.01610452951598134
"g37119005911",27,8.831626848691695,7.316988248948208,1.3249197108917348,0.19384129455228744,0.09119750307054975,0.01610452951598134
"g45091061404",27,7.037114845938375,7.316988248948208,0.6135998089313827,0.19384129455228744,0.0530059563551373,0.01610452951598134
"g37119005908",27,8.726346433770015,7.316988248948208,1.7049292881744784,0.19384129455228744,0.11877034519403115,0.01610452951598134
"g45091061003",27,7.410867757138897,7.316988248948208,0.6376389354724173,0.19384129455228744,0.052304597231724266,0.01610452951598134
"g37071032502",27,7.038931297709924,7.316988248948208,0.7022730414349806,0.19384129455228744,0.060650357979610076,0.01610452951598134
"g37119005907",27,7.775303643724697,7.316988248948208,0.852596682584818,0.19384129455228744,0.06665924308859222,0.01610452951598134
"g37119005909",27,6.865343116098403,7.316988248948208,0.7080618143427078,0.19384129455228744,0.06269646055662267,0.01610452951598134
"g37119001923",28,5.116524028966425,5.036613651424784,0.4355041089100401,0.19151043023013295,0.05174296801035836,0.02311468031554878
"g37119001912",28,4.626860505365178,5.036613651424784,0.25987968802987566,0.19151043023013295,0.03414444267062949,0.02311468031554878
"g37119001916",28,5.6891891891891895,5.036613651424784,0.3695720282291969,0.19151043023013295,0.03948960730199564,0.02311468031554878
"g37119006211",29,8.032972440944881,6.809569747250627,0.5926637500211064,0.22629486526555712,0.04485038602523443,0.020201756167367066
"g37119006406",29,6.124274099883856,6.809569747250627,0.49214692659010134,0.22629486526555712,0.04885108963009669,0.020201756167367066
"g37119006203",29,6.407326007326008,6.809569747250627,0.5557777421735358,0.22629486526555712,0.052730079512988054,0.020201756167367066
"g37119006208",29,5.717889908256881,6.809569747250627,0.7217273985515594,0.22629486526555712,0.07673111356624808,0.020201756167367066
"g37119006204",29,7.380992196209587,6.809569747250627,0.517570266671591,0.22629486526555712,0.04262738295766657,0.020201756167367066
"g37119006403",29,6.3619047619047615,6.809569747250627,0.8131356989368761,0.22629486526555712,0.07769802193943905,0.020201756167367066
"g37119006210",29,7.176625082074852,6.809569747250627,0.4524433589773005,0.22629486526555712,0.038324637620582414,0.020201756167367066
"g37119005617",30,6.2892347600518805,5.840306151809863,0.6204844030375352,0.14349671857205187,0.05997457248314785,0.014936211475340685
"g37119001510",30,6.021143304620203,5.840306151809863,0.49271553112992633,0.14349671857205187,0.04974522346911851,0.014936211475340685
"g37119005616",30,6.457463884430177,5.840306151809863,0.9674095667865656,0.14349671857205187,0.09107149998572499,0.014936211475340685
"g37119001505",30,6.038950715421303,5.840306151809863,0.6429185451891032,0.14349671857205187,0.06471851829592723,0.014936211475340685
"g37119001922",30,5.951145958986731,5.840306151809863,0.2758233900670645,0.14349671857205187,0.02817504301010078,0.014936211475340685
"g37119001911",30,6.001498501498501,5.840306151809863,0.4119558798221002,0.14349671857205187,0.041727762859943035,0.014936211475340685
"g37119001509",30,5.61550759392486,5.840306151809863,0.36381445523468664,0.14349671857205187,0.03938447217372545,0.014936211475340685
"g37119005716",30,5.745634458672876,5.840306151809863,0.29832796148310936,0.14349671857205187,0.03156385690470793,0.014936211475340685
"g37119001917",30,5.4164345403899725,5.840306151809863,0.3714655831787782,0.14349671857205187,0.04169069938863691,0.014936211475340685
"g37119005710",30,4.964247020585049,5.840306151809863,0.3615882968843604,0.14349671857205187,0.04427872221342728,0.014936211475340685
"g37119001921",30,6.003480278422273,5.840306151809863,0.3973254953130454,0.14349671857205187,0.040232539178578934,0.014936211475340685
"g37119005620",30,6.143551401869159,5.840306151809863,0.5868045336739826,0.14349671857205187,0.05806414855619968,0.014936211475340685
"g45091060401",31,4.997759522031367,5.26312625250501,0.45072146900675397,0.26507790314344903,0.054823528978941743,0.030617084737674233
"g45091060300",31,5.27536231884058,5.26312625250501,0.39674912331556667,0.26507790314344903,0.04571911137441815,0.030617084737674233
"g45091060502",31,5.164327002477291,5.26312625250501,0.6537413891493858,0.26507790314344903,0.0769531399974442,0.030617084737674233
"g45091060402",31,5.964396284829721,5.26312625250501,0.7693000618248943,0.26507790314344903,0.0784085412367865,0.030617084737674233
"g45091061201",32,5.463076923076923,6.037063035237962,0.429055274584197,0.2982937636497538,0.04774303543583819,0.030036723795234466
"g45091061101",32,5.546814404432133,6.037063035237962,0.5368018569091318,0.2982937636497538,0.0588307618530094,0.030036723795234466
"g45091061103",32,7.367021276595745,6.037063035237962,0.6063899833717636,0.2982937636497538,0.05003733746234254,0.030036723795234466
"g37119002800",33,8.792465753424658,7.0869611837872615,0.641393969655728,0.22785777565494417,0.04434537019095225,0.019545100015033706
"g37119002903",33,6.793448084397557,7.0869611837872615,0.4807646605294699,0.22785777565494417,0.043020591114661846,0.019545100015033706
"g37119003400",33,5.640752864157119,7.0869611837872615,0.34613032341477495,0.22785777565494417,0.03730239128218752,0.019545100015033706
"g37119002905",33,7.677307425399029,7.0869611837872615,0.7597267783542737,0.22785777565494417,0.06015650556256051,0.019545100015033706
"g37119002702",33,7.418348623853211,7.0869611837872615,0.4895033014193141,0.22785777565494417,0.04011275434572663,0.019545100015033706
"g37119005848",34,9.475360576923077,9.475360576923077,0.4678002833957032,0.4678002833957032,0.030012269154765746,0.030012269154765746
"g37025041303",35,7.683804627249358,7.395652041159049,0.6153996879222757,0.17103849828003487,0.04868722877537094,0.014058905207039419
"g37097061402",35,6.8894813378574895,7.395652041159049,0.5956236323034892,0.17103849828003487,0.05255565951724483,0.014058905207039419
"g37097061205",35,6.95045045045045,7.395652041159049,0.6350788126298099,0.17103849828003487,0.05554548590016992,0.014058905207039419
"g37097061204",35,7.29894578313253,7.395652041159049,0.9754201173301087,0.17103849828003487,0.08123920566964374,0.014058905207039419
"g37109071101",35,5.597648047039059,7.395652041159049,0.5277001271728097,0.17103849828003487,0.05730806012975676,0.014058905207039419
"g37097061405",35,7.425793907971484,7.395652041159049,0.5130164927485962,0.17103849828003487,0.04199741242423546,0.014058905207039419
"g37097061401",35,8.049716803020768,7.395652041159049,0.9204539261723975,0.17103849828003487,0.06951132236966291,0.014058905207039419
"g37119006404",35,8.532994923857869,7.395652041159049,0.9331715488704572,0.17103849828003487,0.06648047284326707,0.014058905207039419
"g37025041302",35,7.770253929866989,7.395652041159049,0.5803106988510806,0.17103849828003487,0.045400377451202095,0.014058905207039419
"g37097061407",35,7.683492496589359,7.395652041159049,0.7493610783642913,0.17103849828003487,0.05928796698425687,0.014058905207039419
"g37109071203",35,7.594564614531337,7.395652041159049,0.7624993832230598,0.17103849828003487,0.06103384255089079,0.014058905207039419
"g37119006304",35,7.555283757338552,7.395652041159049,0.6625829854732092,0.17103849828003487,0.05331183081177786,0.014058905207039419
"g37097061404",35,7.221014492753623,7.395652041159049,2.102420381243404,0.17103849828003487,0.17699273451706488,0.014058905207039419
"g37025042601",35,8.122349102773246,7.395652041159049,0.6352155227396754,0.17103849828003487,0.04754157314085982,0.014058905207039419
"g37097061503",35,6.366996699669967,7.395652041159049,0.7180491789165518,0.17103849828003487,0.06855729329249827,0.014058905207039419
"g37097061408",35,6.941373534338358,7.395652041159049,0.6049126609150788,0.17103849828003487,0.05297626752507042,0.014058905207039419
"g37109071202",35,7.04066161268091,7.395652041159049,0.6630294477852892,0.17103849828003487,0.05724709370225944,0.014058905207039419
"g37097061406",35,8.568992248062015,7.395652041159049,0.8903632961255313,0.17103849828003487,0.06316428673177958,0.014058905207039419
"g37025041301",35,7.1022727272727275,7.395652041159049,0.6610266030751846,0.17103849828003487,0.05657905514467233,0.014058905207039419
"g37119001508",36,5.910027744748316,5.411294481691594,0.3519527105716079,0.24285866164580736,0.03620169393200738,0.02728264840677024
"g37119001609",36,4.482656826568266,5.411294481691594,0.25745826511968994,0.24285866164580736,0.034914469189737896,0.02728264840677024
"g37119005812",37,4.761356155365372,5.091423519009726,0.32032970779265285,0.2294167796654417,0.040897865922001404,0.027391767237945883
"g37119005717",37,5.474589224302637,5.091423519009726,0.3241063562782894,0.2294167796654417,0.03598902721688717,0.027391767237945883
"g37119002906",38,5.7600391772771795,5.88891982182628,0.4522833594875063,0.15215749660931885,0.04773305927612376,0.015706948171087948
"g37119003204",38,5.654237288135593,5.88891982182628,0.3834958329353689,0.15215749660931885,0.041230700806868366,0.015706948171087948
"g37119003011",38,6.898764584763212,5.88891982182628,0.3167731942639498,0.15215749660931885,0.027913300849716653,0.015706948171087948
"g37119003802",38,5.095663265306122,5.88891982182628,0.25231222626657135,0.15215749660931885,0.030100358790888602,0.015706948171087948
"g37119003103",38,5.477840451248992,5.88891982182628,0.24419579533388422,0.15215749660931885,0.02709960126028041,0.015706948171087948
"g37071032704",39,4.63681592039801,4.753405994550409,0.3663900261400747,0.27029295908405193,0.0480350100148421,0.034567177602503066
"g37071032506",39,4.6006622516556295,4.753405994550409,0.488570110834364,0.27029295908405193,0.06455659873386904,0.034567177602503066
"g37071032505",39,5.098094565984474,4.753405994550409,0.606032584941489,0.27029295908405193,0.07226403148421927,0.034567177602503066
"g37159051301",40,5.647214854111406,5.510216782491443,0.6051255896749751,0.25601558504474714,0.06513963269068077,0.02824436508374863
"g37159052000",40,5.105173876166242,5.510216782491443,0.5841206225858054,0.25601558504474714,0.06955463868253717,0.02824436508374863
"g37159050202",40,4.977398292315419,5.510216782491443,0.49713354074419996,0.25601558504474714,0.06071622594976075,0.02824436508374863
"g37159050500",40,6.6711250983477575,5.510216782491443,0.6430402202647932,0.25601558504474714,0.05859669893948986,0.02824436508374863
"g37159050700",40,5.553903345724907,5.510216782491443,0.8563538873438254,0.25601558504474714,0.09373225249345468,0.02824436508374863
"g37159051303",40,5.454845814977974,5.510216782491443,0.5372432086422709,0.25601558504474714,0.05987183272882812,0.02824436508374863
"g37119003806",41,4.997223764575236,5.059505409582689,0.22156876234071501,0.188969186957011,0.026953417154719873,0.022704765859243844
"g37119003807",41,5.202033036848793,5.059505409582689,0.3608145595387887,0.188969186957011,0.04216431464787623,0.022704765859243844
"g37119001910",42,5.223092998955068,5.291172214182344,0.2691780844005816,0.26304961570212804,0.03132896425418283,0.030221768353205832
"g37119001920",42,5.3757300454250485,5.291172214182344,0.4878638277383242,0.26304961570212804,0.05516901945558491,0.030221768353205832
"g37109071102",43,6.726227795193313,6.108034541017458,0.5484759137581358,0.14847468257396892,0.04957013329252341,0.014776957316195272
"g37071030204",43,6.3417132216014895,6.108034541017458,0.7237024865486062,0.14847468257396892,0.06937253482349115,0.014776957316195272
"g37071030102",43,5.893710691823899,6.108034541017458,0.6513216459849182,0.14847468257396892,0.06718012319037812,0.014776957316195272
"g37071030203",43,5.906161137440758,6.108034541017458,0.5437298642049436,0.14847468257396892,0.05596441820081039,0.014776957316195272
"g37109070400",43,5.639395114385421,6.108034541017458,0.4128642578927506,0.14847468257396892,0.044505005713943134,0.014776957316195272
"g37071031003",43,6.26770060687795,6.108034541017458,0.6525852434543481,0.14847468257396892,0.06329408176391846,0.014776957316195272
"g37071033500",43,6.231265508684864,6.108034541017458,0.4812776105568146,0.14847468257396892,0.04695193546392921,0.014776957316195272
"g37071030601",43,5.89802371541502,6.108034541017458,0.7819923741494674,0.14847468257396892,0.08059908307792833,0.014776957316195272
"g37109070202",43,6.348954578226388,6.108034541017458,0.5261421261571735,0.14847468257396892,0.050377307609415216,0.014776957316195272
"g37109070902",43,6.128360469519121,6.108034541017458,0.33214974069212744,0.14847468257396892,0.03294759454626206,0.014776957316195272
"g37109071002",43,5.929432013769363,6.108034541017458,0.5028820983383671,0.14847468257396892,0.05155694551102056,0.014776957316195272
"g37109071201",43,6.733408323959505,6.108034541017458,0.8071786605806807,0.14847468257396892,0.07287336401514628,0.014776957316195272
"g37109071001",43,5.82963620230701,6.108034541017458,0.3773600275785341,0.14847468257396892,0.039350344531975764,0.014776957316195272
"g45091060901",44,4.411001788908766,4.92546861053258,0.36506137986861303,0.2241554836581972,0.050310977435622975,0.027665333490446663
"g45091060803",44,5.129263157894737,4.92546861053258,0.36180655646314414,0.2241554836581972,0.04288007626978502,0.027665333490446663
"g45091060804",44,5.241117953576504,4.92546861053258,0.4407848433907249,0.2241554836581972,0.05112541149904398,0.027665333490446663
"g37119003102",45,4.820738137082601,4.88,0.35809295804968927,0.20688781117826355,0.04515609074666395,0.025772062780689567
"g37119003108",45,4.5569700827498405,4.88,0.27287302490053106,0.20688781117826355,0.03640143676302062,0.025772062780689567
"g37119003106",45,5.403094462540716,4.88,0.4159742270218803,0.20688781117826355,0.04680130474918804,0.025772062780689567
"g37119004305",46,4.6261089987325725,5.516182376565084,0.29441441917764405,0.19535055481357005,0.0386880920566534,0.021528319507581654
"g37119006010",46,5.845213849287169,5.516182376565084,0.36775448313035924,0.19535055481357005,0.038246497403600054,0.021528319507581654
"g37119006009",46,6.515151515151516,5.516182376565084,0.8710339167397454,0.19535055481357005,0.08127269174358266,0.021528319507581654
"g37119004303",46,5.7482656095143705,5.516182376565084,0.30811058079206616,0.19535055481357005,0.03258396143163135,0.021528319507581654
"g37119004304",46,5.456081081081081,5.516182376565084,0.4453065413742753,0.19535055481357005,0.049614927022230984,0.021528319507581654
"g37119005825",47,5.307569082899479,5.953636801541426,1.2680208419577423,0.4356228750695929,0.14523284135098538,0.044479760229875244
"g37119005826",47,6.158838599487617,5.953636801541426,0.39152908700481087,0.4356228750695929,0.03864553343908696,0.044479760229875244
"g37119005837",47,6.424503311258278,5.953636801541426,0.4948532025648544,0.4356228750695929,0.04682426033056662,0.044479760229875244
"g37119005830",47,5.923267326732673,5.953636801541426,0.3218937625383994,0.4356228750695929,0.033035837826262106,0.044479760229875244
"g37119005913",48,5.963512940178193,5.661887141535615,0.29197680310375157,0.20306149629527692,0.02976324510535982,0.021802207638457964
"g37119005912",48,5.237566393046837,5.661887141535615,0.5104034201580665,0.20306149629527692,0.05924042046824571,0.021802207638457964
"g37119005917",48,5.562630045776113,5.661887141535615,0.37148185106957654,0.20306149629527692,0.04059677375963954,0.021802207638457964
"g37119005914",48,5.778985507246377,5.661887141535615,0.3415838780755531,0.20306149629527692,0.03593187310224873,0.021802207638457964
"g37119005906",48,5.83271375464684,5.661887141535615,0.8889732663700038,0.20306149629527692,0.09265143176922595,0.021802207638457964
"g37119005910",48,5.545659526493799,5.661887141535615,0.5635416035107392,0.20306149629527692,0.061774164234338,0.021802207638457964
"g37159050903",49,5.633283132530121,5.697496125927739,0.4731737526670298,0.22000333306278075,0.05106145242044308,0.02347357945415243
"g37159050201",49,5.581191908146528,5.697496125927739,0.5388879756469335,0.22000333306278075,0.05869561196762307,0.02347357945415243
"g37159051001",49,5.794511597517151,5.697496125927739,0.4398693259069265,0.22000333306278075,0.04614673074834215,0.02347357945415243
"g37159050800",49,5.241258741258742,5.697496125927739,0.5874584282721406,0.22000333306278075,0.068135843545477,0.02347357945415243
"g37159050901",49,6.013665202537823,5.697496125927739,0.5152597123065497,0.22000333306278075,0.052086003807464254,0.02347357945415243
"g37159050904",49,5.7710355987055015,5.697496125927739,0.8457223367728027,0.22000333306278075,0.0890857304996797,0.02347357945415243
"g45091061802",50,5.774338492261608,5.594309691945553,0.7429784239415381,0.3080826536802657,0.07821824387037896,0.03347764036395289
"g45091061501",50,5.907739101047651,5.594309691945553,0.48627348858623115,0.3080826536802657,0.05003724417866999,0.03347764036395289
"g45091061602",50,5.182484900776531,5.594309691945553,0.6971769571253497,0.3080826536802657,0.08177848802685442,0.03347764036395289
"g45091061801",50,5.6305460750853245,5.594309691945553,0.9800168836709774,0.3080826536802657,0.1058076670603942,0.03347764036395289
"g45091061601",50,5.309325246398787,5.594309691945553,0.6494990723419065,0.3080826536802657,0.07436580817678004,0.03347764036395289
"g37159051700",51,5.6973935155753335,5.61447888878668,0.6603593509507039,0.3129735964071815,0.07045928191543337,0.03388693931945939
"g37159051600",51,5.301592356687898,5.61447888878668,0.6615595072243987,0.3129735964071815,0.07585717782915556,0.03388693931945939
"g37159051502",51,6.032520325203252,5.61447888878668,0.5567392683476079,0.3129735964071815,0.05610313865159945,0.03388693931945939
"g37159051400",51,5.662747524752476,5.61447888878668,0.4631648037356009,0.3129735964071815,0.04972129694575416,0.03388693931945939
"g37025040703",52,4.916801292407108,5.358655293527346,0.5029751039348558,0.20793711832570363,0.06218675993148501,0.023589041677643027
"g37025042402",52,4.402418682235196,5.358655293527346,0.38433422324795613,0.20793711832570363,0.053070333047929345,0.023589041677643027
"g37025041200",52,5.782967032967033,5.358655293527346,0.5064283252404417,0.20793711832570363,0.0532355039419881,0.023589041677643027
"g37025041100",52,6.012420156139106,5.358655293527346,0.3886003058712661,0.20793711832570363,0.03929053240537163,0.023589041677643027
"g37025040900",52,5.272066458982347,5.358655293527346,0.47299449514846376,0.20793711832570363,0.054539268376781226,0.023589041677643027
"g37119005612",53,6.656318082788671,5.568099710982659,0.555495827000538,0.26867596422403733,0.05073186536866945,0.0293329613529513
"g37119005613",53,5.931506849315069,5.568099710982659,1.0554218385491811,0.26867596422403733,0.10816708791297056,0.0293329613529513
"g37119005605",53,4.806060606060606,5.568099710982659,0.2812909835339055,0.26867596422403733,0.035579567632509704,0.0293329613529513
"g37179020601",54,5.883400344629523,6.052966394689531,0.5138037751507586,0.3824417170269802,0.05308880955916938,0.03840883144136023
"g37179020501",54,6.012247071352503,6.052966394689531,0.6238914342143934,0.3824417170269802,0.06308212304846347,0.03840883144136023
"g37179020602",54,6.438976377952756,6.052966394689531,1.0152839546306374,0.3824417170269802,0.09585279665037673,0.03840883144136023
"g37179020702",54,5.791772151898734,6.052966394689531,0.6919654324594555,0.3824417170269802,0.07262849232920147,0.03840883144136023
"g37071032702",55,5.660907127429805,5.610080395794681,0.6669890375292359,0.2115314794073175,0.0716253510924822,0.022921340857368515
"g37071032703",55,5.772026431718062,5.610080395794681,0.5436056855731327,0.2115314794073175,0.057251883240037424,0.022921340857368515
"g37071032900",55,5.772608125819135,5.610080395794681,0.42848419596021653,0.2115314794073175,0.04512288192652447,0.022921340857368515
"g37071032200",55,4.896460644479662,5.610080395794681,0.49270413215485065,0.2115314794073175,0.061169937125394105,0.022921340857368515
"g37071032800",55,5.101945244956772,5.610080395794681,0.5547737409004068,0.2115314794073175,0.06610193926421704,0.022921340857368515
"g37071032600",55,6.597860289490246,5.610080395794681,0.5352110146529295,0.2115314794073175,0.049312386991409406,0.022921340857368515
"g37071032401",55,5.772997711670481,5.610080395794681,0.657316671218247,0.2115314794073175,0.06921613735555417,0.022921340857368515
"g37071032301",55,5.957634598411297,5.610080395794681,0.5422989093350825,0.2115314794073175,0.05533487914233016,0.022921340857368515
"g37119001915",56,4.370579494799405,5.484644582470669,0.21699391843609153,0.18764693105734026,0.030181626206466954,0.02079826340510905
"g37119002003",56,7.026737967914438,5.484644582470669,0.3402179672179834,0.18764693105734026,0.02943320697365426,0.02079826340510905
"g37119005516",57,8.290429042904291,8.290429042904291,0.4766651685648867,0.4766651685648867,0.03495187745028378,0.03495187745028378
"g45057010500",58,5.0925385577323885,5.547641420785567,0.397035038468161,0.32691580783186946,0.047394572129926996,0.035822973910129646
"g45057010900",58,6.462339252908757,5.547641420785567,0.7517811129832198,0.32691580783186946,0.0707189420488677,0.035822973910129646
"g45057010800",58,5.235841737781226,5.547641420785567,0.6436797185620997,0.32691580783186946,0.07473385968035309,0.035822973910129646
"g37119001914",59,5.388174807197943,5.093896713615023,0.4529049997836803,0.263948867552955,0.051097486286181715,0.03149950767653939
"g37119001802",59,4.814521049420378,5.093896713615023,0.2951611289236055,0.263948867552955,0.03726835044701301,0.03149950767653939
"g37159051102",60,5.777376654632972,5.901523919753086,0.4574551569530662,0.23928379817184137,0.0481339988601663,0.024648087080953153
"g37159051002",60,6.05705574912892,5.901523919753086,0.7090687047915962,0.23928379817184137,0.07116408089960621,0.024648087080953153
"g37159051201",60,5.52734375,5.901523919753086,0.38791817287968416,0.23928379817184137,0.042663624542601156,0.024648087080953153
"g37159051202",60,6.405320813771518,5.901523919753086,0.621377895746995,0.23928379817184137,0.05897242833339592,0.024648087080953153
"g37159051101",60,5.925388967468176,5.901523919753086,0.4421577264622069,0.23928379817184137,0.04536223578605615,0.024648087080953153
"g37071031500",61,4.639473684210526,5.427548209366392,0.406048554802155,0.2262193684541633,0.053203885620779344,0.0253372918333816
"g37071031402",61,5.482125603864734,5.427548209366392,0.3559202102688677,0.2262193684541633,0.039467331670005254,0.0253372918333816
"g37071030902",61,5.131991051454139,5.427548209366392,0.6079445974047647,0.2262193684541633,0.07201321672764151,0.0253372918333816
"g37071030901",61,5.284412955465587,5.427548209366392,0.9588014753622495,0.2262193684541633,0.11029759495443087,0.0253372918333816
"g37071030802",61,5.512609970674487,5.427548209366392,0.6734858299846831,0.2262193684541633,0.07426860971266003,0.0253372918333816
"g37071030402",61,5.809721398933017,5.427548209366392,0.5396643560548565,0.2262193684541633,0.056468015556042014,0.0253372918333816
"g37071031301",61,5.902405498281787,5.427548209366392,0.7645850889164361,0.2262193684541633,0.07874643096916276,0.0253372918333816
"g37071030302",61,5.598792062122519,5.427548209366392,0.6973455460952145,0.2262193684541633,0.07571602238479369,0.0253372918333816
"g37097060801",62,5.682367918523234,5.652421652421652,0.6181894965415867,0.20838395311399233,0.06613424041384187,0.022411133304432822
"g37097061102",62,5.692577030812325,5.652421652421652,0.4266285977301949,0.20838395311399233,0.04555910095296312,0.022411133304432822
"g37097061002",62,5.817297297297297,5.652421652421652,0.558991703779671,0.20838395311399233,0.058414168731272274,0.022411133304432822
"g37097060902",62,5.805871779508688,5.652421652421652,0.4814454565560542,0.20838395311399233,0.05040965787384948,0.022411133304432822
"g37097060500",62,5.443256997455471,5.652421652421652,0.5636849857585471,0.20838395311399233,0.06295231788581845,0.022411133304432822
"g37097060400",62,5.305876180482686,5.652421652421652,0.44091863898359623,0.20838395311399233,0.05051675494887915,0.022411133304432822
"g37097060901",62,5.915210355987055,5.652421652421652,0.7158612265989606,0.20838395311399233,0.0735686428280677,0.022411133304432822
"g37119003017",63,7.770914777169664,7.371234207968902,0.8336520137963624,0.2716011066881905,0.06521488836587362,0.022398834588515406
"g37119005834",63,6.775033377837116,7.371234207968902,0.7078662663797624,0.2716011066881905,0.06351464498347772,0.022398834588515406
"g37119005832",63,8.050301810865191,7.371234207968902,0.49929180648544813,0.2716011066881905,0.037703040474420565,0.022398834588515406
"g37119005833",63,7.513397642015005,7.371234207968902,0.5050304053380865,0.2716011066881905,0.04086158880109915,0.022398834588515406
"g37119005815",63,7.0146871008939975,7.371234207968902,0.4237493460721502,0.2716011066881905,0.03672271948340648,0.022398834588515406
"g45057010400",64,5.939115929941618,5.910065359477124,0.5391667170672225,0.15656107919289605,0.05518682007484176,0.016103698104003576
"g45057010100",64,5.902124919510625,5.910065359477124,0.5340910058228865,0.15656107919289605,0.05500991387113488,0.016103698104003576
"g45023020800",64,6.019554342883128,5.910065359477124,0.5117838060495368,0.15656107919289605,0.051684021439532754,0.016103698104003576
"g45057010300",64,5.689268073641671,5.910065359477124,0.43109500706240234,0.15656107919289605,0.04606283808186631,0.016103698104003576
"g45057010200",64,5.86762860727729,5.910065359477124,0.3832653206291585,0.15656107919289605,0.0397073592162376,0.016103698104003576
"g45057011100",64,5.96411988180667,5.910065359477124,0.45784710034017484,0.15656107919289605,0.046666819293000567,0.016103698104003576
"g45057011001",64,5.966799468791501,5.910065359477124,0.41600166270133965,0.15656107919289605,0.04238261233301228,0.016103698104003576
"g45091061203",64,6.061788617886179,5.910065359477124,0.4849967722071216,0.15656107919289605,0.04863760238911316,0.016103698104003576
"g45091061202",64,5.751047277079593,5.910065359477124,0.501710821234951,0.15656107919289605,0.053032320201133146,0.016103698104003576
"g37119005305",65,5.764013452914798,5.4202214557996005,0.29552603934917115,0.21294522043431055,0.031167707920495644,0.023882784694788786
"g37119005524",65,5.255570469798657,5.4202214557996005,0.2803825027430399,0.21294522043431055,0.032431358574824834,0.023882784694788786
"g37025041701",66,5.744748567791215,6.075700297471492,0.6535285531834921,0.13828928379396546,0.06915564546649487,0.01383650111120358
"g37025040500",66,6.116133518776078,6.075700297471492,0.39962336056883196,0.13828928379396546,0.03971988730112131,0.01383650111120358
"g37179020204",66,6.340028694404591,6.075700297471492,0.7611087609676372,0.13828928379396546,0.07297760312362728,0.01383650111120358
"g37025040702",66,5.86691042047532,6.075700297471492,0.3584886150332429,0.13828928379396546,0.03714496969070758,0.01383650111120358
"g37025042200",66,6.306457242582897,6.075700297471492,0.41797040281045533,0.13828928379396546,0.04028971282591179,0.01383650111120358
"g37025041702",66,6.037151702786378,6.075700297471492,0.5664664476466598,0.13828928379396546,0.057039564364389714,0.01383650111120358
"g37025041601",66,6.158118146444995,6.075700297471492,0.6288849987805455,0.13828928379396546,0.06208080163799572,0.01383650111120358
"g37025042401",66,6.304839723444375,6.075700297471492,0.5051576896498391,0.13828928379396546,0.04870651037909496,0.01383650111120358
"g37179020800",66,5.937445319335083,6.075700297471492,0.42938504724973786,0.13828928379396546,0.04396239978541794,0.01383650111120358
"g37179020100",66,6.297970126388357,6.075700297471492,0.5005828522003194,0.13828928379396546,0.04831805790140596,0.01383650111120358
"g37179020701",66,5.600845410628019,6.075700297471492,0.6748127053647375,0.13828928379396546,0.07324260169812995,0.01383650111120358
"g37025041602",66,6.213492063492064,6.075700297471492,0.7026265017299171,0.13828928379396546,0.06874211282731421,0.01383650111120358
"g37179020901",66,6.1069814163736815,6.075700297471492,0.53227487074358,0.13828928379396546,0.05298384388866104,0.01383650111120358
"g37025042102",66,5.580689655172414,6.075700297471492,0.4238589980762943,0.13828928379396546,0.04617082481633154,0.01383650111120358
"g37025040600",66,6.2169617126389465,6.075700297471492,0.5563363970080445,0.13828928379396546,0.0543993084188567,0.01383650111120358
"g37119005513",67,7.482368596141051,7.020988071123115,0.577273383552632,0.1859974907879077,0.046900398519519854,0.016104340630165408
"g37119006302",67,7.884518828451883,7.020988071123115,0.8268979848839427,0.1859974907879077,0.06375449890841467,0.016104340630165408
"g37119005509",67,6.152840396753832,7.020988071123115,0.4199637017904003,0.1859974907879077,0.04149255737073082,0.016104340630165408
"g37119006213",67,7.597372125762552,7.020988071123115,0.48688942547240244,0.1859974907879077,0.03895839360788545,0.016104340630165408
"g37071030101",67,6.498124531132783,7.020988071123115,0.6735436840905982,0.1859974907879077,0.0630103418482831,0.016104340630165408
"g37119006107",67,5.668661588683351,7.020988071123115,0.5443969678997751,0.1859974907879077,0.05838069548529307,0.016104340630165408
"g37119005517",67,7.510889856876167,7.020988071123115,0.5289251283894024,0.1859974907879077,0.04280917954897191,0.016104340630165408
"g37119005508",67,7.526212319790301,7.020988071123115,0.3446838263811192,0.1859974907879077,0.027840596578732293,0.016104340630165408
"g37119006215",67,6.1485091743119265,7.020988071123115,0.5079396258351808,0.1859974907879077,0.05021996052892897,0.016104340630165408
"g37119006214",67,7.753711201079622,7.020988071123115,0.5342713637278929,0.1859974907879077,0.041887686440729065,0.016104340630165408
"g45091060200",68,4.825761932144911,5.0396618985695705,0.3624372700996506,0.3029262542061769,0.045656335944733326,0.03654008985361631
"g45091060102",68,5.943828529194382,5.0396618985695705,0.46719129871829107,0.3029262542061769,0.047781807151198445,0.03654008985361631
"g45091060501",68,4.480289093298292,5.0396618985695705,0.6783260466078644,0.3029262542061769,0.09203786870648564,0.03654008985361631
"g37071033100",69,4.8,5.178922532441998,0.8312311249786499,0.29357073189339206,0.10527243224147036,0.03445937835159561
"g37071031704",69,5.299393122049898,5.178922532441998,0.36882875511587143,0.29357073189339206,0.04230899728047548,0.03445937835159561
"g37071033204",69,5.2691481746599855,5.178922532441998,0.5503615321454479,0.29357073189339206,0.06349532597098986,0.03445937835159561
"g37071033203",69,5.298311444652908,5.178922532441998,0.5944834638918484,0.29357073189339206,0.06820816928591988,0.03445937835159561
"g37119004100",70,4.9502796768179,4.573148974130241,0.43592092558647727,0.2139548174160724,0.053531828594221446,0.028440735154205546
"g37119003700",70,3.6674311926605503,4.573148974130241,0.31289141585036206,0.2139548174160724,0.051863971711330926,0.028440735154205546
"g37119003600",70,4.941927249521378,4.573148974130241,0.3327759445540317,0.2139548174160724,0.04093451740782295,0.028440735154205546
"g37119002100",71,4.779276082327892,5.700376411543287,0.3396615700784153,0.2794563696811095,0.043203446308438614,0.029801942772664326
"g37119002200",71,6.204192546583851,5.700376411543287,0.38862841619825383,0.2794563696811095,0.03807881131191671,0.029801942772664326
"g37119004700",72,4.481216457960644,4.87701962878889,0.5488513242085186,0.16586031990872677,0.0744548326405091,0.020673884845280648
"g37119004302",72,4.768587360594796,4.87701962878889,0.27234851480243494,0.16586031990872677,0.034719172504387476,0.020673884845280648
"g37119004000",72,4.841158841158841,4.87701962878889,0.32243362727951586,0.16586031990872677,0.040487885337300134,0.020673884845280648
"g37119004200",72,5.077423552374756,4.87701962878889,0.34960279975916503,0.16586031990872677,0.04185675985893265,0.020673884845280648
"g37119004500",72,5.053268765133172,4.87701962878889,0.514060238045032,0.16586031990872677,0.061840887448453716,0.020673884845280648
"g37119003500",73,5.79108838568298,4.063600352112676,0.48114030035591737,0.21453786438433517,0.050506309919001326,0.032094237459431386
"g37119000300",73,3.1770573566084788,4.063600352112676,0.752014891177108,0.21453786438433517,0.14389161359622674,0.032094237459431386
"g37119000100",73,3.3392213410237925,4.063600352112676,0.23071069026472418,0.21453786438433517,0.04200070777350585,0.032094237459431386
"g37119005847",74,7.752184769038702,7.290357825730674,0.7056736924735929,0.1880158840376529,0.055336783223015024,0.01567760773445987
"g37119005816",74,7.964934251721979,7.290357825730674,0.5590541480216694,0.1880158840376529,0.04266834291021994,0.01567760773445987
"g37119005817",74,7.581663630843959,7.290357825730674,0.3620083150780958,0.1880158840376529,0.029026062846813513,0.01567760773445987
"g37119005841",74,6.726226993865031,7.290357825730674,0.39881753659045543,0.1880158840376529,0.03604431900747482,0.01567760773445987
"g37119005840",74,7.17519042437432,7.290357825730674,0.5250514461639914,0.1880158840376529,0.04448386614936006,0.01567760773445987
"g37119005842",74,7.01455938697318,7.290357825730674,0.29576194877368794,0.1880158840376529,0.025631616729721206,0.01567760773445987
"g37025040701",75,5.42375,5.159014084507042,0.5318354164177579,0.2698313893719775,0.05960897985882006,0.03179507499938868
"g37159051501",75,5.153980244044161,5.159014084507042,0.8222426958296679,0.2698313893719775,0.0969820527869879,0.03179507499938868
"g37025041000",75,5.118476190476191,5.159014084507042,0.380952584854737,0.2698313893719775,0.04524434809008708,0.03179507499938868
"g37025040800",75,5.109518935516888,5.159014084507042,0.3548717606517779,0.2698313893719775,0.04222070938508141,0.03179507499938868
"g37097061104",76,5.8218142548596115,5.774937849596022,0.6062338001259674,0.20196158185313107,0.06330177662045611,0.021259622403658973
"g37097061201",76,5.862328767123287,5.774937849596022,0.3906224455686292,0.20196158185313107,0.04050616447254182,0.021259622403658973
"g37097061103",76,5.7944760357432985,5.774937849596022,0.7229417022610493,0.20196158185313107,0.07584434481144418,0.021259622403658973
"g37097061202",76,6.032274331820474,5.774937849596022,0.4921468822750994,0.20196158185313107,0.049596125702593266,0.021259622403658973
"g37097061302",76,6.116738727609635,5.774937849596022,0.6935658943086958,0.20196158185313107,0.06892898703354321,0.021259622403658973
"g37097060300",76,5.438860971524288,5.774937849596022,0.7568234867840561,0.20196158185313107,0.08459033432967004,0.021259622403658973
"g37097061304",76,5.605665467625899,5.774937849596022,0.5073007476790231,0.20196158185313107,0.05501389871513184,0.021259622403658973
"g37097060200",76,5.2450787401574805,5.774937849596022,0.7288709823408894,0.20196158185313107,0.0844758841549272,0.021259622403658973
"g37097061101",76,5.821985233798196,5.774937849596022,0.5449266958272667,0.20196158185313107,0.056898534738847914,0.021259622403658973
"g37179021009",77,10.70103092783505,10.70103092783505,1.7428768416993434,1.7428768416993434,0.09900911481914386,0.09900911481914386
"g37119005521",78,5.365012319605772,5.251667480071579,0.3461621749310839,0.21018870216264005,0.03922319662152569,0.024330231781395834
"g37119005610",78,5.383102694828842,5.251667480071579,0.3930408565713792,0.21018870216264005,0.04438529700111766,0.024330231781395834
"g37119005604",78,5.291933418693982,5.251667480071579,0.4440394628124929,0.21018870216264005,0.051008352294793405,0.024330231781395834
"g37119005609",78,4.788194444444445,5.251667480071579,0.47027184572088043,0.21018870216264005,0.059705081902710684,0.024330231781395834
"g37119002004",79,6.1358421294171634,6.649486611636803,0.6009531289969745,0.31474738724344403,0.05953886090232442,0.02877452183775149
"g37119002002",79,7.050932568149211,6.649486611636803,0.28933848334176765,0.31474738724344403,0.02494558752716585,0.02877452183775149
"g37119003201",80,5.029580936729663,4.901364348020577,0.35539743985562716,0.20494153066133772,0.04295528367430062,0.02541833421742415
"g37119003203",80,4.558576051779935,4.901364348020577,0.31050318052412584,0.20494153066133772,0.04140673111457965,0.02541833421742415
"g37119003300",80,5.119953188999415,4.901364348020577,0.38451547405255326,0.20494153066133772,0.04565432532563186,0.02541833421742415
"g37119003007",81,8.695532915360502,7.63385269121813,0.5118918261858659,0.3027034990325762,0.03578624156556061,0.024105034845363655
"g37119002904",81,6.758720930232558,7.63385269121813,0.3647652463651035,0.3027034990325762,0.03280824780196636,0.024105034845363655
"g37119001300",82,4.785416666666666,5.074422353573348,0.27581423189326726,0.4289215325230999,0.0350373306556241,0.05138369548186286
"g37119001603",82,5.382352941176471,5.074422353573348,0.8353693625010714,0.4289215325230999,0.0943496879932115,0.05138369548186286
"g37119005827",83,4.506282335550628,4.429338572364113,0.3073208934385594,0.21193791170586368,0.0414579464635177,0.02908733080356784
"g37119003808",83,4.162617749132375,4.429338572364113,0.3166519924234167,0.21193791170586368,0.04624340355430734,0.02908733080356784
"g37119005829",83,4.097297297297297,4.429338572364113,0.6738371758069909,0.21193791170586368,0.09997504031910348,0.02908733080356784
"g37119005916",83,4.556751467710372,4.429338572364113,0.43922917134428596,0.21193791170586368,0.05859626461767986,0.02908733080356784
"g37119005915",83,4.667087011349307,4.429338572364113,0.8751629159420563,0.21193791170586368,0.11399271737812595,0.02908733080356784
"g37119005824",83,5.054639175257732,4.429338572364113,0.6033707922198221,0.21193791170586368,0.07256517081263782,0.02908733080356784
"g37119005828",84,6.613050944476245,6.909393687078949,0.3991624915933031,0.24986024492085296,0.036692892979467984,0.021983220710046037
"g37119003012",84,6.6430921052631575,6.909393687078949,0.4411031559433541,0.24986024492085296,0.0403649100319844,0.021983220710046037
"g37119003105",84,6.905322128851541,6.909393687078949,0.2959727110006872,0.24986024492085296,0.026055644807266163,0.021983220710046037
"g37119003008",84,7.073189230185817,6.909393687078949,1.0546447678918511,0.24986024492085296,0.0906410699026486,0.021983220710046037
"g37119003018",84,5.921182266009852,6.909393687078949,0.4099716096381729,0.24986024492085296,0.04209005090631576,0.021983220710046037
"g37119003006",84,6.799599198396794,6.909393687078949,0.2907487675886114,0.24986024492085296,0.025993733751271765,0.021983220710046037
"g37119003013",84,7.908183632734531,6.909393687078949,0.5545598322453646,0.24986024492085296,0.042629060567017006,0.021983220710046037
"g37097060702",85,6.023838630806846,6.235308617629659,0.737035532547879,0.1606787278848794,0.07437880459664097,0.01566514894735426
"g37097060703",85,5.975552050473186,6.235308617629659,0.3541221832454401,0.1606787278848794,0.03602543197680856,0.01566514894735426
"g37097060802",85,5.791411042944786,6.235308617629659,0.6022028675478216,0.1606787278848794,0.06321098050737656,0.01566514894735426
"g37159051802",85,6.361790733992712,6.235308617629659,0.47713247722619556,0.1606787278848794,0.04559253050899838,0.01566514894735426
"g37097060602",85,7.689903846153846,6.235308617629659,0.745047061643454,0.1606787278848794,0.05889750456662025,0.01566514894735426
"g37159051302",85,6.320371188687583,6.235308617629659,0.4293662226677617,0.1606787278848794,0.041297084225837576,0.01566514894735426
"g37159051801",85,5.89370306181398,6.235308617629659,0.5962303999783919,0.1606787278848794,0.061497854128524564,0.01566514894735426
"g37097061502",85,6.242559523809524,6.235308617629659,0.6251418019001931,0.1606787278848794,0.06087653790725386,0.01566514894735426
"g37159051902",85,6.114742451154529,6.235308617629659,0.46106898485396985,0.1606787278848794,0.04583759649970944,0.01566514894735426
"g37097061501",85,5.806756756756757,6.235308617629659,0.6599226555586282,0.1606787278848794,0.06908654940760746,0.01566514894735426
"g37097061303",85,7.049180327868853,6.235308617629659,0.4277708195888727,0.1606787278848794,0.036889828224954034,0.01566514894735426
"g37159051901",85,6.1797872340425535,6.235308617629659,0.5219107673828246,0.1606787278848794,0.051340114343046465,0.01566514894735426
"g37119005515",86,6.0071942446043165,6.055884654073991,0.5896397341899855,0.2344468998097073,0.059669055604832634,0.023534284399314872
"g37119005520",86,8.255845942228335,6.055884654073991,0.4367381640384925,0.2344468998097073,0.03215834288833652,0.023534284399314872
"g37119005518",86,6.39066463723998,6.055884654073991,0.3897297284997766,0.2344468998097073,0.03707247704791021,0.023534284399314872
"g37119005519",86,6.94248291571754,6.055884654073991,0.5700533209904164,0.2344468998097073,0.049915423264766855,0.023534284399314872
"g37119005523",86,4.035795026375283,6.055884654073991,0.44267254234731035,0.2344468998097073,0.06667877027762338,0.023534284399314872
"g37025042502",87,4.608130081300813,5.008260196179659,0.4926430691083027,0.28688689030707015,0.06498928287245971,0.0348223372155595
"g37025042000",87,5.420560747663552,5.008260196179659,0.4072936284474755,0.28688689030707015,0.04567699218517962,0.0348223372155595
"g37025041901",87,4.587743732590529,5.008260196179659,0.7014892500785532,0.28688689030707015,0.09295140682357002,0.0348223372155595
"g37119001200",88,5.24174053182917,5.190278601066983,0.345766353372922,0.22217473029435222,0.0400997170318643,0.02602184520325947
"g37119001606",88,5.243006993006993,5.190278601066983,0.36695689447902285,0.22217473029435222,0.042546977390031944,0.02602184520325947
"g37119001605",88,4.9374275782155275,5.190278601066983,0.4264570145963762,0.22217473029435222,0.05250596219713435,0.02602184520325947
"g37119002300",89,4.421315570358035,4.703883495145631,0.3512484563220752,0.12366316691604232,0.048294425960401864,0.015981513473737354
"g37119001607",89,4.798231511254019,4.703883495145631,0.4331501264730455,0.12366316691604232,0.05487712424349194,0.015981513473737354
"g37119001701",89,4.506896551724138,4.703883495145631,0.3029150504279621,0.12366316691604232,0.040858024071510665,0.015981513473737354
"g37119001702",89,4.772764900662252,4.703883495145631,0.24742358719536545,0.12366316691604232,0.03151411783929104,0.015981513473737354
"g37119001801",89,4.530193236714976,4.703883495145631,0.40773801050035385,0.12366316691604232,0.05471401307279242,0.015981513473737354
"g37119001919",89,5.167447306791569,4.703883495145631,0.31957297972774085,0.12366316691604232,0.037594827204713716,0.015981513473737354
"g37119001918",89,4.56372824256036,4.703883495145631,0.30755186892517994,0.12366316691604232,0.04096686141461131,0.015981513473737354
"g37119005301",90,4.109550561797753,4.44180407371484,0.45818977502537017,0.17233304645697264,0.06777744024708017,0.023585401028587995
"g37119005306",90,4.647114474929045,4.44180407371484,0.6103620396873435,0.17233304645697264,0.07984325662969442,0.023585401028587995
"g37119005307",90,4.374754741661216,4.44180407371484,0.2320385754936777,0.17233304645697264,0.03224338120153109,0.023585401028587995
"g37119005200",90,4.634122287968442,4.44180407371484,0.20401081849958905,0.17233304645697264,0.026762076385466908,0.023585401028587995
"g37119005308",90,4.582616179001721,4.44180407371484,0.29066053775547274,0.17233304645697264,0.03855730637691218,0.023585401028587995
"g37119003903",91,4.601532567049809,4.717350496111558,0.5265668859619211,0.2761359069507662,0.06956409538963802,0.03558433348565427
"g37119003805",91,4.55050505050505,4.717350496111558,0.5636619469369464,0.2761359069507662,0.07529969435751252,0.03558433348565427
"g37119003902",91,4.848159509202454,4.717350496111558,0.38963397682124956,0.2761359069507662,0.0488555625960879,0.03558433348565427
"g37119004800",92,5.306712962962963,5.39919229574402,0.3412654023632082,0.31028642979557874,0.03909315862705623,0.0349355902047201
"g37119004600",92,5.488019169329074,5.39919229574402,0.46388601348222813,0.31028642979557874,0.051384218583080524,0.0349355902047201
"g37119004900",92,5.602510460251046,5.39919229574402,2.379855968500825,0.31028642979557874,0.25822726503773724,0.0349355902047201
"g45091060905",93,5.612286515421871,5.708835156752781,0.34405430525990977,0.21507383941296107,0.03726672770086961,0.0229020407380962
"g45091060907",93,5.501548786783686,5.708835156752781,0.3566273035664097,0.21507383941296107,0.03940612395095623,0.0229020407380962
"g45091060802",93,6.244303797468355,5.708835156752781,0.5842021410638024,0.21507383941296107,0.056873927213155234,0.0229020407380962
"g45091060700",93,6.040174672489083,5.708835156752781,0.535881160142624,0.21507383941296107,0.05393281500131887,0.0229020407380962
"g37159050300",94,5.70386039132734,5.389104220499569,0.526113046972214,0.3292797284374383,0.05607177219058909,0.0371434731065152
"g37159050400",94,4.803122289679098,5.389104220499569,0.6429300049683475,0.3292797284374383,0.0813718421525887,0.0371434731065152
"g37159051204",94,5.439375,5.389104220499569,0.5583257192638577,0.3292797284374383,0.06239829614161432,0.0371434731065152
"g37119005401",95,5.778564206268959,5.481997428204029,0.6829395107121157,0.4884396705799249,0.07184497428186183,0.05416343509667896
"g37119005100",95,5.233046800382044,5.481997428204029,0.8160261112538051,0.4884396705799249,0.09479458606891235,0.05416343509667896
"g37119005000",95,4.532208588957055,5.481997428204029,0.8573517911664835,0.4884396705799249,0.11499614127629688,0.05416343509667896
"g37119003109",96,3.9336543606206527,3.9336543606206527,0.2280216248452144,0.2280216248452144,0.03523821790201667,0.03523821790201667
