"TID","RID","t_avgrentE","r_avgrentE","t_avgrentM","r_avgrentM","t_avgrentCV","r_avgrentCV"
"g37119003016",0,1009.38123752495,1032.1217244294166,175.86826378672836,184.63826559938371,0.10591716457569232,0.1087489044079525
"g37119005811",0,1095.4887218045112,1032.1217244294166,833.7913871503694,184.63826559938371,0.46268305190954945,0.1087489044079525
"g37119003015",0,1331.25,1032.1217244294166,1505.789256996297,184.63826559938371,0.6876044383161594,0.1087489044079525
"g37097061003",1,768.0327868852459,701.8507638072856,322.44595091280706,114.74017752050482,0.25521797894309567,0.0993813377294723
"g37097061001",1,570.0,701.8507638072856,349.1930509681492,114.74017752050482,0.37241300161910007,0.0993813377294723
"g37097060100",1,734.6153846153846,701.8507638072856,224.74108227849015,114.74017752050482,0.1859758474590857,0.0993813377294723
"g37097060601",1,732.0652173913044,701.8507638072856,204.9724710530205,114.74017752050482,0.17020795812717113,0.0993813377294723
"g37097061301",1,587.7604166666666,701.8507638072856,305.5473196839403,114.74017752050482,0.3160183064606381,0.0993813377294723
"g37097060603",1,791.5584415584416,701.8507638072856,642.0356439827857,114.74017752050482,0.49307189945093766,0.0993813377294723
"g37097060701",1,423.3333333333333,701.8507638072856,441.5513511235271,114.74017752050482,0.6340636399351801,0.0993813377294723
"g37119002500",2,992.4485125858124,915.9090909090909,322.75455323097725,166.80678156036356,0.1976962767701639,0.11071218729824185
"g37119000900",2,705.7441253263707,915.9090909090909,242.02784790320058,166.80678156036356,0.20847412758069292,0.11071218729824185
"g37119001400",2,936.2255965292842,915.9090909090909,435.77012774275653,166.80678156036356,0.28295087606363367,0.11071218729824185
"g37119001000",2,963.4877384196185,915.9090909090909,414.34297342172096,166.80678156036356,0.26142546185095994,0.11071218729824185
"g37119001100",2,998.7704918032787,915.9090909090909,383.27073306721405,166.80678156036356,0.23327814448328946,0.11071218729824185
"g37025042300",3,743.510054844607,724.2258652094717,160.01886353262145,115.84584950836084,0.13083334145815034,0.0972390136871229
"g37025041902",3,781.8934911242603,724.2258652094717,250.37041369365787,115.84584950836084,0.19465676734231024,0.0972390136871229
"g37025042101",3,637.5930521091811,724.2258652094717,199.7228935722079,115.84584950836084,0.1904225476663048,0.0972390136871229
"g37179020404",4,742.5925925925926,793.4261178560853,143.09763904437466,135.53836058315036,0.11714289516931428,0.10384601454104495
"g37179020401",4,763.4099616858238,793.4261178560853,402.56172778048807,135.53836058315036,0.32055957851275835,0.10384601454104495
"g37179020312",4,1004.2462845010616,793.4261178560853,467.84139940238913,135.53836058315036,0.28319952077025684,0.10384601454104495
"g37179020306",4,720.4747774480712,793.4261178560853,532.7068092312471,135.53836058315036,0.44947295411418525,0.10384601454104495
"g37179020313",4,912.4528301886793,793.4261178560853,517.3785485314087,135.53836058315036,0.3446927058229019,0.10384601454104495
"g37109070600",5,480.63583815028903,541.0231185440236,241.96886014440824,68.31632134114477,0.3060394592479086,0.07676137525989365
"g45091061900",5,607.1428571428571,541.0231185440236,386.14307437270463,68.31632134114477,0.3866263573193538,0.07676137525989365
"g37109070901",5,415.88235294117646,541.0231185440236,339.7622283828884,68.31632134114477,0.49663657670013733,0.07676137525989365
"g45023020601",5,710.5263157894736,541.0231185440236,398.26779039167593,68.31632134114477,0.34074470415138325,0.07676137525989365
"g37109070700",5,590.188679245283,541.0231185440236,324.85485389784156,68.31632134114477,0.3346051208534271,0.07676137525989365
"g37071033400",5,662.7760252365931,541.0231185440236,369.1402251180933,68.31632134114477,0.33857795712400834,0.07676137525989365
"g45091061701",5,422.2591362126246,541.0231185440236,240.4950281476143,68.31632134114477,0.3462271694376154,0.07676137525989365
"g37071030502",5,669.1943127962086,541.0231185440236,481.01986180421363,68.31632134114477,0.43696320225547874,0.07676137525989365
"g37071030801",5,550.0,541.0231185440236,642.3957865008516,68.31632134114477,0.7100257380501261,0.07676137525989365
"g37071031701",5,450.2463054187192,541.0231185440236,328.3626137881136,68.31632134114477,0.44334074211347335,0.07676137525989365
"g37071031600",5,575.1453488372093,541.0231185440236,157.71167005203154,68.31632134114477,0.16669413366301372,0.07676137525989365
"g37071030602",5,608.6124401913876,541.0231185440236,451.9359685955227,68.31632134114477,0.4514089648279723,0.07676137525989365
"g37071030401",5,437.76824034334766,541.0231185440236,292.5731639662206,68.31632134114477,0.4062789630140616,0.07676137525989365
"g37109070500",5,491.46666666666664,541.0231185440236,274.0631238770269,68.31632134114477,0.3389929246912579,0.07676137525989365
"g45023020500",5,319.0082644628099,541.0231185440236,281.70545374987205,68.31632134114477,0.53681843085082,0.07676137525989365
"g37071030501",5,439.766081871345,541.0231185440236,290.2739007271813,68.31632134114477,0.4012549070712993,0.07676137525989365
"g37071031703",5,662.8070175438596,541.0231185440236,511.08782718768686,68.31632134114477,0.46875135603016266,0.07676137525989365
"g37071030700",5,673.1527093596059,541.0231185440236,334.8794490503338,68.31632134114477,0.30241894644524936,0.07676137525989365
"g37071030301",5,301.35135135135135,541.0231185440236,218.47090400774914,68.31632134114477,0.4407116795445755,0.07676137525989365
"g37071030205",5,567.3423423423424,541.0231185440236,229.7052577453307,68.31632134114477,0.2461273276024447,0.07676137525989365
"g37109070800",5,499.16805324459233,541.0231185440236,193.44962710541796,68.31632134114477,0.23558911021348775,0.07676137525989365
"g37119000400",6,953.483606557377,858.7725631768953,232.87760656753406,100.76827120267554,0.14847338025531995,0.07133123524042191
"g37119000800",6,683.7370242214533,858.7725631768953,154.87396033678712,100.76827120267554,0.13769665941858986,0.07133123524042191
"g37119000700",6,810.919540229885,858.7725631768953,443.2543789928122,100.76827120267554,0.33228395194832316,0.07133123524042191
"g37119000600",6,890.8791208791209,858.7725631768953,187.56715451743366,100.76827120267554,0.12798884120246162,0.07133123524042191
"g37119000500",6,850.758075148319,858.7725631768953,189.14072119504186,100.76827120267554,0.1351490690237045,0.07133123524042191
"g45091061007",7,1004.566210045662,1124.1601143674052,843.8821635785242,219.53396345875817,0.510666465387391,0.11871555949173143
"g37119005836",7,1097.5708502024293,1124.1601143674052,801.6378290897391,219.53396345875817,0.4439966942853903,0.11871555949173143
"g45091061008",7,1114.7783251231526,1124.1601143674052,769.6332358449649,219.53396345875817,0.4196907482912719,0.11871555949173143
"g37119005843",7,1166.6666666666667,1124.1601143674052,1034.7477784044088,219.53396345875817,0.5391651472363398,0.11871555949173143
"g45091061005",7,1014.2657342657343,1124.1601143674052,394.1421044774404,219.53396345875817,0.23623006813453817,0.11871555949173143
"g45091061004",7,1095.778364116095,1124.1601143674052,461.5436951368151,219.53396345875817,0.256049657524978,0.11871555949173143
"g37119005845",7,1206.605922551253,1124.1601143674052,447.7001701143315,219.53396345875817,0.22555678953469852,0.11871555949173143
"g37119005844",7,1414.9606299212599,1124.1601143674052,761.0731842163921,219.53396345875817,0.3269762146484661,0.11871555949173143
"g37119005838",7,1590.9420289855072,1124.1601143674052,1196.2782022997874,219.53396345875817,0.4571007481242598,0.11871555949173143
"g45057011201",7,546.4730290456431,1124.1601143674052,306.79701564476983,219.53396345875817,0.34128444618486586,0.11871555949173143
"g37119006005",8,749.7109826589596,1023.8753387533875,743.103693174876,193.2823223484336,0.6025452185391752,0.11475699046966646
"g37119006103",8,942.5490196078431,1023.8753387533875,291.48290960021563,193.2823223484336,0.1879936792988821,0.11475699046966646
"g37119006108",8,1218.4810126582279,1023.8753387533875,757.7741008877816,193.2823223484336,0.37805508997058207,0.11475699046966646
"g37119006007",8,1027.6315789473683,1023.8753387533875,617.3333891240411,193.2823223484336,0.3651879366989335,0.11475699046966646
"g37119006106",8,1002.8925619834711,1023.8753387533875,583.2404749567967,193.2823223484336,0.3535308702615956,0.11475699046966646
"g37119006104",8,1103.754266211604,1023.8753387533875,645.7985991815586,193.2823223484336,0.35567947239944264,0.11475699046966646
"g37119006008",8,1132.167832167832,1023.8753387533875,1062.648779035341,193.2823223484336,0.570575387644269,0.11475699046966646
"g37119006105",8,1151.4018691588785,1023.8753387533875,870.8690719610601,193.2823223484336,0.4597905434602762,0.11475699046966646
"g37119006109",8,890.1287553648069,1023.8753387533875,558.4643168009341,193.2823223484336,0.3813964933175182,0.11475699046966646
"g37119004400",8,953.3642691415313,1023.8753387533875,458.41443031361,193.2823223484336,0.29230315759558995,0.11475699046966646
"g37119006006",8,982.7361563517916,1023.8753387533875,608.6301741054386,193.2823223484336,0.37648757033420477,0.11475699046966646
"g45091061401",9,440.59945504087193,473.12775330396477,255.92370143622477,91.74946674638298,0.35310238453173065,0.11788518308643049
"g45023020602",9,537.6947040498443,473.12775330396477,266.8752037285384,91.74946674638298,0.30172171155564925,0.11788518308643049
"g45023021000",9,339.11290322580646,473.12775330396477,184.2590256186808,91.74946674638298,0.330307589773593,0.11788518308643049
"g45023020300",9,528.5185185185185,473.12775330396477,216.90538102153042,91.74946674638298,0.24948487112765838,0.11788518308643049
"g45023020200",9,437.573385518591,473.12775330396477,183.67090858911507,91.74946674638298,0.2551664508622045,0.11788518308643049
"g45023020100",9,516.2995594713657,473.12775330396477,297.774522634319,91.74946674638298,0.35060643296985594,0.11788518308643049
"g45023020900",9,447.14285714285717,473.12775330396477,441.4093847010099,91.74946674638298,0.6001079256352524,0.11788518308643049
"g45023020400",9,518.8811188811189,473.12775330396477,428.76777208784114,91.74946674638298,0.5023291310641679,0.11788518308643049
"g37179021012",10,1765.0,1590.909090909091,2811.7735399565877,0.0,0.9684333295871558,0.0
"g37179021008",10,1598.4962406015038,1590.909090909091,1316.9522887820362,0.0,0.5008325191020734,0.0
"g37179021011",10,1777.0114942528735,1590.909090909091,1905.8386567068974,0.0,0.6519735728775508,0.0
"g37179021010",10,0.0,1590.909090909091,"",0.0,"",0.0
"g37179020203",11,917.6470588235294,973.6676535899334,698.5775719389002,148.40723087804355,0.46277837748271,0.09265703887292281
"g37025042602",11,1037.5,973.6676535899334,782.9208720494341,148.40723087804355,0.45873709864836654,0.09265703887292281
"g37119005621",11,1147.549019607843,973.6676535899334,771.2862986529879,148.40723087804355,0.40858128310118563,0.09265703887292281
"g37179020202",11,836.0091743119266,973.6676535899334,395.7623494275716,148.40723087804355,0.28777796014930096,0.09265703887292281
"g37119005614",11,1358.4302325581396,973.6676535899334,861.6551161235244,148.40723087804355,0.3855939669543037,0.09265703887292281
"g37025042503",11,755.8232931726908,973.6676535899334,712.8555163002293,148.40723087804355,0.5733440902575903,0.09265703887292281
"g37025042501",11,706.2271062271062,973.6676535899334,495.38159957483475,148.40723087804355,0.4264121652559935,0.09265703887292281
"g37025041503",11,1468.888888888889,973.6676535899334,1779.5699855183332,148.40723087804355,0.7364787564970179,0.09265703887292281
"g37025042504",11,654.8780487804878,973.6676535899334,442.78170960983977,148.40723087804355,0.4110203617757876,0.09265703887292281
"g37119005709",11,877.433628318584,973.6676535899334,403.17418203376064,148.40723087804355,0.27932675504594495,0.09265703887292281
"g37025042604",11,1047.6608187134502,973.6676535899334,648.443991212132,148.40723087804355,0.3762581067037253,0.09265703887292281
"g37119005619",11,1044.7916666666667,973.6676535899334,991.2716643315306,148.40723087804355,0.5767625983800994,0.09265703887292281
"g37119005615",11,1577.3333333333333,973.6676535899334,1716.364191006064,148.40723087804355,0.6614850931532825,0.09265703887292281
"g37025042603",11,812.1212121212121,973.6676535899334,540.6392533827564,148.40723087804355,0.40468845805087694,0.09265703887292281
"g37119005711",11,993.0635838150289,973.6676535899334,627.9844672862816,148.40723087804355,0.3844199724728575,0.09265703887292281
"g37119005618",11,609.6774193548387,973.6676535899334,666.4429407825538,148.40723087804355,0.6645030206738126,0.09265703887292281
"g37179020311",11,964.9068322981367,973.6676535899334,522.9390612966226,148.40723087804355,0.32945780385601,0.09265703887292281
"g37119005706",11,810.3030303030303,973.6676535899334,453.39386153578545,148.40723087804355,0.3401435739561401,0.09265703887292281
"g37179020305",11,897.8494623655914,973.6676535899334,722.2167234031135,148.40723087804355,0.4889878985602501,0.09265703887292281
"g37025041501",11,1327.4725274725274,973.6676535899334,1014.6061736152602,148.40723087804355,0.46462872541208905,0.09265703887292281
"g37179020309",11,916.6666666666666,973.6676535899334,1278.7488487015562,148.40723087804355,0.8480235526067242,0.09265703887292281
"g37119005611",11,1003.5433070866142,973.6676535899334,485.693904196714,148.40723087804355,0.2942121689439338,0.09265703887292281
"g37025041502",11,1045.682451253482,973.6676535899334,813.9014893864103,148.40723087804355,0.47315792789975797,0.09265703887292281
"g37119005715",11,926.8656716417911,973.6676535899334,898.0562000255235,148.40723087804355,0.589007487694718,0.09265703887292281
"g37119001507",12,702.7857829010567,758.1302170283807,157.87288949687402,115.76514505950838,0.13655848443619917,0.09282567398551313
"g37119001608",12,752.2371364653244,758.1302170283807,186.01189152510545,115.76514505950838,0.15032113175981673,0.09282567398551313
"g37119001504",12,817.4528301886793,758.1302170283807,245.08379885136463,115.76514505950838,0.18225774780100673,0.09282567398551313
"g37119005514",13,881.3751668891856,931.1606493821178,196.98156428564312,112.00571196815069,0.1358622710090957,0.07312226815987545
"g37119005511",13,950.6706408345752,931.1606493821178,189.25021734189892,112.00571196815069,0.12101533368791706,0.07312226815987545
"g37119005522",13,968.7645687645688,931.1606493821178,192.19957606727488,112.00571196815069,0.12060582295470704,0.07312226815987545
"g37119002701",14,1113.3333333333333,922.3696682464455,848.5441727938751,181.50680906167915,0.46332244660495886,0.11962501538190173
"g37119002400",14,933.160621761658,922.3696682464455,205.93800506957135,181.50680906167915,0.13415726480367127,0.11962501538190173
"g37119002600",14,790.1554404145078,922.3696682464455,395.49329318448565,181.50680906167915,0.3042710870879694,0.11962501538190173
"g37119005831",15,922.7821149751597,955.6618017111223,156.08420361539697,125.35506879645536,0.10282385496647667,0.07973918084988152
"g37119005839",15,1035.8131487889273,955.6618017111223,195.21620343326944,125.35506879645536,0.11456937405353926,0.07973918084988152
"g37119005712",16,913.8790035587189,938.2276281494353,492.8614877114517,0.0,0.3278462963547565,0.0
"g37179020314",16,868.0473372781065,938.2276281494353,740.3780812142194,0.0,0.5184946046050728,0.0
"g37179020315",16,0.0,938.2276281494353,"",0.0,"",0.0
"g37179020316",16,758.0645161290323,938.2276281494353,1101.396908740779,0.0,0.8832258726240484,0.0
"g37119005835",16,0.0,938.2276281494353,"",0.0,"",0.0
"g37119005713",16,927.536231884058,938.2276281494353,842.7263191384055,0.0,0.552318731198233,0.0
"g37119005714",16,581.8181818181819,938.2276281494353,769.6468351221246,0.0,0.804152278338086,0.0
"g37179020310",16,1261.6161616161617,938.2276281494353,781.0631790122653,0.0,0.3763509517508926,0.0
"g37119005823",16,1356.6433566433566,938.2276281494353,950.9510782759496,0.0,0.4261147626154257,0.0
"g37097061601",17,819.6861626248217,828.3698477534348,312.62242290809786,163.15196824369255,0.2318497429252506,0.11972976572807009
"g37097061403",17,824.6777163904236,828.3698477534348,316.7150391014777,163.15196824369255,0.23346324853570158,0.11972976572807009
"g37097061602",17,807.7669902912621,828.3698477534348,282.525964997325,163.15196824369255,0.21262110120064062,0.11972976572807009
"g37097061203",17,898.3293556085919,828.3698477534348,418.75454241592405,163.15196824369255,0.2833727187856677,0.11972976572807009
"g37071031202",18,767.2727272727273,668.471255478216,342.25637330321507,94.3381130435062,0.27116640302621514,0.08579037096502755
"g37071031101",18,594.1896024464831,668.471255478216,301.9243639540554,94.3381130435062,0.30889239061888796,0.08579037096502755
"g37071031004",18,649.757281553398,668.471255478216,218.66726107184422,94.3381130435062,0.20458166450354381,0.08579037096502755
"g37071031102",18,676.0286225402505,668.471255478216,211.2199335017403,94.3381130435062,0.1899345251071114,0.08579037096502755
"g37071031001",18,584.4074844074844,668.471255478216,227.88084355356168,94.3381130435062,0.23704246073937316,0.08579037096502755
"g37071031302",18,670.1650943396227,668.471255478216,210.55437941286226,94.3381130435062,0.19099261407494028,0.08579037096502755
"g37071032302",18,707.5376884422111,668.471255478216,265.96559951597476,94.3381130435062,0.2285125134001061,0.08579037096502755
"g37071031201",18,704.0076335877862,668.471255478216,355.5598967498781,94.3381130435062,0.307022003140753,0.08579037096502755
"g37119006212",19,1004.5130641330167,967.7278401997503,349.92879478776246,136.28808727411177,0.21176695375993088,0.08561281140923488
"g37119006405",19,959.5419847328244,967.7278401997503,322.37010794808515,136.28808727411177,0.20423251259789751,0.08561281140923488
"g37119006303",19,843.4268833087149,967.7278401997503,309.2938225497911,136.28808727411177,0.22292455284677187,0.08561281140923488
"g37119006209",19,993.6476751800917,967.7278401997503,193.0219427296235,136.28808727411177,0.11808870481946518,0.08561281140923488
"g37119006407",19,1574.5454545454545,967.7278401997503,1708.3098008265442,136.28808727411177,0.6595466635227467,0.08561281140923488
"g37119005846",20,0.0,2100.0,"",0.0,"",0.0
"g37179021007",20,2905.2631578947367,2100.0,3677.252170638221,0.0,0.7694351707207414,0.0
"g37179021006",20,2123.076923076923,2100.0,2924.646768869019,0.0,0.8374170299832001,0.0
"g37119005510",21,938.860103626943,930.2884615384615,329.56286256445486,174.00456749313543,0.2133887305667042,0.11370435832825858
"g37119005512",21,1053.5469107551487,930.2884615384615,464.57236134452756,174.00456749313543,0.26806097236387355,0.11370435832825858
"g37119005404",21,843.1693989071039,930.2884615384615,293.65212509779985,174.00456749313543,0.21171538054158648,0.11370435832825858
"g37119005403",21,936.2162162162163,930.2884615384615,349.85352663115094,174.00456749313543,0.22716645172495184,0.11370435832825858
"g45057011202",22,1035.2941176470588,899.6784565916398,610.2613537515662,175.5176117205276,0.35833251636421054,0.11859529982354762
"g37179021005",22,542.258064516129,899.6784565916398,375.6110239292895,175.5176117205276,0.4210817392964448,0.11859529982354762
"g37179020902",22,643.3224755700326,899.6784565916398,439.04057612033745,175.5176117205276,0.4148680908589699,0.11859529982354762
"g37179021014",22,1111.0619469026549,899.6784565916398,733.1890823665212,175.5176117205276,0.40115463417457725,0.11859529982354762
"g37179021004",22,1364.327485380117,899.6784565916398,1148.2600312422153,175.5176117205276,0.5116296648780972,0.11859529982354762
"g37179021015",22,676.2755102040817,899.6784565916398,330.8793945643339,175.5176117205276,0.2974268416671781,0.11859529982354762
"g37179021013",22,1055.5555555555557,899.6784565916398,1051.71931070919,175.5176117205276,0.6056934120225698,0.11859529982354762
"g37179020502",22,834.4322344322344,899.6784565916398,458.18514085530086,175.5176117205276,0.33379822713759244,0.11859529982354762
"g37179020307",22,1168.7116564417179,899.6784565916398,798.6949668945095,175.5176117205276,0.4154393879609891,0.11859529982354762
"g37179020403",22,724.0896358543417,899.6784565916398,381.3178678120914,175.5176117205276,0.3201318779936073,0.11859529982354762
"g45091061104",22,959.6899224806201,899.6784565916398,945.3776712929183,175.5176117205276,0.5988368316226607,0.11859529982354762
"g37179020317",22,1295.8041958041958,899.6784565916398,1073.317428602197,175.5176117205276,0.5035271556356132,0.11859529982354762
"g37179020308",22,1226.5625,899.6784565916398,1244.4166062193942,175.5176117205276,0.6167514978649157,0.11859529982354762
"g45091061705",23,520.5128205128206,666.3977660564691,600.9734591290273,119.94761042558945,0.7018720680980449,0.10941885494811113
"g37071033306",23,703.0769230769231,666.3977660564691,897.5162669482065,119.94761042558945,0.7760211948099928,0.10941885494811113
"g37071033305",23,609.1346153846154,666.3977660564691,491.5340587136359,119.94761042558945,0.49054000768844036,0.10941885494811113
"g45023020700",23,514.8514851485148,666.3977660564691,341.2023021672538,119.94761042558945,0.4028692134544381,0.10941885494811113
"g45091061403",23,795.3488372093024,666.3977660564691,725.6561587327166,119.94761042558945,0.5546350775077198,0.10941885494811113
"g37071033304",23,618.1818181818181,666.3977660564691,473.7072944287724,119.94761042558945,0.46583052375438017,0.10941885494811113
"g45091061302",23,605.226480836237,666.3977660564691,367.0183795961463,119.94761042558945,0.36864130044321947,0.10941885494811113
"g45091061301",23,673.0973451327434,666.3977660564691,241.81959199991272,119.94761042558945,0.21839752088209144,0.10941885494811113
"g45091061707",23,843.9560439560439,666.3977660564691,332.96319860700834,119.94761042558945,0.2398338642448531,0.10941885494811113
"g37071033307",23,402.34375,666.3977660564691,374.8930769935438,119.94761042558945,0.5664274070312935,0.10941885494811113
"g45091061706",23,541.7840375586854,666.3977660564691,453.1462164911194,119.94761042558945,0.5084476572177041,0.10941885494811113
"g37071033202",23,619.5652173913044,666.3977660564691,461.88281927489464,119.94761042558945,0.4531884964889917,0.10941885494811113
"g45091061502",23,647.2019464720195,666.3977660564691,326.9282577729476,119.94761042558945,0.30707661390104773,0.10941885494811113
"g37109070201",24,584.9367088607595,643.0555555555555,166.579116677618,115.19059007720955,0.17311941477070547,0.108893662785443
"g37109070100",24,650.5091649694501,643.0555555555555,197.76244409805176,115.19059007720955,0.18480958798534372,0.108893662785443
"g37109070300",24,715.6015037593985,643.0555555555555,234.2372166586702,115.19059007720955,0.1989842727121812,0.108893662785443
"g45057011002",25,498.51632047477744,551.1122345803842,252.73455448418844,107.72108007587592,0.3081905661498462,0.1188214217485318
"g45057010700",25,494.291151284491,551.1122345803842,111.407666364211,107.72108007587592,0.13701443970709007,0.1188214217485318
"g45057010600",25,682.3728813559322,551.1122345803842,275.6711087465917,107.72108007587592,0.2455859922064168,0.1188214217485318
"g37071031800",26,696.8162083936325,686.1386138613861,219.697874185649,86.1074100258307,0.19166451225720466,0.0762891477748295
"g37071031900",26,644.4610778443114,686.1386138613861,178.41611677089386,86.1074100258307,0.1682951060694352,0.0762891477748295
"g37071032100",26,745.2883263009845,686.1386138613861,162.02199819713317,86.1074100258307,0.13215504986392648,0.0762891477748295
"g37071032000",26,701.1848341232228,686.1386138613861,218.1586456273804,86.1074100258307,0.18913591824797976,0.0762891477748295
"g37071031401",26,642.4100156494522,686.1386138613861,181.97722738392878,86.1074100258307,0.17220225656802327,0.0762891477748295
"g37071033303",27,1133.6206896551723,1128.2001924927815,1032.1893611580672,0.0,0.5535103072767381,0.0
"g37071032507",27,888.1944444444445,1128.2001924927815,831.1909107078203,0.0,0.5688880757522196,0.0
"g45091061708",27,953.1914893617021,1128.2001924927815,866.0202450471833,0.0,0.5523088297494791,0.0
"g37071032508",27,663.5514018691589,1128.2001924927815,588.8481219650205,0.0,0.5394644381202722,0.0
"g45091060904",27,797.6623376623377,1128.2001924927815,452.9381523731887,0.0,0.345186589447271,0.0
"g45091061006",27,2208.235294117647,1128.2001924927815,3080.466443148682,0.0,0.8480183169729811,0.0
"g37071032402",27,767.1641791044776,1128.2001924927815,775.8372362313244,0.0,0.6147752868319128,0.0
"g37119005918",27,1282.1917808219177,1128.2001924927815,1212.5027541015997,0.0,0.574862319443904,0.0
"g45091060906",27,1834.9480968858131,1128.2001924927815,1514.641316100417,0.0,0.5017878167866449,0.0
"g37119005911",27,1461.3496932515338,1128.2001924927815,1634.959453400295,0.0,0.6801221698305887,0.0
"g37119005908",27,0.0,1128.2001924927815,"",0.0,"",0.0
"g45091061404",27,1237.2611464968154,1128.2001924927815,624.5042664542327,0.0,0.30683728574421776,0.0
"g45091061003",27,1051.945080091533,1128.2001924927815,608.7562062975003,0.0,0.35179076370278173,0.0
"g37071032502",27,566.0,1128.2001924927815,468.56636157539094,0.0,0.5032557826751919,0.0
"g37119005907",27,928.0,1128.2001924927815,1038.7356198763957,0.0,0.6804420526388715,0.0
"g37119005909",27,1236.79012345679,1128.2001924927815,857.2036334987671,0.0,0.4213297178355564,0.0
"g37119001923",28,883.9527027027027,787.0439314966493,309.8554668519852,137.6955694263204,0.21309057074245943,0.10635430879937673
"g37119001912",28,717.1199011124845,787.0439314966493,152.91405009358786,137.6955694263204,0.1296252819278869,0.10635430879937673
"g37119001916",28,904.2016806722689,787.0439314966493,442.1873561083216,137.6955694263204,0.297286445220338,0.10635430879937673
"g37119006208",29,971.157495256167,1071.2784588441332,358.69858650556904,199.93368810399858,0.22452985539853368,0.11345344893858829
"g37119006204",29,1428.7211740041928,1071.2784588441332,730.4882067792846,199.93368810399858,0.3108134654101727,0.11345344893858829
"g37119006403",29,810.1871101871102,1071.2784588441332,426.36733252768965,199.93368810399858,0.3199135909952067,0.11345344893858829
"g37119006210",29,1136.9411764705883,1071.2784588441332,524.5848192348863,199.93368810399858,0.2804864079576212,0.11345344893858829
"g37119006211",29,884.149855907781,1071.2784588441332,335.88590765493495,199.93368810399858,0.23094044605212435,0.11345344893858829
"g37119006406",29,955.045871559633,1071.2784588441332,374.63702612535434,199.93368810399858,0.2384627584983087,0.11345344893858829
"g37119006203",29,1306.0194174757282,1071.2784588441332,765.2754114265339,199.93368810399858,0.35620681426308737,0.11345344893858829
"g37119001505",30,746.4088397790056,908.6233311446706,371.8191616731635,132.3233759806773,0.3028231626818931,0.08852925021874243
"g37119001922",30,1027.5949367088608,908.6233311446706,526.7480615519634,132.3233759806773,0.3116126560482511,0.08852925021874243
"g37119001911",30,986.046511627907,908.6233311446706,407.72875299663,132.3233759806773,0.25136686899775035,0.08852925021874243
"g37119001509",30,832.3129251700681,908.6233311446706,482.26862949980506,132.3233759806773,0.35223821507867753,0.08852925021874243
"g37119005716",30,1059.0551181102362,908.6233311446706,688.1366574312968,132.3233759806773,0.3949937537147589,0.08852925021874243
"g37119001917",30,984.549356223176,908.6233311446706,443.03332159661034,132.3233759806773,0.2735476555253435,0.08852925021874243
"g37119005710",30,815.3121319199058,908.6233311446706,161.80963360556396,132.3233759806773,0.12064645558202058,0.08852925021874243
"g37119001921",30,1115.686274509804,908.6233311446706,803.7494023738211,132.3233759806773,0.43793804008594905,0.08852925021874243
"g37119005620",30,1130.5851063829787,908.6233311446706,649.927180243171,132.3233759806773,0.34945844285011046,0.08852925021874243
"g37119005617",30,679.3650793650794,908.6233311446706,571.5755421626236,132.3233759806773,0.5114515688470483,0.08852925021874243
"g37119001510",30,696.9298245614035,908.6233311446706,393.8244894160013,132.3233759806773,0.3435166296665269,0.08852925021874243
"g37119005616",30,959.493670886076,908.6233311446706,739.1815673156292,132.3233759806773,0.4683204386678646,0.08852925021874243
"g45091060401",31,675.2895752895753,649.7481813094572,257.61421388675404,126.98137837537809,0.2319070085960342,0.11880345263036683
"g45091060300",31,689.185393258427,649.7481813094572,203.8981686289211,126.98137837537809,0.17985037944527088,0.11880345263036683
"g45091060502",31,586.4559819413092,649.7481813094572,235.72102312745918,126.98137837537809,0.2443413644011045,0.11880345263036683
"g45091060402",31,533.3333333333334,649.7481813094572,381.5547853254006,126.98137837537809,0.43490287081162676,0.11880345263036683
"g45091061101",32,741.7744916820702,742.4524125719345,315.1353378515858,143.8043382260197,0.2582612857418677,0.11774364136079254
"g45091061103",32,790.7692307692307,742.4524125719345,425.33014682144204,143.8043382260197,0.32697195301637716,0.11774364136079254
"g45091061201",32,725.3365003958828,742.4524125719345,158.06958711544746,143.8043382260197,0.13247773187236508,0.11774364136079254
"g37119002800",33,1695.8333333333333,1117.9475788538427,1198.6816096892064,213.44299725865633,0.4296895309670576,0.11606320759080896
"g37119002903",33,1204.5762711864406,1117.9475788538427,364.59706462327193,213.44299725865633,0.18399794040785206,0.11606320759080896
"g37119003400",33,1000.7391763463569,1117.9475788538427,309.3859741486206,213.44299725865633,0.1879376609559883,0.11606320759080896
"g37119002905",33,927.7056277056278,1117.9475788538427,517.9315669249241,213.44299725865633,0.33938784778789916,0.11606320759080896
"g37119002702",33,1178.7610619469026,1117.9475788538427,687.5243264714388,213.44299725865633,0.354565426633043,0.11606320759080896
"g37119005848",34,0.0,0.0,"",0.0,"",""
"g37109071101",35,809.4182825484764,1045.8103361766182,361.9730561360133,199.02178369261983,0.2718550047227943,0.11568626026928237
"g37097061405",35,1637.39837398374,1045.8103361766182,1363.4475184995247,199.02178369261983,0.5061953703269862,0.11568626026928237
"g37097061401",35,1147.7777777777778,1045.8103361766182,1476.9844367535268,199.02178369261983,0.7822619472767511,0.11568626026928237
"g37119006404",35,1513.0434782608695,1045.8103361766182,1637.208385182057,199.02178369261983,0.6577890657720594,0.11568626026928237
"g37025041302",35,581.3333333333334,1045.8103361766182,618.5112244058708,199.02178369261983,0.6467798141496376,0.11568626026928237
"g37097061407",35,1411.4754098360656,1045.8103361766182,1572.777491108659,199.02178369261983,0.6773732879886482,0.11568626026928237
"g37119006304",35,1092.8783382789318,1045.8103361766182,805.2234091824383,199.02178369261983,0.4478975344608585,0.11568626026928237
"g37097061404",35,1425.0,1045.8103361766182,1592.190416509403,199.02178369261983,0.6792259015664279,0.11568626026928237
"g37109071203",35,569.2982456140351,1045.8103361766182,677.6451623784571,199.02178369261983,0.723596728295054,0.11568626026928237
"g37025042601",35,2007.9710144927535,1045.8103361766182,1485.3105243222649,199.02178369261983,0.44967000239447547,0.11568626026928237
"g37097061503",35,716.5714285714286,1045.8103361766182,449.21532923420153,199.02178369261983,0.38109142593420336,0.11568626026928237
"g37097061408",35,1027.1186440677966,1045.8103361766182,1128.2661083391945,199.02178369261983,0.6677671149900436,0.11568626026928237
"g37097061406",35,1097.2727272727273,1045.8103361766182,1034.0394672456819,199.02178369261983,0.5728707231978857,0.11568626026928237
"g37025041301",35,1030.1724137931035,1045.8103361766182,1004.353013049727,199.02178369261983,0.5926667574558041,0.11568626026928237
"g37109071202",35,821.5909090909091,1045.8103361766182,894.0301609152576,199.02178369261983,0.6615012100084725,0.11568626026928237
"g37025041303",35,1060.6879606879606,1045.8103361766182,526.533141188545,199.02178369261983,0.3017672951478854,0.11568626026928237
"g37097061402",35,1222.051282051282,1045.8103361766182,756.5364395365971,199.02178369261983,0.37633491973830957,0.11568626026928237
"g37097061205",35,941.0377358490566,1045.8103361766182,846.1777860854203,199.02178369261983,0.5466239783352275,0.11568626026928237
"g37097061204",35,906.8376068376068,1045.8103361766182,900.8501244681651,199.02178369261983,0.6038889993827886,0.11568626026928237
"g37119001609",36,716.1745827984596,785.4591836734694,157.92005501137393,154.16486839484497,0.1340455745670889,0.1193152326344049
"g37119001508",36,853.8656527249683,785.4591836734694,269.9297219722999,154.16486839484497,0.19217427925911537,0.1193152326344049
"g37119005812",37,865.8131816026553,868.6781609195402,102.51657035559207,108.25524636893606,0.07197869573234424,0.07575724056074602
"g37119005717",37,874.5845552297166,868.6781609195402,255.85552965337354,108.25524636893606,0.17783903849545676,0.07575724056074602
"g37119002906",38,1181.6689466484268,1076.71777399205,366.06711476255913,145.12821953949836,0.18832110388847378,0.08193775917550697
"g37119003011",38,1399.2753623188405,1076.71777399205,415.7021842956488,145.12821953949836,0.1805981165806952,0.08193775917550697
"g37119003204",38,1087.3362445414848,1076.71777399205,416.2754794228227,145.12821953949836,0.2327292996614455,0.08193775917550697
"g37119003802",38,742.942942942943,1076.71777399205,194.87541723899338,145.12821953949836,0.15945410123173967,0.08193775917550697
"g37119003103",38,992.9375639713409,1076.71777399205,256.4175150135897,145.12821953949836,0.15698560964841285,0.08193775917550697
"g37071032506",39,708.1125827814569,830.1199834505585,297.3646398659785,159.82573752122252,0.2552825390052696,0.11704151808098426
"g37071032505",39,855.7480314960629,830.1199834505585,389.50108493091835,159.82573752122252,0.27669216442139405,0.11704151808098426
"g37071032704",39,878.8624787775891,830.1199834505585,198.12490628411118,159.82573752122252,0.13704154565872306,0.11704151808098426
"g37159051301",40,814.6529562982005,721.9695011630912,388.87473948845525,91.36952354133885,0.29018248334887287,0.07693369764003032
"g37159050700",40,723.6263736263736,721.9695011630912,193.6814226922067,91.36952354133885,0.1627075393785804,0.07693369764003032
"g37159052000",40,639.1822827938671,721.9695011630912,179.52377140602238,91.36952354133885,0.1707384492247865,0.07693369764003032
"g37159050202",40,779.182156133829,721.9695011630912,223.24589410000007,91.36952354133885,0.17417209654777377,0.07693369764003032
"g37159050500",40,749.6583143507972,721.9695011630912,257.2533251388631,91.36952354133885,0.20860837142831448,0.07693369764003032
"g37159051303",40,679.5640326975476,721.9695011630912,172.66665120393836,91.36952354133885,0.1544586301758759,0.07693369764003032
"g37119003806",41,906.7447045707916,872.1514379322898,151.76001904324954,112.68861053145395,0.10174344582364979,0.07854566492626128
"g37119003807",41,807.0304302203567,872.1514379322898,157.9668944363505,112.68861053145395,0.11898994593044017,0.07854566492626128
"g37119001920",42,882.542113323124,814.9451817657242,302.60346479982445,139.39448717027696,0.20843591627575492,0.10398035594187581
"g37119001910",42,774.074074074074,814.9451817657242,134.06136559895663,139.39448717027696,0.10528226381733334,0.10398035594187581
"g37109071102",43,723.1023102310231,629.6660117878192,458.64450204258844,111.68211797681501,0.3855764855089813,0.10782202590025812
"g37071030203",43,869.4581280788177,629.6660117878192,588.9420342365754,111.68211797681501,0.4117731057286646,0.10782202590025812
"g37109070400",43,645.2887537993921,629.6660117878192,229.92112739907432,111.68211797681501,0.21660021422428102,0.10782202590025812
"g37071031003",43,569.0217391304348,629.6660117878192,416.30634449789716,111.68211797681501,0.44475236752634145,0.10782202590025812
"g37071033500",43,594.6127946127946,629.6660117878192,401.2926744079796,111.68211797681501,0.41026179850802197,0.10782202590025812
"g37071030601",43,434.6320346320346,629.6660117878192,316.9150604947177,111.68211797681501,0.4432566328865679,0.10782202590025812
"g37109070202",43,622.6415094339623,629.6660117878192,484.74078833818976,111.68211797681501,0.47326631264482005,0.10782202590025812
"g37109070902",43,768.4834123222748,629.6660117878192,473.21209602982356,111.68211797681501,0.37433069219855447,0.10782202590025812
"g37109071002",43,399.19354838709677,629.6660117878192,308.4232610746561,111.68211797681501,0.4696752862762256,0.10782202590025812
"g37109071201",43,456.6666666666667,629.6660117878192,532.1399734927728,111.68211797681501,0.7083708297554271,0.10782202590025812
"g37109071001",43,643.3447098976109,629.6660117878192,324.901985270932,111.68211797681501,0.30700307719520803,0.10782202590025812
"g37071030204",43,267.1875,629.6660117878192,329.4297161380467,111.68211797681501,0.7495156982113079,0.10782202590025812
"g37071030102",43,649.2063492063492,629.6660117878192,317.77767168941295,111.68211797681501,0.2975601149877456,0.10782202590025812
"g45091060901",44,745.1900237529691,773.2283464566929,109.99548758240884,100.0211811892731,0.08973088161338932,0.07863543795020202
"g45091060803",44,866.8399168399169,773.2283464566929,250.0198731866564,100.0211811892731,0.17533544764434114,0.07863543795020202
"g45091060804",44,726.1538461538462,773.2283464566929,207.81412901923827,100.0211811892731,0.17397246904140032,0.07863543795020202
"g37119003108",45,719.3722943722944,830.6424344885884,155.01635866645609,135.10280996908614,0.1309959658266708,0.09887451489632595
"g37119003106",45,926.3888888888889,830.6424344885884,254.33332482304579,135.10280996908614,0.16689527018186315,0.09887451489632595
"g37119003102",45,891.4851485148515,830.6424344885884,262.83248622948815,135.10280996908614,0.17922518130529155,0.09887451489632595
"g37119004305",46,749.8389694041867,859.3063186813187,210.75424311295131,168.09101413139047,0.17086079298002926,0.11891334334736882
"g37119006010",46,1156.0661764705883,859.3063186813187,588.6662551316585,168.09101413139047,0.3095426837244383,0.11891334334736882
"g37119006009",46,785.0694444444445,859.3063186813187,530.5208407206865,168.09101413139047,0.41079814356441174,0.11891334334736882
"g37119004303",46,846.1206896551724,859.3063186813187,536.7974956677301,168.09101413139047,0.3856668085877901,0.11891334334736882
"g37119004304",46,857.5907590759076,859.3063186813187,318.1913182862903,168.09101413139047,0.2255497400961297,0.11891334334736882
"g37119005825",47,1007.4870274277242,1060.443561734525,272.1567736132173,188.02076844004205,0.1642153622599929,0.10778351965311195
"g37119005826",47,1147.4747474747476,1060.443561734525,571.4664826121104,188.02076844004205,0.30274830781817996,0.10778351965311195
"g37119005837",47,1125.3909843606257,1060.443561734525,334.15059643083003,188.02076844004205,0.18049821305036043,0.10778351965311195
"g37119005830",47,973.6111111111111,1060.443561734525,599.7646143460403,188.02076844004205,0.37448067877773306,0.10778351965311195
"g37119005912",48,930.278232405892,895.19368723099,365.8454220633295,142.23710612579993,0.23906657720032592,0.0965895170460794
"g37119005917",48,819.6897374701671,895.19368723099,221.9936875230931,142.23710612579993,0.1646361589683371,0.0965895170460794
"g37119005914",48,948.452380952381,895.19368723099,377.96836827153726,142.23710612579993,0.2422557100838003,0.0965895170460794
"g37119005906",48,704.4742729306488,895.19368723099,455.91365609341756,142.23710612579993,0.39341558573379815,0.0965895170460794
"g37119005910",48,884.7798742138365,895.19368723099,298.2488663958862,142.23710612579993,0.20491684660155193,0.0965895170460794
"g37119005913",48,1034.4086021505377,895.19368723099,405.43322297886715,142.23710612579993,0.2382655797953519,0.0965895170460794
"g37159050901",49,445.7516339869281,524.8803827751196,282.3146044755418,101.46379010451489,0.3850122069432644,0.11751270877936572
"g37159050201",49,483.42059336823735,524.8803827751196,165.4528411202065,101.46379010451489,0.20805740612484683,0.11751270877936572
"g37159050904",49,464.17910447761193,524.8803827751196,286.75776777851894,101.46379010451489,0.37554648581711647,0.11751270877936572
"g37159051001",49,655.5900621118012,524.8803827751196,260.6729662950118,101.46379010451489,0.24171173185181055,0.11751270877936572
"g37159050903",49,485.1528384279476,524.8803827751196,306.9036913844391,101.46379010451489,0.3845542657264688,0.11751270877936572
"g37159050800",49,521.1538461538462,524.8803827751196,169.84160067224917,101.46379010451489,0.19811265794719446,0.11751270877936572
"g45091061501",50,587.5,633.510461640651,394.3506589551636,115.3090673624959,0.40804569251003153,0.1106480503940931
"g45091061602",50,717.7606177606177,633.510461640651,171.94343129482166,115.3090673624959,0.14562638247303863,0.1106480503940931
"g45091061801",50,681.8627450980392,633.510461640651,408.9688951803054,115.3090673624959,0.3646090242168273,0.1106480503940931
"g45091061601",50,494.76635514018693,633.510461640651,189.1729177967974,115.3090673624959,0.23243038462143095,0.1106480503940931
"g45091061802",50,611.6776315789474,633.510461640651,250.23451826091951,115.3090673624959,0.24869022558542972,0.1106480503940931
"g37159051502",51,667.7884615384615,642.8727670433832,510.3143107169077,123.32836460757318,0.46455050266473574,0.11661973264502955
"g37159051700",51,619.5530726256983,642.8727670433832,215.89431946301983,123.32836460757318,0.21183455169985585,0.11661973264502955
"g37159051600",51,606.6869300911854,642.8727670433832,179.61255355571134,123.32836460757318,0.17997249855281697,0.11661973264502955
"g37159051400",51,721.5926493108728,642.8727670433832,288.9139133297809,123.32836460757318,0.2433943283969364,0.11661973264502955
"g37025040703",52,666.9456066945606,763.3498306850743,195.69176832853648,108.6703268903258,0.17836771109945052,0.08654090999377384
"g37025042402",52,756.1823802163833,763.3498306850743,160.2452032557431,108.6703268903258,0.12882275489152434,0.08654090999377384
"g37025041200",52,735.4005167958657,763.3498306850743,277.2081565817096,108.6703268903258,0.22914805314582534,0.08654090999377384
"g37025041100",52,902.6194144838213,763.3498306850743,375.6110969538593,108.6703268903258,0.25296931318100274,0.08654090999377384
"g37025040900",52,787.1604938271605,763.3498306850743,233.5072587437679,108.6703268903258,0.18033133328863554,0.08654090999377384
"g37119005612",53,1077.9411764705883,880.514419329696,691.2808520700465,152.22364238140398,0.3898464315011645,0.10509443864798886
"g37119005613",53,916.8253968253969,880.514419329696,529.4119180451656,152.22364238140398,0.35102752861484726,0.10509443864798886
"g37119005605",53,847.599797877716,880.514419329696,153.810474363095,152.22364238140398,0.11031362720658837,0.10509443864798886
"g37179020601",54,722.5152129817444,714.8738379814077,302.69651313429614,139.19071385332262,0.25467981168191767,0.11836272531000942
"g37179020501",54,854.2314335060449,714.8738379814077,362.60967489308155,139.19071385332262,0.2580464785803323,0.11836272531000942
"g37179020602",54,727.9205607476636,714.8738379814077,211.14017079016116,139.19071385332262,0.1763278774246992,0.11836272531000942
"g37179020702",54,425.9818731117825,714.8738379814077,183.85859712181684,139.19071385332262,0.2623777000897686,0.11836272531000942
"g37071032900",55,766.8122270742358,753.3801793070027,245.77572174366142,94.16922950413372,0.19484265939894643,0.07598518489564647
"g37071032200",55,765.043695380774,753.3801793070027,197.59480392524887,94.16922950413372,0.15700857684902858,0.07598518489564647
"g37071032800",55,746.2427745664739,753.3801793070027,201.7173118079745,94.16922950413372,0.164322536629693,0.07598518489564647
"g37071032600",55,737.2781065088758,753.3801793070027,312.34441053812105,94.16922950413372,0.25753514166154773,0.07598518489564647
"g37071032401",55,701.7307692307693,753.3801793070027,298.81906071380547,94.16922950413372,0.2588641291092431,0.07598518489564647
"g37071032301",55,763.3699633699633,753.3801793070027,334.1358908758525,94.16922950413372,0.26608608127084266,0.07598518489564647
"g37071032702",55,768.0387409200969,753.3801793070027,235.19097068507196,94.16922950413372,0.18615367538326374,0.07598518489564647
"g37071032703",55,807.3426573426574,753.3801793070027,440.66768663366423,94.16922950413372,0.3318084208014574,0.07598518489564647
"g37119001915",56,769.7007481296758,772.3623445825932,125.5773369585946,118.20492467576597,0.09917985249105982,0.09303547430988311
"g37119002003",56,788.0195599022005,772.3623445825932,341.34854049878373,118.20492467576597,0.2633268539364249,0.09303547430988311
"g37119005516",57,0.0,0.0,"",0.0,"",""
"g45057010900",58,685.4304635761589,617.9736970287385,225.9328562570402,106.03809600710443,0.2003780232577894,0.10431001990290202
"g45057010800",58,693.8250428816467,617.9736970287385,185.97555201159702,106.03809600710443,0.16294460393936158,0.10431001990290202
"g45057010500",58,544.4444444444445,617.9736970287385,153.12440663402813,106.03809600710443,0.17097198185053697,0.10431001990290202
"g37119001914",59,824.9307479224377,800.2020202020202,232.56376871990375,150.27547042357386,0.17137941767058784,0.11416225809495018
"g37119001802",59,776.8020969855833,800.2020202020202,193.3617727081066,150.27547042357386,0.15131930132343238,0.11416225809495018
"g37159051002",60,702.8508771929825,623.1856738925542,221.57831274572595,120.65549076772474,0.19164529323397814,0.11769654851045071
"g37159051202",60,612.396694214876,623.1856738925542,310.3648941184465,120.65549076772474,0.3080873393658617,0.11769654851045071
"g37159051101",60,624.625267665953,623.1856738925542,305.76281900902404,120.65549076772474,0.29757690527536246,0.11769654851045071
"g37159051201",60,549.28,623.1856738925542,194.73481819294273,120.65549076772474,0.2155181850581106,0.11769654851045071
"g37159051102",60,658.7349397590361,623.1856738925542,356.8735120774928,120.65549076772474,0.3293348677102125,0.11769654851045071
"g37071030902",61,758.8447653429603,686.8881118881119,333.56151879696586,107.48490082324581,0.2672127014849356,0.09512519449854462
"g37071030901",61,530.751708428246,686.8881118881119,209.46887417037354,107.48490082324581,0.23991764812292152,0.09512519449854462
"g37071030802",61,647.8095238095239,686.8881118881119,330.88235079605465,107.48490082324581,0.31049911865351365,0.09512519449854462
"g37071030402",61,598.2456140350877,686.8881118881119,357.1386243755239,107.48490082324581,0.36290369981735937,0.09512519449854462
"g37071031301",61,695.9044368600682,686.8881118881119,341.68576206077535,107.48490082324581,0.29847734610895194,0.09512519449854462
"g37071030302",61,643.9583333333334,686.8881118881119,259.089071510926,107.48490082324581,0.24458252525519125,0.09512519449854462
"g37071031500",61,767.2554347826087,686.8881118881119,198.74320416568202,107.48490082324581,0.15746586079376354,0.09512519449854462
"g37071031402",61,846.3276836158192,686.8881118881119,554.4159380367503,107.48490082324581,0.3982275091510252,0.09512519449854462
"g37097060902",62,532.1329639889196,553.8664034221783,298.29399631778614,99.09186140307996,0.3407677190379276,0.10875946482165971
"g37097060500",62,687.7291960507757,553.8664034221783,236.0470096905657,99.09186140307996,0.20864843856593188,0.10875946482165971
"g37097060400",62,583.2157968970381,553.8664034221783,152.53722502949,99.09186140307996,0.15899397249502306,0.10875946482165971
"g37097060901",62,281.10599078341016,553.8664034221783,239.36414847963255,99.09186140307996,0.5176343636462232,0.10875946482165971
"g37097060801",62,411.59420289855075,553.8664034221783,234.14348707099867,99.09186140307996,0.34581747095121596,0.10875946482165971
"g37097061102",62,779.3774319066148,553.8664034221783,555.2020686653416,99.09186140307996,0.4330493064263568,0.10875946482165971
"g37097061002",62,423.35600907029476,553.8664034221783,244.71335757652136,99.09186140307996,0.3513872870875075,0.10875946482165971
"g37119005832",63,1372.1938775510205,1242.8896473265074,464.1647183940973,243.9018497703434,0.20563202232535072,0.1192934561833623
"g37119005833",63,1630.357142857143,1242.8896473265074,602.6926299529182,243.9018497703434,0.22472284680493793,0.1192934561833623
"g37119005815",63,1045.2991452991453,1242.8896473265074,453.6932632104304,243.9018497703434,0.2638492311527554,0.1192934561833623
"g37119003017",63,1175.0,1242.8896473265074,1140.384028150048,243.9018497703434,0.5899936768544515,0.1192934561833623
"g37119005834",63,1060.2739726027398,1242.8896473265074,448.9134112219578,243.9018497703434,0.2573822405944167,0.1192934561833623
"g45057010400",64,600.0,571.2141517019566,463.4518275078819,100.23440952138222,0.4695560562389887,0.10667237771327855
"g45057010100",64,644.8630136986301,571.2141517019566,455.87055041946303,100.23440952138222,0.42974236198294197,0.10667237771327855
"g45023020800",64,577.3722627737226,571.2141517019566,299.8662146798106,100.23440952138222,0.31572263504804465,0.10667237771327855
"g45057010300",64,474.1472172351885,571.2141517019566,221.80725926317348,100.23440952138222,0.2843784267255947,0.10667237771327855
"g45057010200",64,549.4327390599676,571.2141517019566,223.53356782699854,100.23440952138222,0.2473217515296341,0.10667237771327855
"g45057011100",64,470.03968253968253,571.2141517019566,250.52504713113538,100.23440952138222,0.32400426418260236,0.10667237771327855
"g45057011001",64,624.5664739884393,571.2141517019566,334.5594077524341,100.23440952138222,0.32563319942878577,0.10667237771327855
"g45091061203",64,653.1468531468531,571.2141517019566,355.6559867109588,100.23440952138222,0.33101935070043614,0.10667237771327855
"g45091061202",64,657.8571428571429,571.2141517019566,292.08619997729784,100.23440952138222,0.2699066232146352,0.10667237771327855
"g37119005305",65,903.1837916063675,972.6837060702875,313.7164481859969,186.80331462912903,0.2111520255517113,0.11674735092863636
"g37119005524",65,999.1726420297849,972.6837060702875,229.18405101041972,186.80331462912903,0.13943697584979817,0.11674735092863636
"g37025041702",66,774.5664739884393,700.0358937544867,523.6706006504801,103.49917201286888,0.41099221481891324,0.0898774339378706
"g37025041601",66,607.1942446043165,700.0358937544867,382.7324150215424,103.49917201286888,0.383178997738331,0.0898774339378706
"g37025042401",66,803.7610619469026,700.0358937544867,307.2275352121722,103.49917201286888,0.23236315857744708,0.0898774339378706
"g37179020800",66,715.5339805825242,700.0358937544867,298.1439124334679,103.49917201286888,0.253296845262336,0.0898774339378706
"g37179020100",66,420.6713780918728,700.0358937544867,255.74173434714862,103.49917201286888,0.36956662136668617,0.0898774339378706
"g37025041602",66,612.7551020408164,700.0358937544867,527.7777691376743,103.49917201286888,0.5235983324483101,0.0898774339378706
"g37179020701",66,897.6982097186701,700.0358937544867,394.8026254643276,103.49917201286888,0.26735220526078696,0.0898774339378706
"g37179020901",66,416.49484536082474,700.0358937544867,321.91637146484226,103.49917201286888,0.4698589790858843,0.0898774339378706
"g37025042102",66,674.609375,700.0358937544867,338.2734144234565,103.49917201286888,0.30482430517071035,0.0898774339378706
"g37025040600",66,613.3333333333334,700.0358937544867,477.8441739107701,103.49917201286888,0.4736132290644609,0.0898774339378706
"g37025041701",66,572.5099601593625,700.0358937544867,291.21888264410194,103.49917201286888,0.3092221406199998,0.0898774339378706
"g37025040500",66,802.9530201342282,700.0358937544867,422.4845452221455,103.49917201286888,0.31985621117709606,0.0898774339378706
"g37025040702",66,952.4886877828054,700.0358937544867,462.4394863815716,103.49917201286888,0.2951407532805156,0.0898774339378706
"g37025042200",66,761.9791666666666,700.0358937544867,354.9364226346962,103.49917201286888,0.28316630127070236,0.0898774339378706
"g37179020204",66,599.2217898832685,700.0358937544867,371.8965288391334,103.49917201286888,0.3772842060224106,0.0898774339378706
"g37119005509",67,1238.6996904024768,1060.7723577235772,849.5698217581706,208.3405473811796,0.416933840138581,0.11939488030529129
"g37119006213",67,1681.434599156118,1060.7723577235772,1201.943001659742,208.3405473811796,0.43454823581341717,0.11939488030529129
"g37071030101",67,795.3488372093024,1060.7723577235772,607.1214868510862,208.3405473811796,0.4640364019018593,0.11939488030529129
"g37119006107",67,947.2266244057053,1060.7723577235772,351.4765878552328,208.3405473811796,0.22556753973987612,0.11939488030529129
"g37119005517",67,1249.8360655737704,1060.7723577235772,861.6961378880667,208.3405473811796,0.4191169177096489,0.11939488030529129
"g37119005508",67,1113.1736526946108,1060.7723577235772,634.6562922681406,208.3405473811796,0.3465850052035672,0.11939488030529129
"g37119006215",67,786.1538461538462,1060.7723577235772,324.82744990020547,208.3405473811796,0.25117665752845725,0.11939488030529129
"g37119006214",67,774.6153846153846,1060.7723577235772,731.5686557898506,208.3405473811796,0.574120519600973,0.11939488030529129
"g37119005513",67,1306.25,1060.7723577235772,839.3002167042289,208.3405473811796,0.39059360588902614,0.11939488030529129
"g37119006302",67,963.2022471910112,1060.7723577235772,620.581448151792,208.3405473811796,0.39166557290629084,0.11939488030529129
"g45091060102",68,742.3076923076923,703.9709649871904,222.87121678601727,102.24772449093243,0.18251733582488777,0.08829436797040377
"g45091060501",68,639.6118721461187,703.9709649871904,164.84742019436504,102.24772449093243,0.15667501191042768,0.08829436797040377
"g45091060200",68,742.5115207373271,703.9709649871904,155.58201304764026,102.24772449093243,0.12737678634539323,0.08829436797040377
"g37071033100",69,593.2668329177058,617.9039301310044,260.05993629074777,120.23766360084285,0.26647561924843866,0.1182915353930124
"g37071031704",69,631.8396226415094,617.9039301310044,252.9393227695937,120.23766360084285,0.24335685945127128,0.1182915353930124
"g37071033204",69,615.1624548736462,617.9039301310044,209.86414652052804,120.23766360084285,0.20738747587006529,0.1182915353930124
"g37071033203",69,630.0220750551877,617.9039301310044,248.51196033647108,120.23766360084285,0.23978699555132219,0.1182915353930124
"g37119003700",70,690.2852049910873,779.6091445427728,129.38118906115116,107.93606630537502,0.1139401195214574,0.08416349453078079
"g37119003600",70,761.556886227545,779.6091445427728,211.78908514856147,107.93606630537502,0.16905784262789958,0.08416349453078079
"g37119004100",70,932.317880794702,779.6091445427728,250.6187208230731,107.93606630537502,0.16341186746478492,0.08416349453078079
"g37119002100",71,682.8828828828829,916.5501165501165,159.56770801232145,144.21800591970754,0.1420472655553944,0.09565272943930485
"g37119002200",71,1064.7619047619048,916.5501165501165,214.15570154566063,144.21800591970754,0.12226755692859245,0.09565272943930485
"g37119004200",72,781.1944091486658,744.1764867086873,204.47207758167124,98.80186887441498,0.15911421517144012,0.0807092503460636
"g37119004500",72,687.603305785124,744.1764867086873,221.1082609676566,98.80186887441498,0.195479450966554,0.0807092503460636
"g37119004700",72,706.3492063492064,744.1764867086873,291.34680146652653,98.80186887441498,0.25074073279452436,0.0807092503460636
"g37119004302",72,765.3209109730849,744.1764867086873,218.88407791028115,98.80186887441498,0.17386200719840675,0.0807092503460636
"g37119004000",72,738.5948026948989,744.1764867086873,183.668367656351,98.80186887441498,0.15116881777014296,0.0807092503460636
"g37119000300",73,479.55555555555554,1138.543599257885,295.4243120060524,211.62465469191386,0.37449101639963706,0.11299278005997954
"g37119000100",73,1264.3484132343012,1138.543599257885,293.2726221376463,211.62465469191386,0.14100640883231677,0.11299278005997954
"g37119003500",73,1054.0,1138.543599257885,366.8373427482103,211.62465469191386,0.21157630376000547,0.11299278005997954
"g37119005817",74,1023.3160621761658,1096.0481927710844,738.9967206491149,211.60496185717432,0.43900232260483757,0.11736275468536875
"g37119005816",74,1036.8794326241134,1096.0481927710844,489.9975655309013,211.60496185717432,0.2872762744953496,0.11736275468536875
"g37119005841",74,997.5215517241379,1096.0481927710844,256.44620319111436,211.60496185717432,0.1562816845159839,0.11736275468536875
"g37119005840",74,1291.2037037037037,1096.0481927710844,857.7216754908817,211.60496185717432,0.40381804310688746,0.11736275468536875
"g37119005842",74,1345.1882845188284,1096.0481927710844,896.8018343941875,211.60496185717432,0.40527284890867904,0.11736275468536875
"g37119005847",74,1190.3225806451612,1096.0481927710844,684.5289051315851,211.60496185717432,0.3495917835780453,0.11736275468536875
"g37025040701",75,778.6163522012579,642.2297297297297,324.2883845403613,111.4850150455134,0.2531873309825016,0.10552617308590415
"g37025041000",75,630.7459677419355,642.2297297297297,197.67078019817288,111.4850150455134,0.19051189253479262,0.10552617308590415
"g37025040800",75,641.4668547249647,642.2297297297297,178.03848044278521,111.4850150455134,0.1687227929226845,0.10552617308590415
"g37159051501",75,593.4883720930233,642.2297297297297,234.90848327948615,111.4850150455134,0.24061382885865557,0.10552617308590415
"g37097061103",76,588.2051282051282,683.4110592938041,624.9744148910879,129.59221659853256,0.6459033392450354,0.11527390712587722
"g37097061202",76,715.6716417910447,683.4110592938041,310.42255601145234,129.59221659853256,0.2636777957379275,0.11527390712587722
"g37097061302",76,512.9213483146067,683.4110592938041,564.7334822801798,129.59221659853256,0.6693093002851218,0.11527390712587722
"g37097060300",76,610.4218362282878,683.4110592938041,226.3649628731819,129.59221659853256,0.22543079555660736,0.11527390712587722
"g37097061304",76,770.9447415329769,683.4110592938041,360.8730988214932,129.59221659853256,0.28455443321166984,0.11527390712587722
"g37097060200",76,645.7854406130268,683.4110592938041,251.67552366394534,129.59221659853256,0.23691187457579707,0.11527390712587722
"g37097061101",76,627.1739130434783,683.4110592938041,468.03473271785236,129.59221659853256,0.4536534260117305,0.11527390712587722
"g37097061104",76,843.8775510204082,683.4110592938041,649.0597593891598,129.59221659853256,0.4675621514033413,0.11527390712587722
"g37097061201",76,757.6208178438661,683.4110592938041,415.4908599894757,129.59221659853256,0.3333831706308676,0.11527390712587722
"g37179021009",77,0.0,0.0,"",0.0,"",""
"g37119005610",78,1107.9949238578681,1031.1787072243346,263.579151975006,125.75555199470202,0.14461301588359454,0.07413568912366658
"g37119005604",78,1030.13698630137,1031.1787072243346,215.13181824020643,125.75555199470202,0.12695323297173147,0.07413568912366658
"g37119005609",78,1041.093117408907,1031.1787072243346,210.88377155525163,125.75555199470202,0.12313674874077885,0.07413568912366658
"g37119005521",78,987.192429022082,1031.1787072243346,237.1680786280783,125.75555199470202,0.1460456133449954,0.07413568912366658
"g37119002002",79,1011.7219917012449,948.2253521126761,221.95024383954137,169.6830980688491,0.13336090496747965,0.10878302216336844
"g37119002004",79,872.7496917385944,948.2253521126761,257.88781814409924,169.6830980688491,0.1796284909659405,0.10878302216336844
"g37119003201",80,735.1749539594844,817.8802588996764,274.5838532441524,104.8150657046802,0.22704837077129145,0.07790549347130546
"g37119003203",80,773.6991485335856,817.8802588996764,118.48723644496391,104.8150657046802,0.09309654185432402,0.07790549347130546
"g37119003300",80,922.9357798165138,817.8802588996764,193.53125516885066,104.8150657046802,0.1274716854701863,0.07790549347130546
"g37119003007",81,880.6122448979592,1080.674448767834,461.12678873779527,212.580706192476,0.3183242544478259,0.11958124203780128
"g37119002904",81,1127.804487179487,1080.674448767834,237.38330379308118,212.580706192476,0.12795299308794736,0.11958124203780128
"g37119001603",82,901.0367577756833,807.8585461689587,151.45485532493402,103.54121965246796,0.10218209198646526,0.07791338096091534
"g37119001300",82,706.4615384615385,807.8585461689587,139.55181934268316,103.54121965246796,0.1200828751638161,0.07791338096091534
"g37119005916",83,828.7092882991556,807.8570098678086,176.042235560895,67.75122192461362,0.12913642707156525,0.05098198399293602
"g37119005915",83,971.2984054669704,807.8570098678086,336.3333095936318,67.75122192461362,0.21049961351928403,0.05098198399293602
"g37119005824",83,844.1901408450705,807.8570098678086,265.20380185519286,67.75122192461362,0.19097370228454733,0.05098198399293602
"g37119005827",83,803.2183908045977,807.8570098678086,169.60285904994151,67.75122192461362,0.1283611570103235,0.05098198399293602
"g37119003808",83,758.5443037974684,807.8570098678086,94.6468801262913,67.75122192461362,0.07585067484281402,0.05098198399293602
"g37119005829",83,782.3041474654378,807.8570098678086,144.62456429049772,67.75122192461362,0.11238297604140586,0.05098198399293602
"g37119003012",84,1332.1138211382113,1060.9550561797753,353.3328818581709,162.81429821505498,0.16124149606237828,0.09328883131956027
"g37119003105",84,1074.0072202166066,1060.9550561797753,531.730186173227,162.81429821505498,0.30096653790704475,0.09328883131956027
"g37119003008",84,1027.9329608938547,1060.9550561797753,345.4216399877033,162.81429821505498,0.20427670661358166,0.09328883131956027
"g37119003018",84,891.5057915057915,1060.9550561797753,268.9802161967476,162.81429821505498,0.18341306449839503,0.09328883131956027
"g37119003006",84,777.7083333333334,1060.9550561797753,307.28789351056923,162.81429821505498,0.24019435444340298,0.09328883131956027
"g37119003013",84,925.7328990228013,1060.9550561797753,447.2739965341246,162.81429821505498,0.29371224283591596,0.09328883131956027
"g37119005828",84,1324.927536231884,1060.9550561797753,894.5365676759823,162.81429821505498,0.4104309191861922,0.09328883131956027
"g37097060802",85,535.3658536585366,600.2353633421594,359.50482992533534,113.97944172448364,0.4082142483798838,0.11543540859767903
"g37097060602",85,775.6756756756756,600.2353633421594,1038.742985752552,113.97944172448364,0.8140705224965193,0.11543540859767903
"g37159051901",85,458.42391304347825,600.2353633421594,248.32351502917754,113.97944172448364,0.3292946545665219,0.11543540859767903
"g37159051302",85,680.0,600.2353633421594,341.20023335503566,113.97944172448364,0.3050243459279775,0.11543540859767903
"g37097061502",85,814.218009478673,600.2353633421594,540.042847349561,113.97944172448364,0.4032010105436709,0.11543540859767903
"g37097061501",85,978.2926829268292,600.2353633421594,570.3411922750187,113.97944172448364,0.3544051560833205,0.11543540859767903
"g37159051902",85,418.0281690140845,600.2353633421594,266.886278329566,113.97944172448364,0.38810996652027263,0.11543540859767903
"g37159051802",85,555.0,600.2353633421594,393.4140056412719,113.97944172448364,0.4309143247528924,0.11543540859767903
"g37097061303",85,445.0980392156863,600.2353633421594,369.74718525796436,113.97944172448364,0.5049905988821065,0.11543540859767903
"g37097060702",85,507.5187969924812,600.2353633421594,317.02754223635367,113.97944172448364,0.3797335415281778,0.11543540859767903
"g37159051801",85,547.972972972973,600.2353633421594,274.16847616911343,113.97944172448364,0.3041532609973711,0.11543540859767903
"g37097060703",85,507.84313725490193,600.2353633421594,295.84044469187137,113.97944172448364,0.3541294593253322,0.11543540859767903
"g37119005515",86,1089.5927601809956,1063.5320458998042,850.6542325445417,198.81618752016647,0.4745947787828406,0.11364105551264674
"g37119005520",86,1564.2857142857142,1063.5320458998042,1898.0725131433933,198.81618752016647,0.737616832077487,0.11364105551264674
"g37119005518",86,1301.6949152542372,1063.5320458998042,680.9344273692834,198.81618752016647,0.31800224175838815,0.11364105551264674
"g37119005519",86,1035.1351351351352,1063.5320458998042,654.2204952716983,198.81618752016647,0.3842033906854831,0.11364105551264674
"g37119005523",86,951.8934081346423,1063.5320458998042,153.13045909141815,198.81618752016647,0.097792908516936,0.11364105551264674
"g37025042000",87,780.2385008517888,748.7455197132616,273.6776834217738,142.4840121386306,0.2132289194045489,0.11568205548146372
"g37025041901",87,625.765306122449,748.7455197132616,202.68996485634213,142.4840121386306,0.19690414745218895,0.11568205548146372
"g37025042502",87,791.5107913669065,748.7455197132616,229.67766950643215,142.4840121386306,0.1763989639982234,0.11568205548146372
"g37119001605",88,741.4191419141914,779.096252755327,162.15764281227942,111.01727657483929,0.1329559342147783,0.08662306600223976
"g37119001200",88,747.3841554559043,779.096252755327,157.8420605046063,111.01727657483929,0.12838460605177096,0.08662306600223976
"g37119001606",88,862.9820051413882,779.096252755327,251.12379255658698,111.01727657483929,0.17689689883501125,0.08662306600223976
"g37119001607",89,978.0575539568346,778.8303002022087,322.3621326216161,75.99066398230897,0.20036123791446048,0.05931321945236116
"g37119001701",89,813.3667502088555,778.8303002022087,145.4066779097552,75.99066398230897,0.10867559713704845,0.05931321945236116
"g37119001702",89,800.9831460674158,778.8303002022087,138.76982720419923,75.99066398230897,0.10531876729880861,0.05931321945236116
"g37119001801",89,665.4846335697399,778.8303002022087,239.90531353367425,75.99066398230897,0.2191472034309128,0.05931321945236116
"g37119001919",89,701.1461318051576,778.8303002022087,280.09623843130674,75.99066398230897,0.24284704976511418,0.05931321945236116
"g37119001918",89,808.243375858685,778.8303002022087,185.4662014507449,75.99066398230897,0.13949438323138322,0.05931321945236116
"g37119002300",89,578.7769784172662,778.8303002022087,137.05570690882396,75.99066398230897,0.14395275254751697,0.05931321945236116
"g37119005306",90,674.0585774058577,713.0295763389289,269.1332501290197,74.5560893839335,0.24271902245329208,0.06356377378065126
"g37119005307",90,785.9424920127796,713.0295763389289,169.70411868520227,74.5560893839335,0.1312610006881368,0.06356377378065126
"g37119005200",90,663.0434782608696,713.0295763389289,158.47149049651424,74.5560893839335,0.1452925120900823,0.06356377378065126
"g37119005308",90,742.4623115577889,713.0295763389289,149.3412572381077,74.5560893839335,0.12227551135475262,0.06356377378065126
"g37119005301",90,666.9851380042463,713.0295763389289,123.30710373503376,74.5560893839335,0.11238440169609197,0.06356377378065126
"g37119003903",91,516.8989547038327,761.015593762495,158.22070860558915,104.7088673525987,0.18607660299691373,0.0836419219566494
"g37119003805",91,991.9793014230272,761.015593762495,237.5128542711757,104.7088673525987,0.14555214371462727,0.0836419219566494
"g37119003902",91,727.7296360485269,761.015593762495,149.04130982488485,104.7088673525987,0.12450038512420246,0.0836419219566494
"g37119004800",92,769.9292452830189,770.480404551201,175.63682397353836,141.58928938941682,0.13867521777243594,0.1117127909259245
"g37119004600",92,774.51564828614,770.480404551201,244.00047182329766,141.58928938941682,0.19151137182069938,0.1117127909259245
"g37119004900",92,734.9206349206349,770.480404551201,554.1745547056678,141.58928938941682,0.4583953855384412,0.1117127909259245
"g45091060905",93,731.1657414750198,775.836216839677,192.57718763850244,132.05383787724782,0.16011171275089278,0.10347014942674347
"g45091060907",93,802.3537803138373,775.836216839677,235.98202715107172,132.05383787724782,0.1787916046118264,0.10347014942674347
"g45091060802",93,860.3550295857988,775.836216839677,508.8318855804618,132.05383787724782,0.35952634034650477,0.10347014942674347
"g45091060700",93,783.4905660377359,775.836216839677,293.61735464775796,132.05383787724782,0.22781485934362128,0.10347014942674347
"g37159050400",94,575.0,639.2841553906591,154.39489413252898,97.85430261422792,0.16322970173916104,0.09305079399219604
"g37159051204",94,699.2401215805471,639.2841553906591,204.0372094754417,97.85430261422792,0.17738509843550682,0.09305079399219604
"g37159050300",94,648.0490523968784,639.2841553906591,155.84820469532045,97.85430261422792,0.1461934858423944,0.09305079399219604
"g37119005100",95,655.5938037865749,716.6059344091619,184.05146761594168,137.75471913198928,0.1706626725294868,0.1168584665238621
"g37119005000",95,648.0565371024735,716.6059344091619,238.3791146084863,137.75471913198928,0.22360906429450342,0.1168584665238621
"g37119005401",95,768.4957426679281,716.6059344091619,224.37046204394753,137.75471913198928,0.1774836346944247,0.1168584665238621
"g37119003109",96,785.1089588377724,785.1089588377724,83.1834158449957,83.1834158449957,0.0644081633209829,0.0644081633209829
