"TID","RID","t_transitE","r_transitE","t_transitM","r_transitM","t_transitCV","r_transitCV"
"g37119003500",0,0.0018915510718789407,0.0024021138601969735,0.0044036972250258944,0.004721386132359957,1.4152510230782305,1.1948407579948024
"g37119002800",0,0.004372267332916927,0.0024021138601969735,0.00810469858855748,0.004721386132359957,1.1268451967243183,1.1948407579948024
"g37119002701",0,0.0,0.0024021138601969735,0.013319672131147542,0.004721386132359957,"inf",1.1948407579948024
"g37025042300",1,0.0,0.016869300911854103,0.009928295642581356,0.012115977161839308,"inf",0.4366117896158309
"g37025042401",1,0.0,0.016869300911854103,0.0087248322147651,0.012115977161839308,"inf",0.4366117896158309
"g37025041902",1,0.03163191948238677,0.016869300911854103,0.037675568466759526,0.012115977161839308,0.7240496786026872,0.4366117896158309
"g37025040703",1,0.06346749226006192,0.016869300911854103,0.07116483187115097,0.012115977161839308,0.6816291999223594,0.4366117896158309
"g37025042101",1,0.020967741935483872,0.016869300911854103,0.024004774106123172,0.012115977161839308,0.6959532357164538,0.4366117896158309
"g37071032900",2,0.0,0.004349086691794723,0.00889801505817933,0.007901661882874464,"inf",1.104471401581926
"g37071032800",2,0.007545271629778672,0.004349086691794723,0.01201753541023685,0.007901661882874464,0.9682212926261746,1.104471401581926
"g37097060500",3,0.0,0.0,0.007907542579075425,0.005328478855970268,"inf","inf"
"g37097060100",3,0.0,0.0,0.008806262230919765,0.005328478855970268,"inf","inf"
"g37097060200",3,0.0,0.0,0.014364640883977901,0.005328478855970268,"inf","inf"
"g37097060603",3,0.0,0.0,0.01591187270501836,0.005328478855970268,"inf","inf"
"g37179020100",4,0.0,0.0011961722488038277,0.006578947368421052,0.004544827936730481,"inf",2.3097119483931197
"g37179020701",4,0.002631578947368421,0.0011961722488038277,0.0061293021513511075,0.004544827936730481,1.4158874270598303,2.3097119483931197
"g37025041503",5,0.007377598926894702,0.010070493454179255,0.012036158010142232,0.009501243154682303,0.9917607954198435,0.5735400883039226
"g37025042102",5,0.012768817204301076,0.010070493454179255,0.014704939150292988,0.009501243154682303,0.7000783700411444,0.5735400883039226
"g37119001914",6,0.03619909502262444,0.04721422966256866,0.03392864618601596,0.01988398146636723,0.5697743774399335,0.25601448575275343
"g37119001919",6,0.01708860759493671,0.04721422966256866,0.01611945135210394,0.01988398146636723,0.5734263905510352,0.25601448575275343
"g37119002100",6,0.0801209372637944,0.04721422966256866,0.07648618762890468,0.01988398146636723,0.580324747565756,0.25601448575275343
"g37119001918",6,0.04284772577455504,0.04721422966256866,0.04025551915415773,0.01988398146636723,0.5711257662553872,0.25601448575275343
"g37119001802",6,0.06790123456790123,0.04721422966256866,0.04837614750156785,0.01988398146636723,0.43309952446830574,0.25601448575275343
"g37119006302",7,0.013558201058201057,0.01615295862864678,0.014502405286389648,0.013434126194078343,0.6502375800436251,0.5055818101822052
"g37119005509",7,0.018731514952349655,0.01615295862864678,0.02255969475022141,0.013434126194078343,0.7321404695240629,0.5055818101822052
"g37119001910",8,0.07645384302562017,0.09563109300046423,0.04117343665068972,0.01861039147303249,0.32737981220993995,0.11830156418150548
"g37119001605",8,0.10662824207492795,0.09563109300046423,0.09025115835449636,0.01861039147303249,0.5145346578330772,0.11830156418150548
"g37119001702",8,0.061843640606767794,0.09563109300046423,0.0369142714512152,0.01861039147303249,0.3628552002487977,0.11830156418150548
"g37119001915",8,0.10835820895522388,0.09563109300046423,0.053416883631483926,0.01861039147303249,0.2996752160993262,0.11830156418150548
"g37119001606",8,0.05858380030565461,0.09563109300046423,0.060257598746016446,0.01861039147303249,0.6252711316951515,0.11830156418150548
"g37119001607",8,0.14630225080385853,0.09563109300046423,0.07767221514298925,0.01861039147303249,0.32273701739496513,0.11830156418150548
"g37119001920",8,0.0815552394499763,0.09563109300046423,0.057712826721830396,0.01861039147303249,0.4301843201962971,0.11830156418150548
"g37119001912",8,0.14701754385964913,0.09563109300046423,0.05632782567236986,0.01861039147303249,0.23290988555216008,0.11830156418150548
"g37119001603",8,0.08055555555555556,0.09563109300046423,0.03962306972359647,0.01861039147303249,0.29901069280986753,0.11830156418150548
"g37071033305",9,0.014438751746623195,0.015446948594580907,0.018533182655527065,0.013376841245515402,0.7802871489639496,0.5264352591413655
"g37071033304",9,0.016648168701442843,0.015446948594580907,0.019280584374761392,0.013376841245515402,0.7040245804117533,0.5264352591413655
"g37025042200",10,0.0,0.001520290024558531,0.0060810810810810806,0.003412819330258507,"inf",1.3646489639018233
"g37025040500",10,0.0023251654444643175,0.001520290024558531,0.004105161819803188,0.003412819330258507,1.0732737776254209,1.3646489639018233
"g37119004400",11,0.07086197778952935,0.03233281836239241,0.06030707968034321,0.016914107736029534,0.5173555671892619,0.3180091585918642
"g37119004000",11,0.04383886255924171,0.03233281836239241,0.034334415381372184,0.016914107736029534,0.4761069018627803,0.3180091585918642
"g37119006010",11,0.010509031198686371,0.03233281836239241,0.015387801259201212,0.016914107736029534,0.8901188228394318,0.3180091585918642
"g37119004303",11,0.0,0.03233281836239241,0.012333965844402276,0.016914107736029534,"inf",0.3180091585918642
"g37119004304",11,0.03829479768786127,0.03233281836239241,0.047335922079231235,0.016914107736029534,0.7514241688094974,0.3180091585918642
"g37159050903",12,0.0,0.0007187780772686433,0.007228915662650603,0.003408722934162528,"inf",2.882909290062989
"g37159051001",12,0.0013008130081300813,0.0007187780772686433,0.0019434957035026532,0.003408722934162528,0.9082445726855105,2.882909290062989
"g37119001509",13,0.024337866857551897,0.027220299884659745,0.027683060785140618,0.014370289363150605,0.6914578207910145,0.32092733186985667
"g37119001505",13,0.021361815754339118,0.027220299884659745,0.018447817437692263,0.014370289363150605,0.5249777834662426,0.32092733186985667
"g37119001400",13,0.03611111111111111,0.027220299884659745,0.027860964848126103,0.014370289363150605,0.46901787913609533,0.32092733186985667
"g37119005828",14,0.04046535154274153,0.04046535154274153,0.034747380158165135,0.034747380158165135,0.5220028159019184,0.5220028159019184
"g37097061405",15,0.0,0.015601560156015602,0.009737827715355805,0.014244728365967973,"inf",0.5550348333384528
"g37119006204",15,0.027043090638930165,0.015601560156015602,0.027209763503250047,0.014244728365967973,0.6116493816656295,0.5550348333384528
"g37097061406",15,0.006612410986775178,0.015601560156015602,0.010644336096632612,0.014244728365967973,0.9785721190544642,0.5550348333384528
"g37179020314",16,0.011191335740072202,0.011191335740072202,0.012596864221132716,0.012596864221132716,0.6842497086486445,0.6842497086486445
"g37119005519",17,0.018316445830085737,0.018316445830085737,0.017455233800360678,0.017455233800360678,0.5793200534401538,0.5793200534401538
"g37071031201",18,0.0,0.006704980842911878,0.008387096774193548,0.008476659262622836,"inf",0.7685308093945498
"g37119006005",18,0.006872852233676976,0.006704980842911878,0.01302522121698632,0.008476659262622836,1.1520788371255377,0.7685308093945498
"g37119006009",18,0.015371477369769428,0.006704980842911878,0.022893414307929925,0.008476659262622836,0.9053761619245506,0.7685308093945498
"g37119001510",19,0.02574750830564784,0.04639983279339534,0.04042233143504856,0.01653766084323815,0.954377626194695,0.2166664977257672
"g37119005616",19,0.004689331770222743,0.04639983279339534,0.008166443148414543,0.01653766084323815,1.0586589674160496,0.2166664977257672
"g37119001504",19,0.07613093048915043,0.04639983279339534,0.03541736227856229,0.01653766084323815,0.28280636105725404,0.2166664977257672
"g37119001608",19,0.03773584905660377,0.04639983279339534,0.03557501420719729,0.01653766084323815,0.5730929340369169,0.2166664977257672
"g37119001507",19,0.04203821656050955,0.04639983279339534,0.04546383990356391,0.01653766084323815,0.6574397038647448,0.2166664977257672
"g37119001609",19,0.047151277013752456,0.04639983279339534,0.04264985419760194,0.01653766084323815,0.549867674432102,0.2166664977257672
"g37109070901",20,0.0,0.0,0.010268562401263823,0.006242708424736922,"inf","inf"
"g37109070202",20,0.0,0.0,0.007742703990470518,0.006242708424736922,"inf","inf"
"g45023020300",21,0.0,0.0,0.009826152683295541,0.0075719836535627005,"inf","inf"
"g45023020400",21,0.0,0.0,0.011764705882352941,0.0075719836535627005,"inf","inf"
"g37071031800",22,0.017106200997861726,0.005523590333716916,0.026934130692258394,0.009700776902737438,0.9571576839219484,1.067626029442608
"g37071030802",22,0.0,0.005523590333716916,0.007931665649786455,0.009700776902737438,"inf",1.067626029442608
"g37071031500",22,0.0,0.005523590333716916,0.009976976208749041,0.009700776902737438,"inf",1.067626029442608
"g37119005711",23,0.016910069177555727,0.016910069177555727,0.02376070670972016,0.02376070670972016,0.8541773813027336,0.8541773813027336
"g37119002300",24,0.2996389891696751,0.13947267863966373,0.11560158952963846,0.02639275598634613,0.23453063536609556,0.11503492095810106
"g37119001300",24,0.12071240105540897,0.13947267863966373,0.058158844810220295,0.02639275598634613,0.29288557387776826,0.11503492095810106
"g37119000900",24,0.07735583684950774,0.13947267863966373,0.05829521259983495,0.02639275598634613,0.45811435378262116,0.11503492095810106
"g37119004900",24,0.17454545454545456,0.13947267863966373,0.11033394768743768,0.02639275598634613,0.38426843482833534,0.11503492095810106
"g37119000800",24,0.14577656675749318,0.13947267863966373,0.06767283562960104,0.02639275598634613,0.2822024336114943,0.11503492095810106
"g37119000700",24,0.11724137931034483,0.13947267863966373,0.12708260715984945,0.02639275598634613,0.658930021032654,0.11503492095810106
"g37119001701",24,0.1280887544125063,0.13947267863966373,0.04639022245931833,0.02639275598634613,0.2201656442496428,0.11503492095810106
"g37119001801",24,0.12,0.13947267863966373,0.10544617485108375,0.02639275598634613,0.5341751512212957,0.11503492095810106
"g37119005200",24,0.2787794729542302,0.13947267863966373,0.11865378965390369,0.02639275598634613,0.25873484353449944,0.11503492095810106
"g37119001200",24,0.10983440351470092,0.13947267863966373,0.06314265930343728,0.02639275598634613,0.34947697709398345,0.11503492095810106
"g45057010600",25,0.0,0.0,0.008763388510223954,0.00620118005425474,"inf","inf"
"g45057010500",25,0.0,0.0,0.008776206728425159,0.00620118005425474,"inf","inf"
"g37119005909",26,0.0138357374153665,0.0126496879743633,0.015238798273383137,0.011767003521269604,0.6695492172887862,0.5654838004264031
"g37119005914",26,0.011058451816745656,0.0126496879743633,0.01848083351107853,0.011767003521269604,1.0159242390371437,0.5654838004264031
"g37119005709",27,0.012035010940919038,0.011045203518101862,0.013616376445887358,0.00909937138872942,0.687779390524512,0.5008085862827664
"g37119005717",27,0.010454099967330937,0.011045203518101862,0.012046627014951357,0.00909937138872942,0.700507699330663,0.5008085862827664
"g37119000500",28,0.0473568281938326,0.0455836602191262,0.03319218044134484,0.01725232618377813,0.42607619764955273,0.23007665973983155
"g37119000400",28,0.10310077519379846,0.0455836602191262,0.051953293830777715,0.01725232618377813,0.3063269833018865,0.23007665973983155
"g37119000100",28,0.014503532911863145,0.0455836602191262,0.017375785932610913,0.01725232618377813,0.728290676841879,0.23007665973983155
"g37119002600",28,0.058315334773218146,0.0455836602191262,0.06948506312913319,0.01725232618377813,0.7243405207427371,0.23007665973983155
"g37119000300",28,0.039647577092511016,0.0455836602191262,0.06908574007266559,0.01725232618377813,1.0592680173248963,0.23007665973983155
"g37097061501",29,0.0,0.0,0.00787878787878788,0.005248294693362899,"inf","inf"
"g37097061303",29,0.0,0.0,0.007015650296815974,0.005248294693362899,"inf","inf"
"g37119005837",30,0.02472597501911802,0.018791166214645487,0.02562738340366845,0.019660482089083466,0.6300643944009735,0.6360254977209842
"g37119005840",30,0.0,0.018791166214645487,0.010492332526230832,0.019660482089083466,"inf",0.6360254977209842
"g37159051201",31,0.0003824091778202677,0.017489955093358545,0.0015290364844700267,0.016497911095885057,2.430656782303416,0.5734220146774803
"g37159051204",31,0.04517326732673267,0.017489955093358545,0.04280286887002913,0.016497911095885057,0.576003964641438,0.5734220146774803
"g37071030101",32,0.0,0.003929974991068239,0.008558262014483212,0.008218530495301288,"inf",1.2712720009034708
"g37109071002",32,0.00859375,0.003929974991068239,0.014791693193508145,0.008218530495301288,1.0463314334175422,1.2712720009034708
"g37179020202",33,0.0,0.0,0.0053859964093357264,0.0053859964093357264,"inf","inf"
"g45057010700",34,0.0008718395815170009,0.0020331106593087424,0.0017328728396646888,0.004974944899786971,1.2082706061370199,1.4875150056419053
"g45057010900",34,0.004301075268817204,0.0020331106593087424,0.007865750415479149,0.004974944899786971,1.111724602795685,1.4875150056419053
"g45057010800",34,0.0,0.0020331106593087424,0.014428412874583794,0.004974944899786971,"inf",1.4875150056419053
"g37159051600",35,0.006469186244467144,0.004438215370240598,0.01120101051033632,0.008272455844588083,1.0525473642251726,1.1330789784252626
"g37159051502",35,0.0,0.004438215370240598,0.009672619047619048,0.008272455844588083,"inf",1.1330789784252626
"g45091061104",36,0.008068854222700376,0.004263786242183059,0.01340598020047159,0.007999177065837406,1.0099986704225608,1.140470310744316
"g45091061101",36,0.0,0.004263786242183059,0.007836045810729355,0.007999177065837406,"inf",1.140470310744316
"g37179020315",37,0.0,0.0033452807646356035,0.005985267034990792,0.006727655604459284,"inf",1.2225461877838515
"g37179020316",37,0.006954793840039742,0.0033452807646356035,0.012386995792187327,0.006727655604459284,1.0827191719354359,1.2225461877838515
"g37159051501",38,0.010505581089954037,0.011350737797956867,0.016312873046576595,0.013226107322179386,0.9439401842680911,0.7083404590176315
"g37025041000",38,0.0,0.011350737797956867,0.008155867693701857,0.013226107322179386,"inf",0.7083404590176315
"g37025040800",38,0.028277634961439587,0.011350737797956867,0.040224439358444344,0.013226107322179386,0.864730970457853,0.7083404590176315
"g37119005844",39,0.030313236780060628,0.02325991189427313,0.024055074838750926,0.014739238320727797,0.48240133195711915,0.3852131227324779
"g37179021006",39,0.015521064301552107,0.02325991189427313,0.016120315983753946,0.014739238320727797,0.6313732096112054,0.3852131227324779
"g45023021000",40,0.0,0.0,0.022927689594356263,0.006822954298736997,"inf","inf"
"g45023020900",40,0.0,0.0,0.012795275590551181,0.006822954298736997,"inf","inf"
"g45057010300",40,0.0,0.0,0.008226691042047532,0.006822954298736997,"inf","inf"
"g37119006208",41,0.006514657980456026,0.013537227375282025,0.012172883973608637,0.010396324844419038,1.1358891732212313,0.46685736580420517
"g37119006203",41,0.01666063020644694,0.013537227375282025,0.013987666252156278,0.010396324844419038,0.5103732856112526,0.46685736580420517
"g37119006210",42,0.024436990896023,0.024436990896023,0.02335565235937532,0.02335565235937532,0.5810029974851455,0.5810029974851455
"g37097061602",43,0.017286366601435094,0.010313290523448142,0.017476141621867135,0.010767271717427827,0.6145764777501249,0.634662033100437
"g37097061503",43,0.0,0.010313290523448142,0.006271104679208876,0.010767271717427827,"inf",0.634662033100437
"g37097061302",44,0.0,0.0,0.00819672131147541,0.006455464592429874,"inf","inf"
"g37097061301",44,0.0,0.0,0.014656144306651636,0.006455464592429874,"inf","inf"
"g37097060701",44,0.0,0.0,0.012807881773399015,0.006455464592429874,"inf","inf"
"g37179021007",45,0.022812111157196183,0.03730218538055765,0.03353147044160954,0.02192136237656074,0.8935548520002278,0.35724599028210496
"g37119005838",45,0.049361408353469104,0.03730218538055765,0.02869598728784216,0.02192136237656074,0.35340096147630556,0.35724599028210496
"g37025041200",46,0.0,0.0,0.006557377049180327,0.0046705097415175685,"inf","inf"
"g37159051801",46,0.0,0.0,0.006470881035340965,0.0046705097415175685,"inf","inf"
"g37119005715",47,0.0,0.006469500924214418,0.009352517985611512,0.01060806202871301,"inf",0.9967801228890558
"g37179020203",47,0.011314655172413793,0.006469500924214418,0.01714148706164,0.01060806202871301,0.9209610648835964,0.9967801228890558
"g45091061401",48,0.0,0.0,0.00871313672922252,0.00871313672922252,"inf","inf"
"g37097061304",49,0.01395139513951395,0.011025726695623121,0.018817592022868545,0.00918216500630491,0.8199370423534446,0.5062580798355087
"g37097061403",49,0.005154639175257732,0.011025726695623121,0.008970114292859427,0.00918216500630491,1.0578736612855495,0.5062580798355087
"g37097061402",49,0.012206148282097649,0.011025726695623121,0.014850539368435568,0.00918216500630491,0.7396013302483277,0.5062580798355087
"g37119003300",50,0.036443953616786304,0.031107424305267525,0.02617209414314141,0.010761583262183261,0.4365631619529252,0.2103033616626046
"g37119003103",50,0.03962072468675923,0.031107424305267525,0.023702575115921824,0.010761583262183261,0.3636697805695433,0.2103033616626046
"g37119003204",50,0.03156708004509583,0.031107424305267525,0.024033509618976354,0.010761583262183261,0.46282507668328327,0.2103033616626046
"g37119003400",50,0.019639407598197038,0.031107424305267525,0.013396442349405584,0.010761583262183261,0.4146629123250161,0.2103033616626046
"g37119004302",51,0.05429553264604811,0.09979509751840328,0.0386824309693472,0.019611916741868695,0.4330955873987163,0.11946616751192289
"g37119004100",51,0.05455537370430987,0.09979509751840328,0.03255004651356855,0.019611916741868695,0.36270051829404953,0.11946616751192289
"g37119005100",51,0.0732484076433121,0.09979509751840328,0.05353001799506968,0.019611916741868695,0.4442559971045825,0.11946616751192289
"g37119004800",51,0.15766099185788304,0.09979509751840328,0.07726644317069732,0.019611916741868695,0.29792075780530586,0.11946616751192289
"g37119004700",51,0.09764918625678119,0.09979509751840328,0.07879339201306776,0.019611916741868695,0.4905183584737867,0.11946616751192289
"g37119004200",51,0.15301085883514315,0.09979509751840328,0.08924807099733893,0.019611916741868695,0.35457709940309573,0.11946616751192289
"g37119004305",51,0.07142857142857142,0.09979509751840328,0.04637274706201053,0.019611916741868695,0.39466167712349387,0.11946616751192289
"g37119004500",51,0.07658959537572255,0.09979509751840328,0.06368982981303296,0.019611916741868695,0.5055154238758824,0.11946616751192289
"g37119004600",51,0.16759776536312848,0.09979509751840328,0.09949732476920033,0.019611916741868695,0.3608920189196932,0.11946616751192289
"g37119003600",51,0.15013774104683195,0.09979509751840328,0.06196852385936239,0.019611916741868695,0.2509084984908234,0.11946616751192289
"g37119005000",51,0.09503239740820735,0.09979509751840328,0.11594111328385824,0.019611916741868695,0.7416514983479741,0.11946616751192289
"g37119005833",52,0.0,0.0,0.0067708333333333336,0.005263319871414325,"inf","inf"
"g37119005832",52,0.0,0.0,0.008264462809917356,0.005263319871414325,"inf","inf"
"g37071032703",53,0.010903426791277258,0.005853430110044486,0.020068355658511023,0.008077208332827197,1.1188783615079527,0.8388512289241328
"g37071032600",53,0.002807017543859649,0.005853430110044486,0.005602951243925753,0.008077208332827197,1.213405094619179,0.8388512289241328
"g37071032704",53,0.006352087114337568,0.005853430110044486,0.014048600126679923,0.008077208332827197,1.3444687225011962,0.8388512289241328
"g37025041702",54,0.017793594306049824,0.005988023952095809,0.021210489745230796,0.008366561658324449,0.7246380083173074,0.8493713051308103
"g37025040600",54,0.0,0.005988023952095809,0.006498194945848376,0.008366561658324449,"inf",0.8493713051308103
"g45091061201",55,0.0,0.00013873473917869035,0.005387608500448967,0.003108382477154082,"inf",13.620195073146885
"g45091060901",55,0.0004478280340349306,0.00013873473917869035,0.001341521116500656,0.003108382477154082,1.8210435581434437,13.620195073146885
"g45091060102",55,0.0,0.00013873473917869035,0.00795593635250918,0.003108382477154082,"inf",13.620195073146885
"g37179020602",56,0.0109628217349857,0.006229685807150596,0.018037542477924617,0.010859222452780912,1.0002052099560155,1.0596603487687888
"g37179020702",56,0.0,0.006229685807150596,0.008155583437892095,0.010859222452780912,"inf",1.0596603487687888
"g37159051002",57,0.008233841086867023,0.008233841086867023,0.010250306562137212,0.010250306562137212,0.7567779525663006,0.7567779525663006
"g37025041100",58,0.0,0.001630561378989052,0.005275498241500586,0.0047941547007201305,"inf",1.7873474711412523
"g37025040900",58,0.007945516458569807,0.001630561378989052,0.011267653700721329,0.0047941547007201305,0.8620758063686922,1.7873474711412523
"g37097060802",59,0.0,0.0,0.008580858085808581,0.0044997323138280185,"inf","inf"
"g37097060902",59,0.0,0.0,0.00785498489425982,0.0044997323138280185,"inf","inf"
"g37097061001",59,0.0,0.0,0.007088331515812432,0.0044997323138280185,"inf","inf"
"g37071032401",60,0.0,0.0,0.005603448275862069,0.005367817900978171,"inf","inf"
"g37071032301",60,0.0,0.0,0.011764705882352941,0.005367817900978171,"inf","inf"
"g37071030801",61,0.0,0.0,0.026694045174537984,0.008007306755596792,"inf","inf"
"g37071031600",61,0.0,0.0,0.007186290768380321,0.008007306755596792,"inf","inf"
"g37097061002",62,0.008835758835758836,0.004461942257217848,0.014497712822022796,0.00808982675738067,0.9974467895430666,1.1021719987706187
"g37097061003",62,0.0,0.004461942257217848,0.006892895015906681,0.00808982675738067,"inf",1.1021719987706187
"g37159050201",63,0.0,0.007249560632688928,0.009246088193456615,0.009052604265853605,"inf",0.7590946784225038
"g37159051102",63,0.017915309446254073,0.007249560632688928,0.01989872950232449,0.009052604265853605,0.6752041953261806,0.7590946784225038
"g37159050202",63,0.0,0.007249560632688928,0.009969325153374233,0.009052604265853605,"inf",0.7590946784225038
"g45091061404",64,0.0,0.0,0.008034610630407911,0.004348531788322467,"inf","inf"
"g45091060904",64,0.0,0.0,0.005160550458715597,0.004348531788322467,"inf","inf"
"g37071031401",65,0.0,0.005960729312762973,0.011839708561020037,0.00875879762950458,"inf",0.893262679754946
"g37071032000",65,0.02467343976777939,0.005960729312762973,0.02437969787175474,0.00875879762950458,0.6006655402695876,0.893262679754946
"g37071031402",65,0.0,0.005960729312762973,0.012206572769953052,0.00875879762950458,"inf",0.893262679754946
"g45091061004",66,0.0025340513145391194,0.0025340513145391194,0.003791496846754722,0.003791496846754722,0.9095558924927551,0.9095558924927551
"g37159050500",67,0.009623095429029671,0.020519159456118666,0.015942539965819142,0.014412780927444245,1.007109794193337,0.4269945351119637
"g37159050800",67,0.01437125748502994,0.020519159456118666,0.017777595273334973,0.014412780927444245,0.7519904788872697,0.4269945351119637
"g37159050700",67,0.0,0.020519159456118666,0.011981566820276499,0.014412780927444245,"inf",0.4269945351119637
"g37159050400",67,0.06719817767653759,0.020519159456118666,0.05381946666170788,0.014412780927444245,0.4868733370664007,0.4269945351119637
"g37071031202",68,0.007028112449799197,0.013956941351150704,0.014970227294822024,0.013801292572019364,1.2948629080019745,0.6011233620419738
"g37071031001",68,0.0,0.013956941351150704,0.009708737864077669,0.013801292572019364,"inf",0.6011233620419738
"g37071031302",68,0.016112789526686808,0.013956941351150704,0.01494961113964138,0.013801292572019364,0.5640183838018196,0.6011233620419738
"g37071032302",68,0.0,0.013956941351150704,0.011054421768707483,0.013801292572019364,"inf",0.6011233620419738
"g37071030302",68,0.0444264943457189,0.013956941351150704,0.06824032828503693,0.013801292572019364,0.9337554729690603,0.6011233620419738
"g45091061302",69,0.0,0.0,0.006256015399422522,0.006341764853691009,"inf","inf"
"g45023020700",69,0.0,0.0,0.015834348355663823,0.006341764853691009,"inf","inf"
"g37179020601",70,0.008214440121054907,0.012512820512820513,0.011607542174001525,0.011403371019676799,0.8590064005268125,0.5540030267668982
"g37179020401",70,0.01639344262295082,0.012512820512820513,0.01898411715918809,0.011403371019676799,0.7039703019516556,0.5540030267668982
"g45091061602",71,0.0,0.000164866870002473,0.008082622361921869,0.002817222716637257,"inf",10.387759506239076
"g45091061801",71,0.001358695652173913,0.000164866870002473,0.002697224962680173,0.002817222716637257,1.2067827188648068,10.387759506239076
"g45091061601",71,0.0,0.000164866870002473,0.01294820717131474,0.002817222716637257,"inf",10.387759506239076
"g37071033306",71,0.0014204545454545455,0.000164866870002473,0.00424444718194726,0.002817222716637257,1.8164685812102561,10.387759506239076
"g45091061706",71,0.0,0.000164866870002473,0.007030827474310438,0.002817222716637257,"inf",10.387759506239076
"g45091061802",71,0.0,0.000164866870002473,0.006256015399422522,0.002817222716637257,"inf",10.387759506239076
"g45091061501",71,0.0,0.000164866870002473,0.005094820266062836,0.002817222716637257,"inf",10.387759506239076
"g37179021008",72,0.004704301075268817,0.004704301075268817,0.007720666371134564,0.007720666371134564,0.9976857629394904,0.9976857629394904
"g37071032508",73,0.012422360248447204,0.005196492367651835,0.01857269746622508,0.008855196639077537,0.9088766845173974,1.0359099715698987
"g37071032200",73,0.0,0.005196492367651835,0.007258514796203238,0.008855196639077537,"inf",1.0359099715698987
"g37179020306",74,0.0,0.0022672064777327933,0.006477150053976251,0.0048556300789925465,"inf",1.3019329456265296
"g37179020307",74,0.004122497055359246,0.0022672064777327933,0.007056520376587024,0.0048556300789925465,1.0405533303903403,1.3019329456265296
"g45091061708",75,0.008803728638011392,0.008803728638011392,0.014989580456229085,0.014989580456229085,1.035039508706539,1.035039508706539
"g37071031701",76,0.008651766402307137,0.004696673189823875,0.014383719373253742,0.009323893898275768,1.0106493804814052,1.2068160542094524
"g37071031703",76,0.0,0.004696673189823875,0.01113013698630137,0.009323893898275768,"inf",1.2068160542094524
"g37119005611",77,0.0,0.003795066413662239,0.007665094339622642,0.006463985460352113,"inf",1.035416515989533
"g37025042604",77,0.006349206349206349,0.003795066413662239,0.009494564779154595,0.006463985460352113,0.9090540745999081,1.035416515989533
"g45091060402",78,0.0,0.0,0.020569620253164556,0.005860661243726029,"inf","inf"
"g45091060200",78,0.0,0.0,0.007606787595084845,0.005860661243726029,"inf","inf"
"g45091060300",78,0.0,0.0,0.00866089273817455,0.005860661243726029,"inf","inf"
"g37119002002",79,0.006223386832623649,0.006223386832623649,0.007846135318574065,0.007846135318574065,0.7664134099378217,0.7664134099378217
"g37071030502",80,0.0,0.0,0.008238276299112801,0.005151375085425624,"inf","inf"
"g37071030401",80,0.0,0.0,0.007558139534883721,0.005151375085425624,"inf","inf"
"g37071030501",80,0.0,0.0,0.012115563839701771,0.005151375085425624,"inf","inf"
"g37071030602",81,0.0,0.0,0.013374485596707819,0.007171706495857402,"inf","inf"
"g37109070500",81,0.0,0.0,0.00847457627118644,0.007171706495857402,"inf","inf"
"g37097061103",82,0.0,0.0,0.010509296685529508,0.005403566234316152,"inf","inf"
"g37097061101",82,0.0,0.0,0.00876010781671159,0.005403566234316152,"inf","inf"
"g37097061102",82,0.0,0.0,0.008990318118948825,0.005403566234316152,"inf","inf"
"g37025042000",83,0.005344735435595938,0.0021514629948364886,0.00852629963122154,0.005238866828799403,0.9697693987851368,1.4802585422650232
"g37025042402",83,0.0,0.0021514629948364886,0.005819158460161146,0.005238866828799403,"inf",1.4802585422650232
"g37025041901",83,0.0,0.0021514629948364886,0.02394106813996317,0.005238866828799403,"inf",1.4802585422650232
"g45091061502",84,0.0,0.0,0.004803843074459567,0.004803843074459567,"inf","inf"
"g45091061003",85,0.008269858541893362,0.008269858541893362,0.00584111333850672,0.00584111333850672,0.42936995345446144,0.42936995345446144
"g37119005831",86,0.004382761139517896,0.004382761139517896,0.0072918048367697375,0.0072918048367697375,1.0113962331851845,1.0113962331851845
"g45057010100",87,0.0,0.000487685930260912,0.00785498489425982,0.0033961254772002175,"inf",4.23328589118483
"g45057010200",87,0.0008176614881439084,0.000487685930260912,0.0020422188160275573,0.0033961254772002175,1.5183183051682083,4.23328589118483
"g37097061202",88,0.0,0.0,0.005635023840485479,0.004452597798704344,"inf","inf"
"g37097061203",88,0.0,0.0,0.007135016465422613,0.004452597798704344,"inf","inf"
"g37025041502",89,0.0,0.008984725965858042,0.006137061029662462,0.013828944893893842,"inf",0.9356605268634556
"g37119005618",89,0.026333113890717578,0.008984725965858042,0.0386467397749621,0.013828944893893842,0.8921640990602953,0.9356605268634556
"g37159050901",90,0.0,0.0,0.00684931506849315,0.005917211558046423,"inf","inf"
"g37159050904",90,0.0,0.0,0.010752688172043012,0.005917211558046423,"inf","inf"
"g37071031101",91,0.022804054054054054,0.0060733763014377785,0.026667892452602655,0.006467621033224186,0.7109036285912765,0.647363891769155
"g37071031102",91,0.0,0.0060733763014377785,0.013360739979445015,0.006467621033224186,"inf",0.647363891769155
"g37119006008",91,0.0,0.0060733763014377785,0.006429277942631058,0.006467621033224186,"inf",0.647363891769155
"g37119006007",91,0.00565698122910774,0.0060733763014377785,0.009503595977549649,0.006467621033224186,1.0212623585711684,0.647363891769155
"g37071033100",92,0.0,0.029242016160061564,0.01368421052631579,0.016661524023546682,"inf",0.3463709881394803
"g37071031900",92,0.09287531806615776,0.029242016160061564,0.06943769928860799,0.016661524023546682,0.45449499638460994,0.3463709881394803
"g37071032100",92,0.02164111812443643,0.029242016160061564,0.019309603514370475,0.016661524023546682,0.5424100885875597,0.3463709881394803
"g37071033204",92,0.013995801259622114,0.029242016160061564,0.02292731234073085,0.016661524023546682,0.995839797413507,0.3463709881394803
"g37071033203",92,0.03787878787878788,0.029242016160061564,0.05576926381210055,0.016661524023546682,0.8950204040361426,0.3463709881394803
"g37119006105",93,0.0041265474552957355,0.012157609491724036,0.008915729875752449,0.012526433330864919,1.313421604796764,0.62634460284773
"g37119006213",93,0.0019065776930409914,0.012157609491724036,0.003490145693819516,0.012526433330864919,1.1128154507041557,0.62634460284773
"g37119006108",93,0.03189577717879605,0.012157609491724036,0.03755714210882368,0.012526433330864919,0.7158028882592705,0.62634460284773
"g37119003808",94,0.058453570107288196,0.12260411576261063,0.04327586041295514,0.02400048545240596,0.4500582920865598,0.11900057898211575
"g37119003805",94,0.07719298245614035,0.12260411576261063,0.07081860342594823,0.02400048545240596,0.5577038401877658,0.11900057898211575
"g37119003700",94,0.1395631067961165,0.12260411576261063,0.08217590266069218,0.02400048545240596,0.3579381196902886,0.11900057898211575
"g37119003201",94,0.14987405541561713,0.12260411576261063,0.07488512905150303,0.02400048545240596,0.3037408621332452,0.11900057898211575
"g37119003902",94,0.19009370816599733,0.12260411576261063,0.07434209170144075,0.02400048545240596,0.23773938311133283,0.11900057898211575
"g37119003102",94,0.1082529474812433,0.12260411576261063,0.05847957255612618,0.02400048545240596,0.32839652830278204,0.11900057898211575
"g37119005824",94,0.04328621908127209,0.12260411576261063,0.05560056638519666,0.02400048545240596,0.780842889994946,0.11900057898211575
"g37119003109",94,0.16767983789260385,0.12260411576261063,0.08319923942550415,0.02400048545240596,0.30162866256980353,0.11900057898211575
"g37119003807",94,0.15672306322350846,0.12260411576261063,0.10491621731419493,0.02400048545240596,0.4069525837380523,0.11900057898211575
"g37119003802",94,0.0703001579778831,0.12260411576261063,0.04472232066947917,0.02400048545240596,0.38672489305393004,0.11900057898211575
"g37119003203",94,0.1783510936623668,0.12260411576261063,0.11120281956161587,0.02400048545240596,0.3790304663997268,0.11900057898211575
"g37119003903",94,0.08478802992518704,0.12260411576261063,0.0722397112019727,0.02400048545240596,0.5179353511888262,0.11900057898211575
"g37119005918",95,0.0,0.0,0.006911217437533227,0.006911217437533227,"inf","inf"
"g37119002903",96,0.010429447852760737,0.010429447852760737,0.008532984222890951,0.008532984222890951,0.49736328565393345,0.49736328565393345
"g37119005848",97,0.010412328196584756,0.010412328196584756,0.012476465622759522,0.012476465622759522,0.7284132269968538,0.7284132269968538
"g37119003015",98,0.007233273056057866,0.010802114456446793,0.00628148613577258,0.0071508929965062714,0.52791213268727,0.4024256021185901
"g37119005811",98,0.014492753623188406,0.010802114456446793,0.01300892154388354,0.0071508929965062714,0.5456629705337168,0.4024256021185901
"g37119005522",99,0.04049416609471517,0.03386747509744478,0.04508521020707251,0.01740021058111529,0.6768239788955195,0.3123243046960502
"g37119005510",99,0.03801576263328697,0.03386747509744478,0.05169228832932423,0.01740021058111529,0.8266014228360321,0.3123243046960502
"g37119005512",99,0.014317673378076063,0.03386747509744478,0.016914682731380505,0.01740021058111529,0.7181670954528007,0.3123243046960502
"g37119005404",99,0.04399845619451949,0.03386747509744478,0.031081667162319297,0.01740021058111529,0.42943848780232124,0.3123243046960502
"g37119006109",99,0.027305825242718445,0.03386747509744478,0.0313343566892206,0.01740021058111529,0.6975889202814665,0.3123243046960502
"g37119005706",100,0.008620689655172414,0.008620689655172414,0.009858315099735011,0.009858315099735011,0.6951760191910403,0.6951760191910403
"g37071030902",101,0.0,0.0026716537536735237,0.01113013698630137,0.006331166920027623,"inf",1.4405810201619083
"g37071030901",101,0.0,0.0026716537536735237,0.012104283054003726,0.006331166920027623,"inf",1.4405810201619083
"g37071031301",101,0.006662225183211193,0.0026716537536735237,0.009972304850970634,0.006331166920027623,0.909934928954828,1.4405810201619083
"g37071030402",102,0.0,0.0,0.0076201641266119575,0.006570684885936468,"inf","inf"
"g37071030301",102,0.0,0.0,0.011904761904761906,0.006570684885936468,"inf","inf"
"g37025042503",103,0.0,0.0,0.0080545229244114,0.0044330393970601675,"inf","inf"
"g37025042504",103,0.0,0.0,0.018413597733711047,0.0044330393970601675,"inf","inf"
"g37025042603",103,0.0,0.0,0.0051664753157290464,0.0044330393970601675,"inf","inf"
"g37097061205",104,0.0,0.0,0.00676730869338886,0.0046416533701083085,"inf","inf"
"g37097061201",104,0.0,0.0,0.007761194029850747,0.0046416533701083085,"inf","inf"
"g37097061204",104,0.0,0.0,0.010358565737051793,0.0046416533701083085,"inf","inf"
"g37097061407",105,0.005865102639296188,0.0038255547054322878,0.009354701922018165,0.007874969460687723,0.9695906855344056,1.2513781258503165
"g37097061404",105,0.0,0.0038255547054322878,0.0143014301430143,0.007874969460687723,"inf",1.2513781258503165
"g37071033202",106,0.0,0.0,0.01329243353783231,0.007007986460751759,"inf","inf"
"g37071033400",106,0.0,0.0,0.011294526498696784,0.007007986460751759,"inf","inf"
"g37071032702",106,0.0,0.0,0.011992619926199263,0.007007986460751759,"inf","inf"
"g37119005610",107,0.015912481352560914,0.04958129508332643,0.02475268808061537,0.013866018230294095,0.9456241590067918,0.17000746752150234
"g37119005514",107,0.021047356552242547,0.04958129508332643,0.02073812472330494,0.013866018230294095,0.598971311121074,0.17000746752150234
"g37119005306",107,0.06660137120470128,0.04958129508332643,0.07903267618308815,0.013866018230294095,0.721369232817209,0.17000746752150234
"g37119005604",107,0.0,0.04958129508332643,0.008571428571428572,0.013866018230294095,"inf",0.17000746752150234
"g37119005609",107,0.09702850212249849,0.04958129508332643,0.05176440773122306,0.013866018230294095,0.3243142414467584,0.17000746752150234
"g37119005524",107,0.04564032697547684,0.04958129508332643,0.0344009304213419,0.013866018230294095,0.45820047959470045,0.17000746752150234
"g37119005523",107,0.03231597845601436,0.04958129508332643,0.028564048363406428,0.013866018230294095,0.5373243815743797,0.17000746752150234
"g37119005307",107,0.04604810996563574,0.04958129508332643,0.044741690644467404,0.013866018230294095,0.5906560802767324,0.17000746752150234
"g37119005308",107,0.15172855313700384,0.04958129508332643,0.12106998526310299,0.013866018230294095,0.4850687211751936,0.17000746752150234
"g37119005305",107,0.09123343527013252,0.04958129508332643,0.05507326833952027,0.013866018230294095,0.36696185319365865,0.17000746752150234
"g37119005301",107,0.06598984771573604,0.04958129508332643,0.04871373289296899,0.013866018230294095,0.4487540509663264,0.17000746752150234
"g37119005906",108,0.0,0.0,0.0076605774896876845,0.005322052567395618,"inf","inf"
"g37119006006",108,0.0,0.0,0.007272727272727273,0.005322052567395618,"inf","inf"
"g37119003012",109,0.013597733711048159,0.021986239904277595,0.013526045028165484,0.014047432424457152,0.6046978083766991,0.38840077410384183
"g37119003008",109,0.025,0.021986239904277595,0.029077972134839612,0.014047432424457152,0.7070631522149449,0.38840077410384183
"g37119003006",109,0.024987986544930323,0.021986239904277595,0.018109706887020235,0.014047432424457152,0.4405693246655262,0.38840077410384183
"g37119000600",110,0.005897771952817824,0.009799918334013884,0.009810633900131148,0.01017494874512354,1.011214274339759,0.6311664001217717
"g37119002500",110,0.016251354279523293,0.009799918334013884,0.021543469557868206,0.01017494874512354,0.8058610902497408,0.6311664001217717
"g37119005513",111,0.0,0.0,0.006259027443428021,0.006259027443428021,"inf","inf"
"g37119006405",112,0.08693115519253208,0.042221084953940634,0.0676093654273324,0.030616830058259423,0.472786978407,0.44082369666640076
"g37119006403",112,0.007292616226071103,0.042221084953940634,0.011363145188962634,0.030616830058259423,0.9472165860404262,0.44082369666640076
"g37071032402",113,0.0016116035455278,0.0033808258874667954,0.004021366574673983,0.004542874650947309,1.5168741395654752,0.8168494975932612
"g37071032502",113,0.006027727546714889,0.0033808258874667954,0.009618036176191547,0.004542874650947309,0.9699891803222963,0.8168494975932612
"g37025041302",114,0.0,0.0,0.005094820266062836,0.004162655288934105,"inf","inf"
"g37025041301",114,0.0,0.0,0.007218212104386452,0.004162655288934105,"inf","inf"
"g37119005845",115,0.010520163646990065,0.005859375,0.008687789412932155,0.006437957102367316,0.5020198475355256,0.6679298959294967
"g37119005843",115,0.0,0.005859375,0.00955180014695077,0.006437957102367316,"inf",0.6679298959294967
"g37119005613",116,0.0,0.017820324005891015,0.018387553041018388,0.016678521228145025,"inf",0.5689525440935704
"g37119005612",116,0.02619515389652914,0.017820324005891015,0.029353200324675758,0.016678521228145025,0.6811905303310013,0.5689525440935704
"g37119005605",116,0.013535820402773192,0.017820324005891015,0.022412732370047286,0.016678521228145025,1.006570781360712,0.5689525440935704
"g45091061103",117,0.0,0.0,0.006306937631394533,0.0037500933948980447,"inf","inf"
"g45091061203",117,0.0,0.0,0.006405693950177936,0.0037500933948980447,"inf","inf"
"g45091061202",117,0.0,0.0,0.006639427987742595,0.0037500933948980447,"inf","inf"
"g45091060700",118,0.0,0.0,0.006060606060606061,0.006073596402659477,"inf","inf"
"g45091060802",118,0.0,0.0,0.01473922902494331,0.006073596402659477,"inf","inf"
"g45057011202",119,0.007930214115781126,0.0051466803911477095,0.012648880968075765,0.008517467291162189,0.9696193860634371,1.0060449207737467
"g37179021015",119,0.0,0.0051466803911477095,0.0063538611925708696,0.008517467291162189,"inf",1.0060449207737467
"g37119003018",120,0.06618313689936536,0.045657015590200446,0.05309725713512063,0.026633108254954463,0.4877068294960908,0.35460792071983255
"g37119003013",120,0.03656086781840096,0.045657015590200446,0.030290849313623268,0.026633108254954463,0.5036502484492356,0.35460792071983255
"g37025042502",121,0.0,0.0073425585992657446,0.0091164095371669,0.011853545832626678,"inf",0.9813749308704948
"g37025042501",121,0.012293144208037825,0.0073425585992657446,0.01885205576118332,0.011853545832626678,0.9322445156629114,0.9813749308704948
"g37119006304",122,0.03676470588235294,0.022290545734050732,0.023787848448257296,0.01165506813065942,0.3933309895395735,0.3178543892251945
"g37097061408",122,0.0033944331296673455,0.022290545734050732,0.005414695793737113,0.01165506813065942,0.9697078302948046,0.3178543892251945
"g37119006404",122,0.01608455882352941,0.022290545734050732,0.014590247442678507,0.01165506813065942,0.5514264600133467,0.3178543892251945
"g37119005830",123,0.00396235760277365,0.010459035444509006,0.006420853304025304,0.009193107608384012,0.9850838009747028,0.5343241538003676
"g37119005839",123,0.019676739283204497,0.010459035444509006,0.020286002111672165,0.009193107608384012,0.6267255971539186,0.5343241538003676
"g37071030203",124,0.0,0.0,0.0125,0.003841349755230996,"inf","inf"
"g37109070902",124,0.0,0.0,0.005298793052693552,0.003841349755230996,"inf","inf"
"g37109071001",124,0.0,0.0,0.005749668288367979,0.003841349755230996,"inf","inf"
"g37025041602",125,0.0,0.0,0.009565857247976452,0.0060816329179127476,"inf","inf"
"g37025041701",125,0.0,0.0,0.0078125,0.0060816329179127476,"inf","inf"
"g37097060300",126,0.0,0.0,0.016581632653061226,0.007058514262819875,"inf","inf"
"g37097060400",126,0.0,0.0,0.008165829145728642,0.007058514262819875,"inf","inf"
"g37097061104",126,0.0,0.0,0.01597051597051597,0.007058514262819875,"inf","inf"
"g37179021009",127,0.0,0.00338409475465313,0.012935323383084577,0.006379846002806654,"inf",1.1460452850026543
"g37179021010",127,0.004469987228607918,0.00338409475465313,0.007330890806594699,0.006379846002806654,0.9969756841621622,1.1460452850026543
"g37179021012",128,0.0,0.0003046922608165753,0.009148486980999296,0.004817504297248668,"inf",9.61158000217029
"g37179021013",128,0.0005373455131649651,0.0003046922608165753,0.004835557853427529,0.004817504297248668,5.470500404394304,9.61158000217029
"g37119005836",129,0.027330405075646658,0.027330405075646658,0.020721364975270603,0.020721364975270603,0.4608996616839933,0.4608996616839933
"g37159051302",130,0.0,0.00023272050267628578,0.0058348294434470375,0.003060871712886484,"inf",7.995480699254238
"g37159051303",130,0.0004833252779120348,0.00023272050267628578,0.0009639341630864467,0.003060871712886484,1.2123889260947467,7.995480699254238
"g37119005834",131,0.0,0.037340619307832425,0.006451612903225807,0.01661794877751175,"inf",0.2705390726919401
"g37119005812",131,0.058965830057453886,0.037340619307832425,0.030062817476796504,0.01661794877751175,0.30992981808359765,0.2705390726919401
"g37119005835",131,0.04028436018957346,0.037340619307832425,0.033806744691604856,0.01661794877751175,0.5101536298894064,0.2705390726919401
"g37109071201",132,0.006313131313131313,0.002188183807439825,0.01002614172698747,0.006675664694788037,0.9654351669026233,1.8545767571538805
"g37109071202",132,0.0,0.002188183807439825,0.008707300736771601,0.006675664694788037,"inf",1.8545767571538805
"g37119005518",133,0.008918617614269788,0.020466058763931105,0.009562959351499018,0.01399347812378527,0.6518217734266428,0.4156478650629288
"g37119005520",133,0.03431372549019608,0.020466058763931105,0.028386679153205845,0.01399347812378527,0.5028990488279629,0.4156478650629288
"g37071032507",134,0.015116279069767442,0.007821901323706379,0.017307349344989155,0.009805998039974234,0.6960168546500197,0.7621028170417197
"g37071032506",134,0.0,0.007821901323706379,0.008104738154613466,0.009805998039974234,"inf",0.7621028170417197
"g37179020800",135,0.0,0.0,0.008806262230919765,0.008806262230919765,"inf","inf"
"g37119006209",136,0.029587883057414582,0.020567242674680693,0.023057093221232384,0.00921809648446007,0.47372331491589764,0.2724578183967768
"g37119006406",136,0.012903225806451613,0.020567242674680693,0.011533355530131847,0.00921809648446007,0.5433647742159381,0.2724578183967768
"g37119006211",136,0.020504201680672268,0.020567242674680693,0.017743842948652902,0.00921809648446007,0.5260644055233682,0.2724578183967768
"g37119006212",136,0.0196078431372549,0.020567242674680693,0.020608917521708382,0.00921809648446007,0.638939084259652,0.2724578183967768
"g37097061401",137,0.022850924918389554,0.01079414032382421,0.02542723679107564,0.012500969782047512,0.6764403129540748,0.7040276946294236
"g37109071203",137,0.0,0.01079414032382421,0.0063321967851924016,0.012500969782047512,"inf",0.7040276946294236
"g37025040701",138,0.0,0.0,0.017857142857142856,0.006084846070478081,"inf","inf"
"g37159051400",138,0.0,0.0,0.0061622731941116055,0.006084846070478081,"inf","inf"
"g37071033303",139,0.021064950263311878,0.01165425704111363,0.020315578313939032,0.012015501255482692,0.5862769898433267,0.6267457510669712
"g37071032505",139,0.0,0.01165425704111363,0.009420289855072464,0.012015501255482692,"inf",0.6267457510669712
"g37097061601",140,0.0006839945280437756,0.002544529262086514,0.002046950707276813,0.004131149324158795,1.8192352182606086,0.9869554312428003
"g37097061502",140,0.004654771140418929,0.002544529262086514,0.008506410721830936,0.004131149324158795,1.1109182796798456,0.9869554312428003
"g37159050300",141,0.005733944954128441,0.018914185639229423,0.007989615374663042,0.019418689917784955,0.8470449369855528,0.6241175246569407
"g37159052000",141,0.039603960396039604,0.018914185639229423,0.04793254927457351,0.019418689917784955,0.7357427776188334,0.6241175246569407
"g37159051301",142,0.0,0.00544419698094531,0.01288404360753221,0.008987610203985358,"inf",1.0035626646671685
"g37159051902",142,0.007255936675461741,0.00544419698094531,0.011174210982615536,0.008987610203985358,0.9361759519008097,1.0035626646671685
"g37119005521",143,0.0026849642004773268,0.001139240506329114,0.004452321175587266,0.0033904549883058735,1.0080500223281672,1.8091586901463288
"g37025042602",143,0.0,0.001139240506329114,0.0066090493136756485,0.0033904549883058735,"inf",1.8091586901463288
"g37025042601",143,0.0,0.001139240506329114,0.006974041069352964,0.0033904549883058735,"inf",1.8091586901463288
"g45091060905",144,0.0041905602117335685,0.0041905602117335685,0.006825453092118924,0.006825453092118924,0.9901329169626365,0.9901329169626365
"g37025040702",145,0.0,0.0,0.006295907660020986,0.006295907660020986,"inf","inf"
"g37097060703",146,0.0,0.0,0.008513425016371971,0.005697172702463661,"inf","inf"
"g37097060702",146,0.0,0.0,0.007647058823529412,0.005697172702463661,"inf","inf"
"g45091061705",147,0.0,0.007459095283926853,0.006132075471698114,0.011025080185553055,"inf",0.8985240366929796
"g45091061701",147,0.015225933202357564,0.007459095283926853,0.02155866292730498,0.011025080185553055,0.8607400278457288,0.8985240366929796
"g37159051101",148,0.0,0.0,0.006392045454545454,0.006392045454545454,"inf","inf"
"g45091061007",149,0.019236460491269605,0.01673724541238153,0.02864405323704936,0.020369338989224023,0.9051976234555976,0.7398216724470789
"g45091061006",149,0.01139240506329114,0.01673724541238153,0.01827537962836852,0.020369338989224023,0.9751806758805223,0.7398216724470789
"g37179020312",150,0.0,0.002033760423022168,0.006422924901185771,0.004953870907353734,"inf",1.4807406231889548
"g37179020313",150,0.0,0.002033760423022168,0.013727560718057023,0.004953870907353734,"inf",1.4807406231889548
"g37119005712",150,0.0051387461459403904,0.002033760423022168,0.008198940026854272,0.004953870907353734,0.9699171606236118,1.4807406231889548
"g37179020901",151,0.0,0.0,0.006193425440686041,0.004584679601729201,"inf","inf"
"g37179020902",151,0.0,0.0,0.006559766763848396,0.004584679601729201,"inf","inf"
"g45023020500",152,0.0,0.0026329647182727752,0.012633624878522837,0.006589574664023044,"inf",1.5214106123987552
"g45091061900",152,0.0,0.0026329647182727752,0.007218212104386452,0.006589574664023044,"inf",1.5214106123987552
"g45023020601",152,0.010330578512396695,0.0026329647182727752,0.017453053808797504,0.006589574664023044,1.02702468613471,1.5214106123987552
"g45091061005",153,0.028607918263090677,0.024041937816341286,0.02642278573217996,0.01933844542671602,0.5614698553054958,0.48897447311558384
"g45091061008",153,0.012987012987012988,0.024041937816341286,0.016634186964265718,0.01933844542671602,0.7786215174762676,0.48897447311558384
"g37119003017",154,0.034013605442176874,0.03421461897356143,0.03620595857742251,0.022329688254890637,0.6470852171284022,0.39673914197001053
"g37119005815",154,0.0344180225281602,0.03421461897356143,0.026001738215866148,0.022329688254890637,0.4592514801763371,0.39673914197001053
"g45091060502",155,0.017077798861480076,0.048109965635738834,0.027362654567378623,0.033492467689766825,0.9740033067888236,0.4232005253027418
"g45091060501",155,0.05230288836846214,0.048109965635738834,0.06700828299071812,0.033492467689766825,0.7788196752811316,0.4232005253027418
"g45091060401",155,0.07173725151253241,0.048109965635738834,0.0633579976119012,0.033492467689766825,0.5368967901048792,0.4232005253027418
"g37119006103",156,0.0,0.006784041350347278,0.00683491062039958,0.010062799113917121,"inf",0.9017048677704573
"g37119006104",156,0.0097924924224761,0.006784041350347278,0.014194671108808272,0.010062799113917121,0.8811831579921651,0.9017048677704573
"g37119005816",157,0.017663817663817662,0.017663817663817662,0.017580752192687347,0.017580752192687347,0.6050440258489321,0.6050440258489321
"g37071031004",158,0.0,0.0,0.012392755004766444,0.004397722442532288,"inf","inf"
"g37071031003",158,0.0,0.0,0.006996770721205598,0.004397722442532288,"inf","inf"
"g37071033500",158,0.0,0.0,0.007392197125256674,0.004397722442532288,"inf","inf"
"g37071030205",158,0.0,0.0,0.010717230008244023,0.004397722442532288,"inf","inf"
"g37179020403",159,0.0,0.004647348277747403,0.005548442168160478,0.003984578815668716,"inf",0.5212082713290241
"g37179020404",159,0.000395882818685669,0.004647348277747403,0.0015815364739909812,0.003984578815668716,2.428547801398917,0.5212082713290241
"g37179020501",159,0.013485901103391908,0.004647348277747403,0.010342253281533908,0.003984578815668716,0.46619680906168326,0.5212082713290241
"g37071030204",160,0.006562756357670222,0.0029706646862235424,0.012243791722919896,0.007361086406720006,1.134132379197519,1.506337818639588
"g37071030102",160,0.0,0.0029706646862235424,0.008819538670284939,0.007361086406720006,"inf",1.506337818639588
"g37025041601",161,0.0,0.005963473723443906,0.004955947136563876,0.006338141627538961,"inf",0.6460955162115134
"g37179020204",161,0.01845444059976932,0.005963473723443906,0.0165842039115482,0.006338141627538961,0.5462957747459077,0.6460955162115134
"g37179020308",162,0.0,0.0,0.007582139848357203,0.007582139848357203,"inf","inf"
"g37119005826",163,0.060307692307692305,0.0453546969892751,0.05686106004247935,0.017773261959206935,0.5731606139137085,0.2382204111609946
"g37119005827",163,0.02460697197539303,0.0453546969892751,0.03332005219413755,0.017773261959206935,0.8231549537322396,0.2382204111609946
"g37119003108",163,0.06344086021505377,0.0453546969892751,0.028453195325370034,0.017773261959206935,0.2726440848240083,0.2382204111609946
"g37119005829",163,0.05834683954619125,0.0453546969892751,0.05397347037333579,0.017773261959206935,0.5623375754871358,0.2382204111609946
"g37119003106",163,0.017341040462427744,0.0453546969892751,0.016552530099732884,0.017773261959206935,0.5802609335873941,0.2382204111609946
"g37179021005",164,0.004837929366231253,0.008969907407407407,0.00820262461096502,0.01070923392653931,1.0306884541559087,0.7257792420849075
"g37179020502",164,0.01511879049676026,0.008969907407407407,0.02366791729048965,0.01070923392653931,0.9516496487621978,0.7257792420849075
"g37119005511",165,0.012757201646090535,0.0070246997507364605,0.015912789809636438,0.009287341115373132,0.7582719724956671,0.8037069583712448
"g37119005508",165,0.0,0.0070246997507364605,0.006555723651033787,0.009287341115373132,"inf",0.8037069583712448
"g37179020305",166,0.01717369970559372,0.009798432250839866,0.016571041244363965,0.010150695049003032,0.58657024847614,0.6297574071218208
"g37179020309",166,0.0,0.009798432250839866,0.00847457627118644,0.010150695049003032,"inf",0.6297574071218208
"g37119001923",167,0.03560830860534125,0.03450292397660819,0.044129372836400976,0.026779322743768187,0.7533737915839477,0.4718215639775756
"g37119001922",167,0.033783783783783786,0.03450292397660819,0.03360311248419128,0.026779322743768187,0.6046517504754175,0.4718215639775756
"g37119002904",168,0.018308921438082555,0.018308921438082555,0.013159993855488045,0.013159993855488045,0.4369452505320375,0.4369452505320375
"g37119005910",169,0.045912202980265805,0.032604209657449444,0.041861028864457944,0.02458291009924676,0.5542629695006083,0.4583462827169012
"g37119005911",169,0.018620397799407534,0.032604209657449444,0.024442835137562756,0.02458291009924676,0.7979886630293007,0.4583462827169012
"g37109070300",170,0.00364741641337386,0.002012072434607646,0.007892425587446326,0.006162173859131177,1.3154042645743877,1.8617631659502702
"g37109070201",170,0.0,0.002012072434607646,0.009723261032161555,0.006162173859131177,"inf",1.8617631659502702
"g45091060803",171,0.0,0.0,0.007863695937090432,0.0030505028661593275,"inf","inf"
"g45091060804",171,0.0,0.0,0.004903809883062995,0.0030505028661593275,"inf","inf"
"g45091060907",171,0.0,0.0,0.004063205417607223,0.0030505028661593275,"inf","inf"
"g37119001911",172,0.05460342766042248,0.03384900171889462,0.043224369457021385,0.017395791811584137,0.4812191022016136,0.31241540052956596
"g37119001916",172,0.037267080745341616,0.03384900171889462,0.02762923314442714,0.017395791811584137,0.4506896186679604,0.31241540052956596
"g37119001917",172,0.0,0.03384900171889462,0.006552419354838709,0.017395791811584137,"inf",0.31241540052956596
"g37119001921",172,0.04130052724077329,0.03384900171889462,0.043616058108505856,0.017395791811584137,0.6419850498283601,0.31241540052956596
"g37119006303",173,0.019514137793707687,0.014996429421566294,0.013811209551257767,0.009193506734164582,0.43024560738425965,0.37267256998335896
"g37119006407",173,0.008284023668639054,0.014996429421566294,0.010010320355259672,0.009193506734164582,0.7345827790008183,0.37267256998335896
"g37159051901",174,0.000500751126690035,0.000500751126690035,0.0009999817724629452,0.0009999817724629452,1.2139596350203656,1.2139596350203656
"g37119005710",175,0.0,0.0,0.006781429316640584,0.0044279326374880145,"inf","inf"
"g37119005716",175,0.0,0.0,0.0058165548098434005,0.0044279326374880145,"inf","inf"
"g45057011100",176,0.0,0.0,0.007894736842105263,0.006300681983874721,"inf","inf"
"g45057010400",176,0.0,0.0,0.010450160771704181,0.006300681983874721,"inf","inf"
"g37119002003",177,0.010684606252473288,0.009981429897864439,0.011043325982314884,0.009151103847585742,0.6283121638480178,0.5573330794571199
"g37119002004",177,0.008983717012914094,0.009981429897864439,0.0156460471112324,0.009151103847585742,1.0587237805890921,0.5573330794571199
"g37179021014",178,0.0,0.0,0.009752438109527382,0.0052678442151433335,"inf","inf"
"g37179021004",178,0.0,0.0,0.00602688919796013,0.0052678442151433335,"inf","inf"
"g37071031704",179,0.0,0.0,0.008637873754152824,0.008637873754152824,"inf","inf"
"g37119005621",180,0.00045310376076121433,0.005139500734214391,0.0009044853211035612,0.008318540525534997,1.213494895851404,0.9839211633329279
"g37119005619",180,0.010643959552953698,0.005139500734214391,0.01800198630432026,0.008318540525534997,1.028137758839446,0.9839211633329279
"g37097060602",181,0.0,0.0,0.0126953125,0.005794130573857622,"inf","inf"
"g37097060601",181,0.0,0.0,0.00604932526756631,0.005794130573857622,"inf","inf"
"g45057011201",182,0.002235136343316942,0.003934529430280139,0.004014224010952949,0.0050929304511328054,1.0917713206689055,0.7868809747476679
"g37119005825",182,0.007978723404255319,0.003934529430280139,0.014308868457478282,0.0050929304511328054,1.0901995015221548,0.7868809747476679
"g37119005908",183,0.0,0.0,0.017473118279569894,0.005027229515540682,"inf","inf"
"g37071033307",183,0.0,0.0,0.014099783080260303,0.005027229515540682,"inf","inf"
"g45091061707",183,0.0,0.0,0.005214368482039397,0.005027229515540682,"inf","inf"
"g45057011001",184,0.0,0.0,0.0079155672823219,0.005489147913763787,"inf","inf"
"g45057011002",184,0.0,0.0,0.007340485601355167,0.005489147913763787,"inf","inf"
"g37119005907",185,0.01639344262295082,0.028479095132296506,0.018153643469283245,0.0184886924948184,0.6731746210494091,0.39465182065509447
"g37119005912",185,0.038112522686025406,0.028479095132296506,0.029822234557693453,0.0184886924948184,0.47567090002284246,0.39465182065509447
"g37179021011",186,0.0,0.006743940990516333,0.007159904534606205,0.00980943377835827,"inf",0.8842280258037611
"g37179020317",186,0.014343343792021516,0.006743940990516333,0.019202361216649217,0.00980943377835827,0.8138386754244757,0.8842280258037611
"g37119003016",187,0.018893387314439947,0.018893387314439947,0.01788905572804984,0.01788905572804984,0.5755879415755506,0.5755879415755506
"g37119001508",188,0.01064891846921797,0.01969954648526077,0.011234478807819961,0.014872238836664857,0.6413299547397223,0.45893821360349535
"g37119005620",188,0.02601251234771156,0.01969954648526077,0.029830978327430892,0.014872238836664857,0.6971388648409651,0.45893821360349535
"g37119005617",188,0.027613412228796843,0.01969954648526077,0.04024065545664241,0.014872238836664857,0.8858885070133611,0.45893821360349535
"g37025041501",189,0.0036275695284159614,0.0036275695284159614,0.006762680283382955,0.006762680283382955,1.1332799583298285,1.1332799583298285
"g45023020200",190,0.04061470911086718,0.027347310847766638,0.04860112380427216,0.02082711755282395,0.727439805893238,0.46296551074869036
"g45023020100",190,0.07782672540381791,0.027347310847766638,0.07200922653854766,0.02082711755282395,0.5624623877129203,0.46296551074869036
"g45023020602",190,0.0,0.027347310847766638,0.007651559741024132,0.02082711755282395,"inf",0.46296551074869036
"g37119006214",191,0.018109540636042403,0.009521597770552717,0.017526330446622017,0.009735663078061918,0.5883254819653384,0.6215696525188616
"g37119006215",191,0.0,0.009521597770552717,0.006366307541625857,0.009735663078061918,"inf",0.6215696525188616
"g37109070400",192,0.0,0.0041285756414037155,0.006600660066006601,0.005227353477015591,"inf",0.7696897803108932
"g37071030601",192,0.0,0.0041285756414037155,0.011754068716094032,0.005227353477015591,"inf",0.7696897803108932
"g37109070100",192,0.023411371237458192,0.0041285756414037155,0.023712258083086753,0.005227353477015591,0.6157156028521875,0.7696897803108932
"g37071030700",192,0.0,0.0041285756414037155,0.008736559139784947,0.005227353477015591,"inf",0.7696897803108932
"g37109070800",192,0.0,0.0041285756414037155,0.005886200130804447,0.005227353477015591,"inf",0.7696897803108932
"g37119005841",193,0.0,0.0,0.006376195536663124,0.006376195536663124,"inf","inf"
"g37025041303",194,0.004824702476680605,0.004824702476680605,0.008026674307427466,0.008026674307427466,1.0113446979449643,1.0113446979449643
"g37119005847",195,0.0037400654511453952,0.0037400654511453952,0.006066184368307443,0.006066184368307443,0.9859854379794545,0.9859854379794545
"g37159051802",196,0.0,0.0,0.006885593220338983,0.005632590781510489,"inf","inf"
"g37159051202",196,0.0,0.0,0.00944767441860465,0.005632590781510489,"inf","inf"
"g37109071102",197,0.00878293601003764,0.008555926544240401,0.01374809580534143,0.009551484189891801,0.951561646275043,0.6786375897095633
"g37109071101",197,0.008329862557267805,0.008555926544240401,0.01326581919714847,0.009551484189891801,0.9681225499195585,0.6786375897095633
"g45091061301",198,0.0,0.0,0.006256015399422522,0.0047211574125397655,"inf","inf"
"g45091061403",198,0.0,0.0,0.006857142857142857,0.0047211574125397655,"inf","inf"
"g37119005515",199,0.008849557522123894,0.0068762278978389,0.015676113508565067,0.007565304291641168,1.0768394081871444,0.668821517055207
"g37119005516",199,0.0,0.0068762278978389,0.01662404092071611,0.007565304291641168,"inf",0.668821517055207
"g37119005517",199,0.008358996920369555,0.0068762278978389,0.010072102409019089,0.007565304291641168,0.7324872428635543,0.668821517055207
"g37097060901",200,0.0,0.0,0.008928571428571428,0.0064349934584705054,"inf","inf"
"g37097060801",200,0.0,0.0,0.009279086366880799,0.0064349934584705054,"inf","inf"
"g45091060906",201,0.004704134686803664,0.004704134686803664,0.007417509330429148,0.007417509330429148,0.9585448787587051,0.9585448787587051
"g37119005614",202,0.020822488287350338,0.01821078989301161,0.01965308031364012,0.01746083314500489,0.5737624207067276,0.5828680851520248
"g37119005615",202,0.0,0.01821078989301161,0.023593466424682397,0.01746083314500489,"inf",0.5828680851520248
"g37119005401",203,0.030962912555290916,0.01956147893379192,0.029708987459477157,0.019040164660462017,0.5832841053034729,0.5917021009417102
"g37119005403",203,0.0,0.01956147893379192,0.007589025102159954,0.019040164660462017,"inf",0.5917021009417102
"g37179020310",204,0.0,0.0,0.006401137980085348,0.006401137980085348,"inf","inf"
"g37159051700",205,0.0,0.0,0.005565862708719851,0.005565862708719851,"inf","inf"
"g37119005917",206,0.03356367226061204,0.03356367226061204,0.03442759330646295,0.03442759330646295,0.6235500092874481,0.6235500092874481
"g37119001100",207,0.026455026455026454,0.02139615301491247,0.029821385821765474,0.015240402788971343,0.6852573763299301,0.43300693073329277
"g37119002400",207,0.021310602024507193,0.02139615301491247,0.027619670078332704,0.015240402788971343,0.7878741753348097,0.43300693073329277
"g37119001000",207,0.017945544554455444,0.02139615301491247,0.020919680199853106,0.015240402788971343,0.7086511519329761,0.43300693073329277
"g37119005842",208,0.007442489851150203,0.007442489851150203,0.011142243027485092,0.011142243027485092,0.9100986567904373,0.9100986567904373
"g45023020800",209,0.0,0.0,0.006240998559769563,0.006240998559769563,"inf","inf"
"g37119005817",210,0.012524084778420038,0.012524084778420038,0.01876284074950755,0.01876284074950755,0.910723810988489,0.910723810988489
"g37109070600",211,0.0,0.0,0.006925945657964837,0.005856889554268951,"inf","inf"
"g37109070700",211,0.0,0.0,0.010301109350237718,0.005856889554268951,"inf","inf"
"g37119005846",212,0.002828054298642534,0.006745961299485176,0.005647764369424268,0.006961891269054903,1.214011842570469,0.6273609585440133
"g37119005823",212,0.008538163001293661,0.006745961299485176,0.009807790524341116,0.006961891269054903,0.6982980634904378,0.6273609585440133
"g37119003105",213,0.02012072434607646,0.015513307984790874,0.012956593999178959,0.009272771460272701,0.39145454210285363,0.36336177573927536
"g37119003011",213,0.024143302180685357,0.015513307984790874,0.02084182236924207,0.009272771460272701,0.5247749764115467,0.36336177573927536
"g37119002906",213,0.0,0.015513307984790874,0.0064388311045071814,0.009272771460272701,"inf",0.36336177573927536
"g37119006107",214,0.003673469387755102,0.007966260543580132,0.0056952278455811405,0.009685690388451,0.9424726931221746,0.7391118644360606
"g37119006106",214,0.013751375137513752,0.007966260543580132,0.021410326196942258,0.009685690388451,0.9464795872593562,0.7391118644360606
"g37119005714",215,0.02885936784241869,0.020309994655264563,0.027696937338134366,0.017001531452839322,0.5834169364514625,0.5088764253441429
"g37119005713",215,0.008338678640153944,0.020309994655264563,0.012716906046176146,0.017001531452839322,0.9270823720359417,0.5088764253441429
"g37179020311",216,0.007978723404255319,0.007978723404255319,0.009080631841696362,0.009080631841696362,0.6918576641292467,0.6918576641292467
"g37119002200",217,0.006669282071400549,0.003919007184846506,0.010184842542446698,0.005516615544584934,0.9283448467976626,0.8557181761661129
"g37119002905",217,0.0064995357474466105,0.003919007184846506,0.011098554026923975,0.005516615544584934,1.0380497339988817,0.8557181761661129
"g37119002702",217,0.0,0.003919007184846506,0.007205764611689352,0.005516615544584934,"inf",0.8557181761661129
"g37119005916",218,0.04261954261954262,0.043175921120913334,0.059505260015800095,0.017993052624500388,0.8487517256312505,0.25333624917737496
"g37119005913",218,0.027769012306721363,0.043175921120913334,0.02795118014977237,0.017993052624500388,0.6118906458595513,0.25333624917737496
"g37119003806",218,0.05456132693147097,0.043175921120913334,0.028373992454243494,0.017993052624500388,0.3161328472348783,0.25333624917737496
"g37119005915",218,0.04013015184381779,0.043175921120913334,0.046733891872492425,0.017993052624500388,0.7079380318152964,0.25333624917737496
"g37119003007",219,0.0,0.0,0.005958291956305858,0.005958291956305858,"inf","inf"
