"TID","RID","t_avghmvalE","r_avghmvalE","t_avghmvalM","r_avghmvalM","t_avghmvalCV","r_avghmvalCV"
"g37179021010",10,493819.0232558139,434605.45864661655,98930.70985416295,40396.405654060356,0.12178601131028581,0.056504319067827796
"g37119006403",29,393558.2061068702,388539.1617933723,97905.48245558828,31838.577460487486,0.15122797514515068,0.04981417637621774
"g45023020700",23,199689.0243902439,196028.6370949207,96269.59540495525,14107.15378624665,0.29306843767127094,0.04374757435825556
"g37119005613",53,178584.26229508198,151493.9259855189,96264.06576150915,23716.05259177891,0.32768390764510874,0.09516588307745168
"g37097061408",35,248108.5489313836,389924.5338799322,96153.62655772913,18053.556012007288,0.2355906431698398,0.028145974753427658
"g37119006405",19,256584.95460440987,237521.0571004033,95770.34650294746,25479.394453668876,0.22689972494549168,0.06521103340454172
"g37071032402",27,354924.7782002535,278176.98995783157,95619.48397965937,20217.465259313994,0.16377370489330884,0.04418141284487982
"g37119006204",29,592827.5458447132,388539.1617933723,95076.89132718826,31838.577460487486,0.0974946301528604,0.04981417637621774
"g45091061708",27,381203.2967032967,278176.98995783157,94698.68029949423,20217.465259313994,0.15101544846557283,0.04418141284487982
"g45023020500",5,160705.75815738965,137662.12035731078,93683.66173081365,10213.531450121045,0.35437780759467447,0.045101976434511165
"g37119000500",6,283111.0966057441,245008.2085080887,92860.12286185933,47884.256184936516,0.19939141697080046,0.1188081432146318
"g37097061204",35,451409.7664543524,389924.5338799322,92047.88256483994,18053.556012007288,0.12395868182781747,0.028145974753427658
"g37119005915",83,200533.17535545025,111683.24468085106,91032.68887501764,0.0,0.27595942912999827,0.0
"g37119006107",67,191602.21579961464,215223.0994779375,89780.07500287466,12771.055738183471,0.2848482360471044,0.036072149030900426
"g37025040701",75,196837.1571072319,147200.99657427592,89770.99201140017,26984.45866032041,0.27724456306866385,0.11143896182115598
"g37119003400",33,446981.6199376947,848206.8842427332,89694.54370267832,80318.17415813085,0.12198613108402914,0.057563359474131826
"g45091060901",44,167003.74531835207,134725.93537414967,89276.02349317312,21698.157713926623,0.32496959153922117,0.0979051983890647
"g37097061302",76,213143.58333333334,179133.94991820812,88025.88357733433,18895.242386946946,0.2510569381920605,0.06412223669149617
"g37119005709",11,249562.86956521738,213622.03894332136,84389.36303097742,9102.921853819611,0.20556152735487704,0.02590412077292777
"g37119006404",35,525566.5246500304,389924.5338799322,84149.529652363,18053.556012007288,0.09733254854086573,0.028145974753427658
"g37119005301",90,138497.85407725323,89333.89232127096,83696.64638058683,0.0,0.36736612730309764,0.0
"g37119002400",14,337207.4780058651,600332.8295042322,83102.53435357369,112462.55304103845,0.14981357550089566,0.1138806513354051
"g37119001702",89,181126.7605633803,146356.82158920538,82936.88688280708,27733.622084216066,0.27835511582198297,0.1151934330698099
"g37109071202",35,471394.03594771243,389924.5338799322,81942.88566898662,18053.556012007288,0.10567232624803917,0.028145974753427658
"g37071031701",5,195784.96993987975,137662.12035731078,80093.32777018413,10213.531450121045,0.24868585707439503,0.045101976434511165
"g37109071201",43,375371.7455621302,178649.7228870135,79884.72667376004,11163.733362276254,0.12937080227469686,0.03798754311143287
"g37097061205",35,335073.3128834356,389924.5338799322,79884.02792919248,18053.556012007288,0.14492863871491196,0.028145974753427658
"g37025041602",66,254470.9711846318,183747.37978327126,79603.45193921057,9182.186732882843,0.19016375804585858,0.03037799200155787
"g37119005710",30,151616.4736164736,128875.23277467412,79208.23684025496,10011.113242829506,0.3175835890766067,0.04722228620126358
"g37119000600",6,258938.37535014006,245008.2085080887,78579.72282775331,47884.256184936516,0.18447952491447303,0.1188081432146318
"g45091061707",23,360439.7345823575,196028.6370949207,76984.95889459763,14107.15378624665,0.1298396447977758,0.04374757435825556
"g37119005843",7,332471.1693548387,248748.89682585403,76976.45249153257,15519.489053538315,0.14074662814910877,0.03792716257463497
"g37119006304",35,339262.6131953428,389924.5338799322,76812.30584179831,18053.556012007288,0.13763500318024136,0.028145974753427658
"g37179021007",20,561756.9155446757,521332.74932614557,76055.61460637602,39680.793289073976,0.082303243439843,0.046269993244985784
"g37097061407",35,411116.7189952904,389924.5338799322,75224.56532985318,18053.556012007288,0.11123171822653925,0.028145974753427658
"g37179021006",20,512622.15189873416,521332.74932614557,75068.8892318989,39680.793289073976,0.08902187108119793,0.046269993244985784
"g37119005911",27,343441.13263785397,278176.98995783157,73937.00865750572,20217.465259313994,0.13087107381976393,0.04418141284487982
"g37119005617",30,176855.8419243986,128875.23277467412,73124.38770209592,10011.113242829506,0.251348866040995,0.04722228620126358
"g37119001701",89,194429.6577946768,146356.82158920538,72792.61790717904,27733.622084216066,0.2275930125909405,0.1151934330698099
"g37119006103",8,321776.35619242577,162024.65897166842,72263.10557981412,12084.014077370293,0.13652009762932069,0.04533819272220389
"g37097061104",76,195724.72783825817,179133.94991820812,71796.16861576955,18895.242386946946,0.22299219820852856,0.06412223669149617
"g37119002906",38,406398.01084990957,335366.18217054266,71310.53473304668,45747.0236916144,0.10666850718085853,0.08292350965734585
"g37119002004",79,325757.56422454806,359019.96383363474,70901.98321122104,45606.95589824492,0.1323116153986955,0.07722298491473288
"g37025041200",52,277668.7876758205,208236.95740365112,70684.1561752109,34107.904289346145,0.15474944900897847,0.09957064576966118
"g37119000900",2,162767.29559748428,287578.95870736084,70306.64539335966,38628.31840345732,0.26258101731029315,0.08165500192776301
"g37025041301",35,287624.2122719735,389924.5338799322,69462.4241856289,18053.556012007288,0.14681099809950865,0.028145974753427658
"g37119005511",13,163767.1031096563,187488.57664233577,69071.87614506995,28980.252718739226,0.25639448742580384,0.09396399087618125
"g37179021005",22,223654.03348554033,220101.10255773528,68672.07904288213,14556.601997542422,0.18665411062044712,0.04020424283188959
"g37119002904",81,502737.09288299154,540915.2451481103,68378.10175347902,46243.29194511815,0.08268185438660751,0.05197010793649669
"g37119003013",84,452192.35511713935,346946.8023255814,68356.6460285766,25393.323784532004,0.09189494613165611,0.04449290464752696
"g37179021004",22,302132.64427217917,220101.10255773528,67780.906457485,14556.601997542422,0.13637784342587944,0.04020424283188959
"g37119005815",63,382416.08315098466,340390.66147859924,67526.78559379533,28846.352272362485,0.10734307340831846,0.051516620289143
"g37119003102",45,265188.2494004796,214845.92703648176,67301.87667541855,32687.494157392408,0.1542790641438963,0.09248868429133274
"g37179020601",54,210665.99394550957,177658.99424568427,67291.15748252998,23698.67816255215,0.19417694306830063,0.08109069481899421
"g37159051301",40,171046.17886178862,150331.71447933136,66557.0149319751,16912.649116184373,0.23654542718959218,0.06839039718892784
"g37119005912",48,181015.95744680852,171498.6346396966,66416.14561376681,18837.577581738842,0.22304418446632043,0.06677263039070074
"g37159051501",75,170731.18421052632,147200.99657427592,66189.99086732167,26984.45866032041,0.23567502738968507,0.11143896182115598
"g37025040800",75,154743.34600760456,147200.99657427592,66073.32774107698,26984.45866032041,0.2595662929476261,0.11143896182115598
"g37119001915",56,134750.93984962406,205013.0603448276,66055.13209670153,27089.829295125193,0.29799491969648506,0.08032649874463518
"g37119005840",74,267273.99380804953,337719.8886519782,66006.73522965114,19034.744769793117,0.1501293647763554,0.03426293151544846
"g37179021012",10,354532.4457593688,434605.45864661655,64860.01057266512,40396.405654060356,0.11121288989861529,0.056504319067827796
"g37119006209",19,216581.57894736843,237521.0571004033,64572.11734697373,25479.394453668876,0.18124148400365503,0.06521103340454172
"g37097061402",35,322414.1406816534,389924.5338799322,63387.402703870765,18053.556012007288,0.11951515346816022,0.028145974753427658
"g37109071203",35,492600.9084556254,389924.5338799322,63272.31250168156,18053.556012007288,0.07808229987986398,0.028145974753427658
"g37097061403",17,257967.64705882352,209080.13750954927,63211.62154261326,25828.402059786426,0.1489586701789848,0.07509635517926831
"g37119003016",0,364689.0380313199,265925.935100322,62968.9250679691,21297.852335952863,0.1049633463371309,0.04868657392045475
"g37119006009",46,191834.14304993252,129664.34724983433,62371.25493076137,15585.203780375194,0.19764811357379167,0.07306779553003334
"g37119003007",81,568948.6271036315,540915.2451481103,62151.531702126544,46243.29194511815,0.06640685000585918,0.05197010793649669
"g37119005841",74,446108.8326127239,337719.8886519782,61812.97822129482,19034.744769793117,0.08423119159938117,0.03426293151544846
"g37179021008",10,450267.53846153844,434605.45864661655,60900.41831340826,40396.405654060356,0.08222118568907726,0.056504319067827796
"g37119005834",63,219413.10824230386,340390.66147859924,60679.72315425425,28846.352272362485,0.16811834987497226,0.051516620289143
"g37179021011",10,384699.0885416667,434605.45864661655,60514.09622933159,40396.405654060356,0.0956245692635874,0.056504319067827796
"g37071032302",18,170931.5120711563,138098.33863556027,60367.58795491098,15490.440540966794,0.21469196295304555,0.06818822929339884
"g37119001400",2,228763.8691322902,287578.95870736084,60053.140554943464,38628.31840345732,0.15958144334998536,0.08165500192776301
"g37119003108",45,173674.1935483871,214845.92703648176,59889.47523042386,32687.494157392408,0.2096280113937744,0.09248868429133274
"g45091061008",7,271412.23103057756,248748.89682585403,59605.4798666912,15519.489053538315,0.13350295278838625,0.03792716257463497
"g37119000700",6,103583.96946564886,245008.2085080887,59396.40068717438,47884.256184936516,0.34857936654245014,0.1188081432146318
"g37119005812",37,240525.13089005236,181483.76264949402,59232.18352429608,27697.031782507456,0.14970330237220783,0.09277469863825015
"g37159051204",94,205543.21148825064,166947.09158415842,59209.00748264978,32877.534575563666,0.1751131421856253,0.1197166300854928
"g37119003300",80,248452.72459499264,242939.1771019678,59208.53717196017,45952.91121402942,0.14486873417931,0.1149872193003084
"g37179020404",4,109599.27272727272,169713.50233728875,58932.34216641266,18489.834086142364,0.32687381151883854,0.06622938402815329
"g37119002002",79,379415.98599766626,359019.96383363474,58861.28751324902,45606.95589824492,0.09430793382080588,0.07722298491473288
"g37119006303",19,292216.0714285714,237521.0571004033,58449.01853222166,25479.394453668876,0.12159262179854091,0.06521103340454172
"g37119001801",89,142942.58373205742,146356.82158920538,58040.18750106773,27733.622084216066,0.2468318945499491,0.1151934330698099
"g37109070400",43,169012.28985507245,178649.7228870135,57871.199699058845,11163.733362276254,0.20815090214739654,0.03798754311143287
"g37119003008",84,304325.42262678803,346946.8023255814,57454.28609360899,25393.323784532004,0.11476733486349919,0.04449290464752696
"g37071033100",69,124708.57142857143,116397.17791411043,57130.0200917053,18478.32329615359,0.27848523239935585,0.09650597618977828
"g37071032505",39,144886.0197368421,140700.90692124105,56983.956941281096,24449.014152654472,0.23908934326919815,0.10563274189497449
"g37097061601",17,136414.92537313432,209080.13750954927,56923.234790762224,25828.402059786426,0.2536657191411323,0.07509635517926831
"g37119005816",74,422286.5040650407,337719.8886519782,56875.74029990022,19034.744769793117,0.0818754987019799,0.03426293151544846
"g45057011100",64,173800.32930845226,134389.23400105035,56751.932285089,11098.192841570228,0.1985016658013593,0.05020210017817244
"g45091061103",32,276604.45859872614,190766.25570776255,56547.164496736346,22524.52538050824,0.12427556721248119,0.07177747733870558
"g45057011202",22,275583.56462585035,220101.10255773528,56297.23669443628,14556.601997542422,0.1241846342963533,0.04020424283188959
"g37119003902",91,103680.31358885017,78305.92105263157,56217.611493374636,0.0,0.3296174426046179,0.0
"g37119001200",88,255656.08820709493,194370.6598034628,56128.292633676836,31381.850796559913,0.13346266413501,0.09814811024218771
"g37119000800",6,115397.20670391062,245008.2085080887,56113.28359658,47884.256184936516,0.29560003724586426,0.1188081432146318
"g37071031900",26,104768.32740213523,93151.86408683342,56082.69449411532,15418.589779340398,0.32541154608509265,0.10062066924003651
"g37097061405",35,342737.7819548872,389924.5338799322,55898.828310282275,18053.556012007288,0.09914591397169409,0.028145974753427658
"g37119005906",48,187946.94357366773,171498.6346396966,55818.251844024315,18837.577581738842,0.18054067464517354,0.06677263039070074
"g37119001607",89,129373.07692307692,146356.82158920538,55744.264453902135,27733.622084216066,0.2619330981328105,0.1151934330698099
"g37071032702",55,271229.490022173,168146.43246187363,55695.828031197896,26495.049376315183,0.12483025432376593,0.09578801499920331
"g37119005307",90,95012.1359223301,89333.89232127096,55655.44577665514,0.0,0.3560923813377497,0.0
"g37119004900",92,94772.72727272728,94296.61908339594,55374.27408809289,18063.051736099194,0.35518839297574756,0.11644721379954256
"g37119005847",74,366782.21083455347,337719.8886519782,55121.14946539165,19034.744769793117,0.0913574774281115,0.03426293151544846
"g37025041100",52,192684.99226405364,208236.95740365112,55002.27853617764,34107.904289346145,0.17352693217789428,0.09957064576966118
"g45091061006",27,292534.4325897187,278176.98995783157,54876.09841366991,20217.465259313994,0.11403556855627707,0.04418141284487982
"g37119005838",7,256763.31967213115,248748.89682585403,54445.21421293074,15519.489053538315,0.12890234750267143,0.03792716257463497
"g37119003011",38,399682.50123578846,335366.18217054266,54113.385535004534,45747.0236916144,0.0823045166990204,0.08292350965734585
"g37097061201",76,216940.2489626556,179133.94991820812,53875.13926564983,18895.242386946946,0.1509671197253338,0.06412223669149617
"g37119003600",70,127369.74789915966,156333.65300784656,53853.95295217469,0.0,0.25703093442871555,0.0
"g37119005908",27,795165.5660377359,278176.98995783157,533812.092692627,20217.465259313994,0.4080984455112702,0.04418141284487982
"g37109071002",43,180319.06614785994,178649.7228870135,53264.14142086174,11163.733362276254,0.17956735229855716,0.03798754311143287
"g37025041502",11,249983.05177111717,213622.03894332136,52913.20379742692,9102.921853819611,0.12867304846439304,0.02590412077292777
"g37119004100",70,183725.54179566563,156333.65300784656,52464.30131584752,0.0,0.1735914994592299,0.0
"g37119002100",71,213281.59292035399,443398.0459770115,52247.53321708929,68152.38111470749,0.14891776610516946,0.09343753156021753
"g37119003018",84,242300.78125,346946.8023255814,52032.815914258405,25393.323784532004,0.1305439089800202,0.04449290464752696
"g37119005615",11,202214.93902439025,213622.03894332136,51821.19599647126,9102.921853819611,0.1557859521079491,0.02590412077292777
"g37097061203",17,240314.8598130841,209080.13750954927,51684.971810067116,25828.402059786426,0.13074279208218162,0.07509635517926831
"g37025042504",11,289094.7368421053,213622.03894332136,51167.66677442888,9102.921853819611,0.10759436489327931,0.02590412077292777
"g37025042401",66,239301.13402061857,183747.37978327126,51055.18913437325,9182.186732882843,0.12969679089261008,0.03037799200155787
"g37119005706",11,209591.34790528234,213622.03894332136,50912.18394383651,9102.921853819611,0.14766666755202307,0.02590412077292777
"g45091061801",50,110067.11538461539,145672.0638336023,50711.042932530676,16228.215915929855,0.280078037969659,0.06772181699751527
"g37119005712",16,224628.74149659864,261622.5780448483,50357.188485077066,12832.051710119711,0.13627941122471515,0.029816384334082877
"g37179020602",54,201605.75793184488,177658.99424568427,50152.26770978596,23698.67816255215,0.1512243551384029,0.08109069481899421
"g37119005713",16,278167.69662921346,261622.5780448483,50077.68188399346,12832.051710119711,0.10943887509870429,0.029816384334082877
"g37025042101",3,102487.14285714286,132592.64870931537,49912.811594069026,22925.138778666555,0.29605796260643874,0.10510578612280104
"g37025042503",11,232174.01285583104,213622.03894332136,49888.88817438711,9102.921853819611,0.13062440202644077,0.02590412077292777
"g37025041701",66,216480.42142230025,183747.37978327126,49841.893540757585,9182.186732882843,0.1399619569749728,0.03037799200155787
"g45091061601",50,176049.6644295302,145672.0638336023,49536.042355360354,16228.215915929855,0.17104886711560757,0.06772181699751527
"g37159052000",40,126692.22462203023,150331.71447933136,49363.14655328204,16912.649116184373,0.2368574071157745,0.06839039718892784
"g45091061104",22,242485.42510121458,220101.10255773528,49334.45485254997,14556.601997542422,0.12367980487826107,0.04020424283188959
"g37071031202",18,113803.82775119618,138098.33863556027,49307.03605468331,15490.440540966794,0.2633820205559508,0.06818822929339884
"g37119005715",11,218480.12738853504,213622.03894332136,49274.17890667337,9102.921853819611,0.13710129387047068,0.02590412077292777
"g37071030902",61,121666.1316211878,154219.56724782067,49240.706162317896,28890.075886608833,0.24603034203711052,0.11387890963181535
"g37071031201",18,154356.97940503433,138098.33863556027,49119.39683737631,15490.440540966794,0.1934464889226633,0.06818822929339884
"g37025041902",3,144037.30017761988,132592.64870931537,49013.53190155214,22925.138778666555,0.20685933494852907,0.10510578612280104
"g37071032502",27,283968.54034451494,278176.98995783157,48902.643589325766,20217.465259313994,0.10468783189191759,0.04418141284487982
"g37119005714",16,278257.70392749243,261622.5780448483,48842.48266200726,12832.051710119711,0.10670496594633667,0.029816384334082877
"g37071032508",27,232314.89841986456,278176.98995783157,48743.75643446816,20217.465259313994,0.12754869825241671,0.04418141284487982
"g37159050500",40,219113.62275449102,150331.71447933136,48736.521548280645,16912.649116184373,0.13521324871793727,0.06839039718892784
"g37119003204",38,285129.01744719927,335366.18217054266,48370.41106315381,45747.0236916144,0.10312701761759414,0.08292350965734585
"g37097060200",76,91602.7950310559,179133.94991820812,48281.242360895376,18895.242386946946,0.3204083379506555,0.06412223669149617
"g37119005515",86,188205.14705882352,170101.72674293115,48159.94020768776,0.0,0.1555566351626945,0.0
"g37179020203",11,284218.40215439856,213622.03894332136,48143.37170154116,9102.921853819611,0.10297182425457897,0.02590412077292777
"g37179020204",66,230207.26577437858,183747.37978327126,48073.252629538736,9182.186732882843,0.12694587063779436,0.03037799200155787
"g37109071101",35,207371.73913043478,389924.5338799322,47987.99088337674,18053.556012007288,0.14067505560048854,0.028145974753427658
"g37159051801",85,160528.51063829788,166966.8234661649,47765.39092681977,9755.682237854939,0.18088196105576704,0.03551906777977631
"g37119001100",2,275543.0894308943,287578.95870736084,47724.68938726224,38628.31840345732,0.105290135536694,0.08165500192776301
"g37179021015",22,241058.74125874127,220101.10255773528,47642.93849314867,14556.601997542422,0.12014612077114101,0.04020424283188959
"g37119003103",38,214260.4501607717,335366.18217054266,47632.184916636725,45747.0236916144,0.1351426989437675,0.08292350965734585
"g37119006104",8,171607.47035573123,162024.65897166842,47336.146258882116,12084.014077370293,0.16768368382857532,0.04533819272220389
"g37119005827",83,99621.7277486911,111683.24468085106,46845.7175179665,0.0,0.2858577187136289,0.0
"g37179020902",22,218596.4902186421,220101.10255773528,46800.88976146019,14556.601997542422,0.1301502548567245,0.04020424283188959
"g37071032100",26,108198.04469273743,93151.86408683342,46632.644723793215,15418.589779340398,0.26200207568078193,0.10062066924003651
"g45091061005",7,247445.15212981743,248748.89682585403,46592.77773039207,15519.489053538315,0.1144652736008844,0.03792716257463497
"g37097060300",76,122213.31923890063,179133.94991820812,46456.26035849757,18895.242386946946,0.2310786412790307,0.06412223669149617
"g37071032703",55,147725.53191489363,168146.43246187363,46431.38433227716,26495.049376315183,0.1910689722058165,0.09578801499920331
"g45057011201",7,234150.8597285068,248748.89682585403,46427.2218956259,15519.489053538315,0.12053440772172964,0.03792716257463497
"g37119005824",83,124678.26086956522,111683.24468085106,46330.59851351854,0.0,0.22589742093107873,0.0
"g45091060906",27,249653.71179039302,278176.98995783157,46311.275644894515,20217.465259313994,0.11276720442093147,0.04418141284487982
"g37119006210",29,276250.27829313546,388539.1617933723,46046.481754415654,31838.577460487486,0.10132761637194282,0.04981417637621774
"g37071033306",23,187468.8796680498,196028.6370949207,45524.175262928424,14107.15378624665,0.14762061162127244,0.04374757435825556
"g37071030801",5,116822.58064516129,137662.12035731078,45518.19197833711,10213.531450121045,0.23686031646166708,0.045101976434511165
"g37179020401",4,227401.87424425635,169713.50233728875,45507.16033666645,18489.834086142364,0.12165215149729978,0.06622938402815329
"g37071031102",18,122680.48780487805,138098.33863556027,45487.97506931062,15490.440540966794,0.22540067271174127,0.06818822929339884
"g37071031101",18,169532.38993710693,138098.33863556027,45321.09886334802,15490.440540966794,0.1625106564470657,0.06818822929339884
"g37097060601",1,154400.49019607843,151148.18210559594,45120.783987819406,28071.575965669366,0.1776487107137964,0.11290104573770997
"g37119005825",47,162329.20792079208,242718.93905191874,44902.08186506058,40503.59365110722,0.16815272339363688,0.10144344515013506
"g45091060102",68,207817.76,137316.5536723164,44816.44603226326,22327.22032064135,0.1310958223262221,0.098842986860925
"g37119005831",15,212578.320802005,280568.74039938557,44754.999597041104,51420.06923479028,0.12798429577619827,0.11141084607692399
"g37119005605",53,141927.7372262774,151493.9259855189,44745.83757967858,23716.05259177891,0.1916546941514772,0.09516588307745168
"g45091061004",7,283168.9075630252,248748.89682585403,44578.00988584977,15519.489053538315,0.09569939859834471,0.03792716257463497
"g37119005514",13,212646.35958395246,187488.57664233577,44313.080039415516,28980.252718739226,0.1266800082063817,0.09396399087618125
"g37179020317",22,219287.28211749517,220101.10255773528,44074.5121883457,14556.601997542422,0.12218226369148896,0.04020424283188959
"g37071030802",61,132731.70731707316,154219.56724782067,43785.85068779214,28890.075886608833,0.20053639744456075,0.11387890963181535
"g37119003006",84,323147.1188913202,346946.8023255814,43690.96641944118,25393.323784532004,0.0821912263889682,0.04449290464752696
"g37119006302",67,279672.55717255716,215223.0994779375,43682.562266372624,12771.055738183471,0.09494942716783848,0.036072149030900426
"g37119005833",63,307384.1997264022,340390.66147859924,43576.28781250961,28846.352272362485,0.08617926552650917,0.051516620289143
"g37119003017",63,334253.67965367966,340390.66147859924,43440.68065718149,28846.352272362485,0.07900498996316327,0.051516620289143
"g45091061404",27,265184.13001912046,278176.98995783157,43400.23302520645,20217.465259313994,0.0994898162954262,0.04418141284487982
"g37025041501",11,286460.3422053232,213622.03894332136,43015.5084513847,9102.921853819611,0.09128399784029338,0.02590412077292777
"g37119005200",90,88184.97409326425,89333.89232127096,42933.21927894829,0.0,0.2959599604640887,0.0
"g37119005510",21,140201.35275754423,126329.36664475127,42923.54009990851,14043.650732462434,0.18611330727940362,0.06757869467954192
"g37071033307",23,153543.58974358975,196028.6370949207,42859.77699999692,14107.15378624665,0.169688462588367,0.04374757435825556
"g37119005828",84,257713.66691560866,346946.8023255814,42479.99097154811,25393.323784532004,0.10020307819655759,0.04449290464752696
"g37179020314",16,246381.45589798086,261622.5780448483,42386.89924252551,12832.051710119711,0.10458218905973447,0.029816384334082877
"g37119001919",89,123759.3423019432,146356.82158920538,42283.618749104004,27733.622084216066,0.2076960577597584,0.1151934330698099
"g37025041901",87,67568.156424581,119467.68786127168,42149.662689895624,20233.959978682455,0.3792155448375485,0.10295904978576885
"g37119003203",80,194217.08428246013,242939.1771019678,42116.801768606776,45952.91121402942,0.13182629686189667,0.1149872193003084
"g37119006215",67,191793.05331179322,215223.0994779375,42053.290735333074,12771.055738183471,0.13329111787926362,0.036072149030900426
"g37097061502",85,196428.0909990109,166966.8234661649,41920.64710717721,9755.682237854939,0.12973539539781806,0.03551906777977631
"g37119005917",48,183994.3502824859,171498.6346396966,41797.40480681132,18837.577581738842,0.13809530935300934,0.06677263039070074
"g37109070600",5,167417.93292265572,137662.12035731078,41536.88550935686,10213.531450121045,0.15082247096875678,0.045101976434511165
"g37119001510",30,129966.26180836707,128875.23277467412,41497.07857755098,10011.113242829506,0.19409796999726694,0.04722228620126358
"g37071030101",67,211736.1266294227,215223.0994779375,41162.041287386935,12771.055738183471,0.11817783718942441,0.036072149030900426
"g37119005907",27,242562.2418879056,278176.98995783157,41115.201597300744,20217.465259313994,0.10304177323585831,0.04418141284487982
"g37119001609",36,123241.96642685852,139417.35184196476,41106.6245203394,24221.482915803106,0.20276233997351373,0.1056131502238191
"g37071032507",27,210969.66604823747,278176.98995783157,40867.39331293864,20217.465259313994,0.11775816237276454,0.04418141284487982
"g37071031401",26,94046.13333333333,93151.86408683342,40847.12452271766,15418.589779340398,0.2640308310093314,0.10062066924003651
"g45057010900",58,192129.3203883495,128822.78630460448,40786.73187646022,19040.453409646852,0.12905040122054237,0.08985012703189235
"g45091061003",27,298681.8396226415,278176.98995783157,40619.71267499192,20217.465259313994,0.08267270110589874,0.04418141284487982
"g37179020100",66,209033.04812834226,183747.37978327126,40606.34645752904,9182.186732882843,0.11808998296559733,0.03037799200155787
"g37119004700",72,94474.6835443038,83899.8742665549,40601.099033473365,12016.2186193928,0.2612500856667104,0.08706439948451179
"g37025040900",52,148386.55097613882,208236.95740365112,40561.531332721795,34107.904289346145,0.16617048980215837,0.09957064576966118
"g37025042602",11,156190.11082693946,213622.03894332136,40547.82145356342,9102.921853819611,0.1578149311259844,0.02590412077292777
"g37097061301",1,90686.69871794872,151148.18210559594,40498.235490359264,28071.575965669366,0.27147297771424367,0.11290104573770997
"g37119005521",78,195271.24563445867,164697.1090670171,40288.65611688981,0.0,0.1254234036660674,0.0
"g37119005844",7,305425.3880266075,248748.89682585403,40202.429174847,15519.489053538315,0.0800168146778632,0.03792716257463497
"g37025041702",66,194346.8,183747.37978327126,40035.719628667226,9182.186732882843,0.12522883568174253,0.03037799200155787
"g37109071102",43,250728.79105520615,178649.7228870135,39981.36401636306,11163.733362276254,0.09693653630590879,0.03798754311143287
"g37109070700",5,151460.33578174186,137662.12035731078,39977.187698512134,10213.531450121045,0.1604528448757277,0.045101976434511165
"g37119006105",8,168323.5824742268,162024.65897166842,39966.232932010804,12084.014077370293,0.14433855299633916,0.04533819272220389
"g37179020313",4,153779.67479674798,169713.50233728875,39688.34185559629,18489.834086142364,0.15689103007817862,0.06622938402815329
"g37119004305",46,109164.4908616188,129664.34724983433,39614.005280540834,15585.203780375194,0.22059794340219271,0.07306779553003334
"g37119001802",59,147533.90625,146346.79802955664,39242.60236139059,26833.26805957122,0.1616962902456418,0.11146138676840527
"g37119005845",7,260823.04199772986,248748.89682585403,39232.4125443205,15519.489053538315,0.09143935568625526,0.03792716257463497
"g37025041303",35,284603.10166570934,389924.5338799322,39199.470146349166,18053.556012007288,0.0837287611944177,0.028145974753427658
"g37071030102",43,157461.72106824926,178649.7228870135,39150.69787784611,11163.733362276254,0.1511466798257624,0.03798754311143287
"g37119005522",13,162752.23499361431,187488.57664233577,38999.472284934236,28980.252718739226,0.14566857338965702,0.09396399087618125
"g37179020202",11,226090.67357512953,213622.03894332136,38895.85152906418,9102.921853819611,0.10458146801303778,0.02590412077292777
"g37179020702",54,152523.87612387614,177658.99424568427,38802.70734834662,23698.67816255215,0.15465297987264529,0.08109069481899421
"g37097061303",85,211870.64516129033,166966.8234661649,38790.98603978769,9755.682237854939,0.11129973437705232,0.03551906777977631
"g37179020315",16,317489.51507208386,261622.5780448483,38642.744588307105,12832.051710119711,0.07398993991828065,0.029816384334082877
"g37097061101",76,178102.33128834356,179133.94991820812,38628.28509047381,18895.242386946946,0.13184689951398007,0.06412223669149617
"g37179020312",4,147126.98574338085,169713.50233728875,38420.66367217856,18489.834086142364,0.15874740062420936,0.06622938402815329
"g37179021014",22,185441.0569105691,220101.10255773528,38413.67260388324,14556.601997542422,0.1259256016328532,0.04020424283188959
"g37119005711",11,247013.09921962096,213622.03894332136,38386.207715071345,9102.921853819611,0.09446900084075115,0.02590412077292777
"g37071033204",69,111778.74794069193,116397.17791411043,38219.08880314642,18478.32329615359,0.20785246804212631,0.09650597618977828
"g37119005610",78,137571.99211045366,164697.1090670171,38067.16447406548,0.0,0.16821108035060844,0.0
"g37071033303",27,246889.62818003914,278176.98995783157,38016.26323149452,20217.465259313994,0.09360535144647614,0.04418141284487982
"g37071030602",5,116698.30747531734,137662.12035731078,37945.421928465206,10213.531450121045,0.1976646130644093,0.045101976434511165
"g37071032401",55,211305.30785562634,168146.43246187363,37843.24493040305,26495.049376315183,0.10887096187600094,0.09578801499920331
"g37119006213",67,265794.6278679351,215223.0994779375,37816.13174091501,12771.055738183471,0.08648982155165756,0.036072149030900426
"g37119005846",20,479094.99192245555,521332.74932614557,37738.020475387035,39680.793289073976,0.04788412792552712,0.046269993244985784
"g37097061002",62,161601.37719969396,140525.24698133918,37623.39974161711,12255.507089078767,0.1415295340943831,0.05301649664521563
"g37119003015",0,294077.4818401937,265925.935100322,37596.34147339598,21297.852335952863,0.0777173372330217,0.04868657392045475
"g37071030501",5,104589.46488294314,137662.12035731078,37427.74686489123,10213.531450121045,0.2175403586830246,0.045101976434511165
"g37071032506",39,137342.78996865204,140700.90692124105,37348.53163494502,24449.014152654472,0.16531100435123475,0.10563274189497449
"g37097061304",76,168031.2404287902,179133.94991820812,37255.58065854549,18895.242386946946,0.13478308759429752,0.06412223669149617
"g37159050904",49,175549.7027348395,157027.65570146925,37191.37293650292,12534.560751812123,0.12878824056778804,0.048525170525278744
"g37119005618",11,210451.73184357543,213622.03894332136,37157.90128221907,9102.921853819611,0.1073328769468371,0.02590412077292777
"g37025042502",87,115850.0,119467.68786127168,37132.342238649704,20233.959978682455,0.19484551078732038,0.10295904978576885
"g37097060602",85,254169.62025316455,166966.8234661649,37070.230275853166,9755.682237854939,0.0886616361552963,0.03551906777977631
"g45091060804",44,144067.3289183223,134725.93537414967,36749.35780111463,21698.157713926623,0.15506662964592888,0.0979051983890647
"g37097061602",17,178891.5340547422,209080.13750954927,36692.3049583442,25828.402059786426,0.12468646253230932,0.07509635517926831
"g37119001300",82,156048.68624420403,145264.02243589744,36584.89694757617,25713.546260039268,0.14252000109691923,0.1076063766538182
"g37179021013",22,208125.36850271528,220101.10255773528,36561.09432538542,14556.601997542422,0.10678942896508785,0.04020424283188959
"g37071030700",5,130139.88439306358,137662.12035731078,36491.56701935471,10213.531450121045,0.1704575312901036,0.045101976434511165
"g37097061503",35,199661.79078014183,389924.5338799322,36458.37801525208,18053.556012007288,0.11100345060032811,0.028145974753427658
"g37119001914",59,145032.35294117648,146346.79802955664,36229.3417760016,26833.26805957122,0.1518551931801445,0.11146138676840527
"g37025042501",11,217748.75089221983,213622.03894332136,36214.63696639149,9102.921853819611,0.1011026551888796,0.02590412077292777
"g37097060901",62,169076.7911200807,140525.24698133918,36187.76231012356,12255.507089078767,0.13011034546177913,0.05301649664521563
"g37119001603",82,133653.91014975042,145264.02243589744,36147.735869725264,25713.546260039268,0.16441200631518418,0.1076063766538182
"g37119001923",28,130704.41176470589,129122.23567393058,35852.62203676147,20069.98582520386,0.16674958954303742,0.09448875495501881
"g37119005910",48,164547.4178403756,171498.6346396966,35843.59441484522,18837.577581738842,0.13242030402633154,0.06677263039070074
"g37119003807",41,132888.88888888888,115932.80710409473,35772.91371263207,18825.367864987827,0.16364387035492606,0.09871228782390715
"g37159050800",49,119758.40707964601,157027.65570146925,35724.92910646042,12534.560751812123,0.18134244318349754,0.048525170525278744
"g45057010700",25,77968.56540084389,120817.85159888233,35659.32020841091,17890.855189096605,0.27802741004069736,0.09001898036648738
"g37119005616",30,142028.51239669422,128875.23277467412,35540.703437522745,10011.113242829506,0.15211939123275467,0.04722228620126358
"g37119001608",12,104947.61171032357,127030.53866203301,35472.58991867039,23798.002651426432,0.2054728459048729,0.11388498439112031
"g37109070902",43,176979.4708476237,178649.7228870135,35455.3177732551,11163.733362276254,0.12178465988945046,0.03798754311143287
"g37109070100",24,129536.33720930232,138166.99852507375,35271.06915914237,20049.64425096391,0.16552405209208212,0.08821378272178541
"g37071031004",18,139560.794044665,138098.33863556027,35266.51591594175,15490.440540966794,0.15361485756659948,0.06818822929339884
"g37119001916",28,142223.8775510204,129122.23567393058,35163.450865793755,20069.98582520386,0.1502979551760473,0.09448875495501881
"g37119005306",90,83816.32124352331,89333.89232127096,35011.65281355518,0.0,0.2539323989188166,0.0
"g37025042102",66,116368.49942726232,183747.37978327126,34953.06531039869,9182.186732882843,0.18259291924410206,0.03037799200155787
"g45091060200",68,112487.1724137931,137316.5536723164,34920.080720858685,22327.22032064135,0.1887149631442217,0.098842986860925
"g37025042601",35,259114.32835820896,389924.5338799322,34853.71956616109,18053.556012007288,0.08176958643329187,0.028145974753427658
"g45091061706",23,162241.46341463414,196028.6370949207,34803.221197089355,14107.15378624665,0.1304042316113776,0.04374757435825556
"g37159051600",51,137658.89570552149,143570.38724373575,34722.72058544149,15516.198481285348,0.1533357994910094,0.06569836359282143
"g37071032704",39,140227.32626619554,140700.90692124105,34654.95903786623,24449.014152654472,0.15023351696749312,0.10563274189497449
"g37119005517",67,221444.16282642088,215223.0994779375,34607.34973315915,12771.055738183471,0.09500319315185381,0.036072149030900426
"g37097061103",76,152305.85635359117,179133.94991820812,34605.52208596568,18895.242386946946,0.13812201346205458,0.06412223669149617
"g37071031001",18,113294.24460431654,138098.33863556027,34588.97508874888,15490.440540966794,0.18559400479859783,0.06818822929339884
"g37119006007",8,202254.518222666,162024.65897166842,34584.90741161628,12084.014077370293,0.10394951870269085,0.04533819272220389
"g37159050300",94,136381.03896103895,166947.09158415842,34543.428955548035,32877.534575563666,0.15397334642522353,0.1197166300854928
"g37097060603",1,110961.89516129032,151148.18210559594,34509.29653501873,28071.575965669366,0.18905855686292594,0.11290104573770997
"g37025040703",52,107421.21896162529,208236.95740365112,34507.54047029653,34107.904289346145,0.19528011739388473,0.09957064576966118
"g37097060701",1,116042.21218961626,151148.18210559594,34501.0500791071,28071.575965669366,0.18073839103127856,0.11290104573770997
"g37097060902",62,145609.3690248566,140525.24698133918,34456.65989745562,12255.507089078767,0.14385267891949816,0.05301649664521563
"g37159050901",49,205061.98034769463,157027.65570146925,34352.30579671322,12534.560751812123,0.10183682334134708,0.048525170525278744
"g37179020800",66,180452.01793721973,183747.37978327126,34311.76400594736,9182.186732882843,0.11558870573805663,0.03037799200155787
"g37097061501",85,146041.67550371157,166966.8234661649,34232.10848313429,9755.682237854939,0.14249215040287744,0.03551906777977631
"g37179020309",11,203021.7654171705,213622.03894332136,34127.235819732945,9102.921853819611,0.10218628514714473,0.02590412077292777
"g37119005914",48,166164.45530726257,171498.6346396966,34113.02535266287,18837.577581738842,0.12480046585079632,0.06677263039070074
"g37159051802",85,178558.56847900894,166966.8234661649,34031.93120671904,9755.682237854939,0.11586172678946466,0.03551906777977631
"g37097060500",62,158039.25845147218,140525.24698133918,33537.08062517022,12255.507089078767,0.12900138392559518,0.05301649664521563
"g37109070300",24,164990.87048832272,138166.99852507375,33460.87903170131,20049.64425096391,0.12328536625988892,0.08821378272178541
"g37119006406",29,200967.18931475029,388539.1617933723,33356.192152834454,31838.577460487486,0.1008986617506614,0.04981417637621774
"g37119005836",7,185224.0034662045,248748.89682585403,33307.37033219233,15519.489053538315,0.10931434997851655,0.03792716257463497
"g37109070201",24,115997.28997289973,138166.99852507375,33069.02128791895,20049.64425096391,0.17330360483413682,0.08821378272178541
"g37109070901",5,149681.298129813,137662.12035731078,32981.452401859875,10213.531450121045,0.1339480308389666,0.045101976434511165
"g37119006211",29,329626.3253012048,388539.1617933723,32921.4195866035,31838.577460487486,0.06071426791231997,0.04981417637621774
"g37119004600",92,93130.92783505155,94296.61908339594,32812.23790787867,18063.051736099194,0.21417857255163605,0.11644721379954256
"g37071030601",43,134024.34285714285,178649.7228870135,32739.794263075582,11163.733362276254,0.1484999670208057,0.03798754311143287
"g37071030203",43,136074.48559670782,178649.7228870135,32714.742213335016,11163.733362276254,0.1461506997251753,0.03798754311143287
"g37071030301",5,121804.11471321696,137662.12035731078,32555.2707114447,10213.531450121045,0.162477582707732,0.045101976434511165
"g45057010600",25,134317.3142467621,120817.85159888233,32524.13364221566,17890.855189096605,0.14720000860480037,0.09001898036648738
"g37179020310",16,252122.3173140224,261622.5780448483,32401.57117732763,12832.051710119711,0.07812479262072397,0.029816384334082877
"g37159051901",85,178459.83037779492,166966.8234661649,32337.14965509403,9755.682237854939,0.11015275367013584,0.03551906777977631
"g37119003802",38,330832.87671232875,335366.18217054266,323112.17911099404,45747.0236916144,0.5937160161559982,0.08292350965734585
"g37119005913",48,148231.7676143387,171498.6346396966,32287.537169807314,18837.577581738842,0.1324121170919439,0.06677263039070074
"g37071032301",55,144564.11764705883,168146.43246187363,32215.6241487161,26495.049376315183,0.13546906636724573,0.09578801499920331
"g37119006109",8,140757.59280089987,162024.65897166842,32191.10786195761,12084.014077370293,0.13902669220654867,0.04533819272220389
"g37119005848",34,400293.0345245306,400293.0345245306,32163.77393189174,32163.77393189174,0.04884533197643363,0.04884533197643363
"g45091060802",93,126463.74045801527,175477.1210230817,32120.764498221786,13298.338699058533,0.15440236494747914,0.046069233564234605
"g37179020701",66,144482.04667863555,183747.37978327126,32108.00991720609,9182.186732882843,0.1350932348400734,0.03037799200155787
"g45057010100",64,127937.6130198915,134389.23400105035,31909.77176610462,11098.192841570228,0.15162106819022794,0.05020210017817244
"g37119001912",28,112110.63569682151,129122.23567393058,31888.902894864666,20069.98582520386,0.17291268739473126,0.09448875495501881
"g37119003105",84,255778.69656622285,346946.8023255814,31674.481559164597,25393.323784532004,0.07527993631146232,0.04449290464752696
"g37071033304",23,236230.80495356038,196028.6370949207,31552.958960960626,14107.15378624665,0.08119656566900327,0.04374757435825556
"g37179020502",22,176717.57518796992,220101.10255773528,31533.312084105743,14556.601997542422,0.10847357234773145,0.04020424283188959
"g45091060904",27,195462.6525198939,278176.98995783157,31477.904541296273,20217.465259313994,0.09789851940372948,0.04418141284487982
"g37179020307",22,176746.49714582253,220101.10255773528,31436.25312433605,14556.601997542422,0.10812199720340979,0.04020424283188959
"g37025042604",11,179550.61124694376,213622.03894332136,31409.092456070786,9102.921853819611,0.10634145488546728,0.02590412077292777
"g37097061003",1,156076.06177606178,151148.18210559594,31374.805439991753,28071.575965669366,0.12220214834784827,0.11290104573770997
"g37119006212",19,179752.1379310345,237521.0571004033,31324.565348265143,25479.394453668876,0.10593636985178269,0.06521103340454172
"g37119005518",86,190271.9968178202,170101.72674293115,31272.05379689641,0.0,0.0999115338448196,0.0
"g37119005516",57,255236.3315696649,255236.3315696649,31259.229507735356,31259.229507735356,0.07445088640970296,0.07445088640970296
"g37119005621",11,170165.0868878357,213622.03894332136,31226.572240677953,9102.921853819611,0.11155472038664828,0.02590412077292777
"g37159051302",85,157983.87096774194,166966.8234661649,31032.051363940824,9755.682237854939,0.11940756229540418,0.03551906777977631
"g37071032200",55,129753.45377258236,168146.43246187363,30893.636799015665,26495.049376315183,0.14473854664790786,0.09578801499920331
"g37071031703",5,118729.5890410959,137662.12035731078,30893.55541718831,10213.531450121045,0.15817688750572678,0.045101976434511165
"g37159050202",40,120484.65227817745,150331.71447933136,30815.16966288261,16912.649116184373,0.15547727931050315,0.06839039718892784
"g37025042603",11,197311.44109055502,213622.03894332136,30707.178765091103,9102.921853819611,0.09460666786237018,0.02590412077292777
"g37159051400",51,154340.9949332105,143570.38724373575,30590.439620270645,15516.198481285348,0.12048653655021101,0.06569836359282143
"g45091061701",5,164177.13365539451,137662.12035731078,30539.10741722858,10213.531450121045,0.11307790876366348,0.045101976434511165
"g37179020316",16,214705.9690493736,261622.5780448483,30432.373759461345,12832.051710119711,0.08616399134099986,0.029816384334082877
"g45091061802",50,144332.2734499205,145672.0638336023,30398.34033432183,16228.215915929855,0.12803258622680916,0.06772181699751527
"g45091060401",31,80014.52420701168,93196.27870150436,30388.251383445688,12892.236971977389,0.2308718489303094,0.08409376674667698
"g37159051502",51,143792.27144203582,143570.38724373575,30379.16614094657,15516.198481285348,0.12843234212784377,0.06569836359282143
"g37119005614",11,185831.20638085742,213622.03894332136,30344.580154137275,9102.921853819611,0.09926510000362362,0.02590412077292777
"g37159050700",40,107585.43165467626,150331.71447933136,30332.897586794603,16912.649116184373,0.171393571945039,0.06839039718892784
"g37179020501",54,153457.62564991333,177658.99424568427,30313.994002594613,23698.67816255215,0.1200850058897489,0.08109069481899421
"g37119001920",42,114886.43410852713,118106.04316546762,30284.244922791673,20344.33070476747,0.1602441182534504,0.10471415312157771
"g37119004200",72,83999.03147699758,83899.8742665549,30236.7421375145,12016.2186193928,0.21882393090354516,0.08706439948451179
"g37159050201",49,137369.7720515362,157027.65570146925,30221.397008449807,12534.560751812123,0.13373881050817252,0.048525170525278744
"g37071030204",43,175094.5054945055,178649.7228870135,30211.19799893915,11163.733362276254,0.10488889903370503,0.03798754311143287
"g37097060702",85,151298.09760132342,166966.8234661649,30173.25033861435,9755.682237854939,0.1212335231734574,0.03551906777977631
"g45091061501",50,163346.57285519745,145672.0638336023,30102.79226344877,16228.215915929855,0.1120291013465985,0.06772181699751527
"g37119005817",74,299500.5653710247,337719.8886519782,30056.2079304802,19034.744769793117,0.06100573132118758,0.03426293151544846
"g37071033305",23,142344.8033707865,196028.6370949207,30039.628612287484,14107.15378624665,0.12828829698206706,0.04374757435825556
"g37025041601",66,202579.11611785096,183747.37978327126,29986.5608674999,9182.186732882843,0.08998416387034774,0.03037799200155787
"g37119006108",8,119578.51985559567,162024.65897166842,29906.506340034535,12084.014077370293,0.15203605996439185,0.04533819272220389
"g37025042200",66,185414.60885956645,183747.37978327126,29804.67931388292,9182.186732882843,0.09771800722126328,0.03037799200155787
"g37109070800",5,135853.58361774744,137662.12035731078,29771.1780812747,10213.531450121045,0.13321680676044614,0.045101976434511165
"g37179020901",66,164677.14654615882,183747.37978327126,29732.64055471513,9182.186732882843,0.10975750981716172,0.03037799200155787
"g37097061001",1,153411.2554112554,151148.18210559594,29719.438198147254,28071.575965669366,0.11776533430742807,0.11290104573770997
"g37109070500",5,157964.69414893616,137662.12035731078,29544.311612183064,10213.531450121045,0.11369672157512521,0.045101976434511165
"g37119003106",45,182708.34575260806,214845.92703648176,29505.43349821281,32687.494157392408,0.09816975608657631,0.09248868429133274
"g45091060501",68,75264.28571428571,137316.5536723164,29368.273884800634,22327.22032064135,0.23720485571451874,0.098842986860925
"g45091060700",93,177768.01959412175,175477.1210230817,29317.84886903529,13298.338699058533,0.10025650602949206,0.046069233564234605
"g37119006005",8,141730.20833333334,162024.65897166842,29237.77908623421,12084.014077370293,0.12540534651925786,0.04533819272220389
"g37119001921",30,115012.80864197531,128875.23277467412,29037.954050762946,10011.113242829506,0.15348074628401914,0.04722228620126358
"g37119005717",37,149492.55319148937,181483.76264949402,28944.14651791845,27697.031782507456,0.11769968116218268,0.09277469863825015
"g37159051303",40,151043.37722695584,150331.71447933136,28913.0938077456,16912.649116184373,0.11636623294570698,0.06839039718892784
"g37119001508",36,144050.0,139417.35184196476,28912.790289325796,24221.482915803106,0.12201433050760531,0.1056131502238191
"g37119001918",89,93562.3869801085,146356.82158920538,28817.07596642773,27733.622084216066,0.1872331379769379,0.1151934330698099
"g45091061101",32,142520.13108614233,190766.25570776255,28696.695371189573,22524.52538050824,0.12240235456421521,0.07177747733870558
"g37119005619",11,147249.2857142857,213622.03894332136,28604.256051836743,9102.921853819611,0.11808957454894685,0.02590412077292777
"g37071033203",69,128755.70175438597,116397.17791411043,28570.409742201555,18478.32329615359,0.13489134851326123,0.09650597618977828
"g45091061301",23,134901.14099429504,196028.6370949207,28511.032562301047,14107.15378624665,0.12847878498716234,0.04374757435825556
"g37119005524",65,132177.79126213593,118642.58166076348,28279.907019179533,20195.532316084435,0.13006294532727392,0.10347818775714392
"g37025040600",66,190495.8196336308,183747.37978327126,28237.336872625663,9182.186732882843,0.09010987413202615,0.03037799200155787
"g45091061302",23,162845.08250825084,196028.6370949207,28092.105342095143,14107.15378624665,0.10486818160013503,0.04374757435825556
"g37071031402",61,121274.89932885906,154219.56724782067,28044.730971157842,28890.075886608833,0.14057705897776795,0.11387890963181535
"g37025041503",11,173018.124341412,213622.03894332136,27966.67084480958,9102.921853819611,0.09826147275520566,0.02590412077292777
"g45091060907",93,202536.13604156824,175477.1210230817,27949.449746192604,13298.338699058533,0.08388896564455381,0.046069233564234605
"g37119004400",8,119874.9053030303,162024.65897166842,27744.91814937599,12084.014077370293,0.1406984355760045,0.04533819272220389
"g37025042300",3,137303.33716915996,132592.64870931537,27730.40999121683,22925.138778666555,0.12277481698173542,0.10510578612280104
"g37097061202",76,184292.49431387414,179133.94991820812,27695.97070048172,18895.242386946946,0.09135725475722167,0.06412223669149617
"g45091061502",23,175516.2653147444,196028.6370949207,27665.514431589254,14107.15378624665,0.09581984822627643,0.04374757435825556
"g37119004500",72,76551.80722891567,83899.8742665549,27604.128466576287,12016.2186193928,0.21920612739377193,0.08706439948451179
"g37159051101",60,162286.43744030563,165985.81144152553,27462.126900290034,31181.574326111488,0.10286936068324462,0.11419870269249113
"g37119005909",27,175747.6323119777,278176.98995783157,27434.441489056764,20217.465259313994,0.0948944336286522,0.04418141284487982
"g37119005830",47,144719.94584837544,242718.93905191874,27416.85275087373,40503.59365110722,0.11516574090780231,0.10144344515013506
"g37025041302",35,226239.49543279686,389924.5338799322,27404.853594245058,18053.556012007288,0.07363650381095718,0.028145974753427658
"g37119005612",53,150351.06951871657,151493.9259855189,27372.279965623926,23716.05259177891,0.1106722015543015,0.09516588307745168
"g37097061102",62,122321.05742935278,140525.24698133918,27368.235224657055,12255.507089078767,0.136012763543928,0.05301649664521563
"g37119005918",27,162029.23976608188,278176.98995783157,27323.503514855915,20217.465259313994,0.10251256227460456,0.04418141284487982
"g37179020305",11,193911.08597285068,213622.03894332136,27118.006900710498,9102.921853819611,0.08501376027695279,0.02590412077292777
"g37071033202",23,133630.8864265928,196028.6370949207,27098.85567160188,14107.15378624665,0.12327590524833001,0.04374757435825556
"g45091061203",64,158206.93610049153,134389.23400105035,27053.677398757845,11098.192841570228,0.1039524871860156,0.05020210017817244
"g37025042000",87,129508.15765352888,119467.68786127168,26926.745321728555,20233.959978682455,0.12639236351936783,0.10295904978576885
"g45057010400",64,130625.86399108138,134389.23400105035,26882.37628184623,11098.192841570228,0.12510439801772674,0.05020210017817244
"g37119001606",88,118758.4229390681,194370.6598034628,26869.283170526716,31381.850796559913,0.13753896639686802,0.09814811024218771
"g45091060502",31,111171.88405797101,93196.27870150436,26850.224854212975,12892.236971977389,0.14682062175745672,0.08409376674667698
"g45091061403",23,168576.42130460803,196028.6370949207,26640.964106049567,14107.15378624665,0.09606987046439425,0.04374757435825556
"g37179020311",11,184354.17170495767,213622.03894332136,26628.796226591578,9102.921853819611,0.08780771230272635,0.02590412077292777
"g37119005509",67,155555.505107832,215223.0994779375,26626.61891620792,12771.055738183471,0.10405542681834012,0.036072149030900426
"g37119005826",47,136840.24242424243,242718.93905191874,26505.708625108186,40503.59365110722,0.11774966556450826,0.10144344515013506
"g37119001917",30,105452.83893395134,128875.23277467412,26354.57766171493,10011.113242829506,0.15192592268834373,0.04722228620126358
"g37097060703",85,164059.65292841647,166966.8234661649,26315.971769289627,9755.682237854939,0.09751057583007225,0.03551906777977631
"g37119005403",21,124251.6129032258,126329.36664475127,26295.885693898897,14043.650732462434,0.12865298464821734,0.06757869467954192
"g37159051201",60,132793.66666666666,165985.81144152553,26261.795515073492,31181.574326111488,0.12022122541781247,0.11419870269249113
"g37119002300",89,263136.98630136985,146356.82158920538,262569.0979466603,27733.622084216066,0.6065907919652722,0.1151934330698099
"g37097060400",62,102608.3857442348,140525.24698133918,26247.033362633603,12255.507089078767,0.15550038396775653,0.05301649664521563
"g37119001505",30,133024.59770114944,128875.23277467412,26240.539555220654,10011.113242829506,0.1199153844771357,0.04722228620126358
"g37109071001",43,158379.5061728395,178649.7228870135,26234.095418305784,11163.733362276254,0.10069344674169489,0.03798754311143287
"g45091060803",44,120237.82866836301,134725.93537414967,26164.677718168623,21698.157713926623,0.13228431797326695,0.0979051983890647
"g45091061602",50,108830.1,145672.0638336023,26147.627949211077,16228.215915929855,0.14605531520039886,0.06772181699751527
"g37119002003",56,225918.79194630872,205013.0603448276,26070.469588115666,27089.829295125193,0.07015047151888096,0.08032649874463518
"g45023020800",64,117635.9375,134389.23400105035,26038.886803112848,11098.192841570228,0.1345601595482642,0.05020210017817244
"g45023020602",9,116016.79929266137,96727.27549467275,26037.551777239023,8152.270189236217,0.13643109488653257,0.05123464218066089
"g37071030402",61,142323.727486296,154219.56724782067,25923.852834981182,28890.075886608833,0.1107277144369144,0.11387890963181535
"g37097060802",85,124849.56293706293,166966.8234661649,25784.62788748876,9755.682237854939,0.12554746255829694,0.03551906777977631
"g37119006106",8,155818.75,162024.65897166842,25751.186944553843,12084.014077370293,0.10046427010594505,0.04533819272220389
"g37071031600",5,104793.38747099768,137662.12035731078,25723.000292611014,10213.531450121045,0.14921821521492482,0.045101976434511165
"g37119005512",21,132227.8102189781,126329.36664475127,25552.75740258505,14043.650732462434,0.11747597650196925,0.06757869467954192
"g45057011001",64,130519.47637292465,134389.23400105035,25458.902828796123,11098.192841570228,0.11857645390654277,0.05020210017817244
"g37119005835",16,222934.46327683615,261622.5780448483,25430.660644906944,12832.051710119711,0.06934490049660261,0.029816384334082877
"g37119005305",65,93663.82978723405,118642.58166076348,25383.380512767842,20195.532316084435,0.1647447737999042,0.10347818775714392
"g37159051202",60,157989.85801217039,165985.81144152553,25333.127991301604,31181.574326111488,0.09747510378214318,0.11419870269249113
"g37119001910",42,122151.46103896105,118106.04316546762,25313.70461570096,20344.33070476747,0.12597696459965135,0.10471415312157771
"g37159050903",49,149335.16129032258,157027.65570146925,25305.679586651324,12534.560751812123,0.10301252372896819,0.048525170525278744
"g37119001504",12,122600.50687907313,127030.53866203301,25238.131499848078,23798.002651426432,0.12514082991819797,0.11388498439112031
"g37097060801",62,118930.22540983607,140525.24698133918,25198.40160300777,12255.507089078767,0.1287996992646685,0.05301649664521563
"g37159051001",49,145595.98662207357,157027.65570146925,25160.28565141344,12534.560751812123,0.10505101706357417,0.048525170525278744
"g37119005716",30,134652.70164447924,128875.23277467412,25145.952762936264,10011.113242829506,0.11352385274281143,0.04722228620126358
"g45091060402",31,112775.10638297872,93196.27870150436,25124.443656827596,12892.236971977389,0.13543075700234344,0.08409376674667698
"g37119005620",30,137541.0866636731,128875.23277467412,24993.203285949654,10011.113242829506,0.11046471288354703,0.04722228620126358
"g37119005513",67,193290.13632718523,215223.0994779375,24939.547149943955,12771.055738183471,0.07843555405472522,0.036072149030900426
"g37071030205",5,109986.27881448957,137662.12035731078,24897.19389940954,10213.531450121045,0.13760873122004763,0.045101976434511165
"g37025041000",75,112515.86042823156,147200.99657427592,24865.3956551634,26984.45866032041,0.13434321154442588,0.11143896182115598
"g45057010800",58,76307.33944954128,128822.78630460448,24759.19809602072,19040.453409646852,0.19724425411074417,0.08985012703189235
"g37159051700",51,137057.5787893947,143570.38724373575,24730.624166163656,15516.198481285348,0.10968976845764586,0.06569836359282143
"g37025040702",66,150614.32360742707,183747.37978327126,24671.08207336182,9182.186732882843,0.09957630803275976,0.03037799200155787
"g37071031302",18,111445.93023255814,138098.33863556027,24445.626587040388,15490.440540966794,0.1333432566248631,0.06818822929339884
"g45057010300",64,119002.42683797287,134389.23400105035,24398.9693450767,11098.192841570228,0.12463779608434182,0.05020210017817244
"g37119005508",67,203041.0810810811,215223.0994779375,24322.254129521687,12771.055738183471,0.0728205579957169,0.036072149030900426
"g45091061401",9,122255.27544351073,96727.27549467275,24285.510596816315,8152.270189236217,0.12075739286321106,0.05123464218066089
"g45023020900",9,102829.94011976047,96727.27549467275,23802.00505915958,8152.270189236217,0.14071100275347273,0.05123464218066089
"g37179020308",22,179377.09832134293,220101.10255773528,23791.16402437478,14556.601997542422,0.08062742584184293,0.04020424283188959
"g37071032000",26,80246.0,93151.86408683342,23499.70774326584,15418.589779340398,0.17802179076896174,0.10062066924003651
"g37119005611",11,140679.94858611826,213622.03894332136,23439.821951813454,9102.921853819611,0.10128758240822197,0.02590412077292777
"g37119004303",46,106840.37626628076,129664.34724983433,23418.8474044734,15585.203780375194,0.1332490758495086,0.07306779553003334
"g37071030502",5,115614.54545454546,137662.12035731078,23268.989348461215,10213.531450121045,0.12234863894579015,0.045101976434511165
"g37109070202",43,168887.9384088965,178649.7228870135,23253.028240039563,11163.733362276254,0.08369798110155083,0.03798754311143287
"g37119006010",46,134003.14353499407,129664.34724983433,23252.267202708575,15585.203780375194,0.10548347201169224,0.07306779553003334
"g37159051102",60,127337.52988047809,165985.81144152553,23165.671169348232,31181.574326111488,0.11059170763090707,0.11419870269249113
"g37071033500",43,140130.31784841075,178649.7228870135,23027.840963182578,11163.733362276254,0.09989763621856562,0.03798754311143287
"g37119005100",95,75663.69047619047,166351.48936170212,22790.038745777074,0.0,0.18310138997896852,0.0
"g37119006407",19,210147.61476147614,237521.0571004033,22717.25438529078,25479.394453668876,0.06571514552262599,0.06521103340454172
"g37119004302",72,85692.57221458046,83899.8742665549,22645.41474721768,12016.2186193928,0.16064647398265874,0.08706439948451179
"g37119004800",92,95015.37313432836,94296.61908339594,22613.81814366191,18063.051736099194,0.14468187049695416,0.11644721379954256
"g45057010500",58,89465.58139534884,128822.78630460448,22492.4204099402,19040.453409646852,0.15283200179740888,0.08985012703189235
"g37159051902",85,131617.10775047258,166966.8234661649,22487.752778962546,9755.682237854939,0.10386466216000849,0.03551906777977631
"g37119002800",33,1143902.9436501262,848206.8842427332,224820.3938092176,80318.17415813085,0.11947598628491748,0.057563359474131826
"g45091061201",32,142982.60619977038,190766.25570776255,22350.23637107367,22524.52538050824,0.09502393466976644,0.07177747733870558
"g37071031800",26,88299.23664122137,93151.86408683342,22341.269651693074,15418.589779340398,0.15381015118378918,0.10062066924003651
"g45023020400",9,110658.53379152348,96727.27549467275,22257.296757710275,8152.270189236217,0.12227047586519385,0.05123464218066089
"g45023020300",9,86531.69469598964,96727.27549467275,22249.123008241695,8152.270189236217,0.1563046094045734,0.05123464218066089
"g37071031704",69,107289.53771289538,116397.17791411043,22240.644701789563,18478.32329615359,0.12601553742422597,0.09650597618977828
"g37119005823",16,282596.19860356866,261622.5780448483,22184.85641228356,12832.051710119711,0.04772263380656078,0.029816384334082877
"g37119002701",14,878097.9899497487,600332.8295042322,221047.3034270591,112462.55304103845,0.15302991463364032,0.1138806513354051
"g45057010200",64,107803.8443056223,134389.23400105035,22081.04345765914,11098.192841570228,0.12451436039634055,0.05020210017817244
"g37119004000",72,83950.96582466568,83899.8742665549,22069.761890898557,12016.2186193928,0.1598107716200236,0.08706439948451179
"g45091061202",64,136727.49349522984,134389.23400105035,22014.22701385988,11098.192841570228,0.09787723361930871,0.05020210017817244
"g37071031500",61,225850.3937007874,154219.56724782067,219843.67367405986,28890.075886608833,0.5917349464512484,0.11387890963181535
"g37119001922",30,119991.68853893263,128875.23277467412,21972.52264394397,10011.113242829506,0.11131734860222807,0.04722228620126358
"g37119003806",41,109775.25218560861,115932.80710409473,21950.04020917119,18825.367864987827,0.1215528019584653,0.09871228782390715
"g37119001911",30,119215.77726218097,128875.23277467412,21904.654589173108,10011.113242829506,0.11169578181771471,0.04722228620126358
"g37179020306",4,152465.07666098807,169713.50233728875,21816.96175092173,18489.834086142364,0.08698772873432178,0.06622938402815329
"g37071031003",43,166675.54517133956,178649.7228870135,21729.497316387424,11163.733362276254,0.07925230331448285,0.03798754311143287
"g45091061705",23,155163.6299929923,196028.6370949207,21715.674293106513,14107.15378624665,0.08507804185784892,0.04374757435825556
"g37179020403",22,142316.64429530202,220101.10255773528,21618.443921721224,14556.601997542422,0.09234275627905984,0.04020424283188959
"g37071030401",5,114657.45019920319,137662.12035731078,21459.95206864546,10213.531450121045,0.11377859480479088,0.045101976434511165
"g45091061007",7,169747.0864661654,248748.89682585403,21233.773935461777,15519.489053538315,0.07604295031156115,0.03792716257463497
"g37119004304",46,95591.60186625195,129664.34724983433,21205.74535098032,15585.203780375194,0.13485526298152534,0.07306779553003334
"g37119005842",74,236330.51708217914,337719.8886519782,20889.26782869775,19034.744769793117,0.05373255732582103,0.03426293151544846
"g37071032600",55,158716.10555050045,168146.43246187363,20851.32187704118,26495.049376315183,0.07986319702829683,0.09578801499920331
"g37071032900",55,106663.2075471698,168146.43246187363,20793.44478853351,26495.049376315183,0.11850751781605108,0.09578801499920331
"g45057011002",25,121213.828125,120817.85159888233,20701.38320554087,17890.855189096605,0.10382006471732293,0.09001898036648738
"g37119006214",67,202349.54407294834,215223.0994779375,20673.262061181707,12771.055738183471,0.06210704658399563,0.036072149030900426
"g37119002905",33,957529.601722282,848206.8842427332,204211.7592772285,80318.17415813085,0.1296470489009743,0.057563359474131826
"g37025040500",66,143508.7792374239,183747.37978327126,19950.678773715572,9182.186732882843,0.08451101226916351,0.03037799200155787
"g45091060300",31,75322.29465449805,93196.27870150436,19796.2408141521,12892.236971977389,0.15976928212256294,0.08409376674667698
"g37119001509",30,94534.21342134214,128875.23277467412,19726.871833141264,10011.113242829506,0.12685374868466748,0.04722228620126358
"g45091061900",5,119780.02610966057,137662.12035731078,19384.68867775731,10213.531450121045,0.09838038659670985,0.045101976434511165
"g37119005404",21,110723.95161290323,126329.36664475127,19039.93239032145,14043.650732462434,0.1045340851405182,0.06757869467954192
"g37119006008",8,134184.14937759336,162024.65897166842,18962.842942327185,12084.014077370293,0.08590853802143684,0.04533819272220389
"g37071033400",5,77128.47222222222,137662.12035731078,18771.453455347946,10213.531450121045,0.14795078363679554,0.045101976434511165
"g45091060905",93,160586.16567036722,175477.1210230817,18563.03352360056,13298.338699058533,0.07027080329257757,0.046069233564234605
"g37071031301",61,114987.06896551725,154219.56724782067,18339.937330027748,28890.075886608833,0.09695784207099468,0.11387890963181535
"g45023020100",9,75396.28975265018,96727.27549467275,17719.521238506455,8152.270189236217,0.142868375474191,0.05123464218066089
"g37119005811",0,175516.43192488264,265925.935100322,17645.42666809353,21297.852335952863,0.06111509346480447,0.04868657392045475
"g37119002702",33,860352.380952381,848206.8842427332,176132.177452131,80318.17415813085,0.12445044015008412,0.057563359474131826
"g37119002600",14,363687.5,600332.8295042322,173485.76691342576,112462.55304103845,0.28998102021047417,0.1138806513354051
"g45023020200",9,70177.9336734694,96727.27549467275,17329.8426142717,8152.270189236217,0.15011639956653128,0.05123464218066089
"g37097061404",35,559487.6160990712,389924.5338799322,173083.16048085716,18053.556012007288,0.18806086803081618,0.028145974753427658
"g37097061406",35,964336.6370471633,389924.5338799322,172810.71928835145,18053.556012007288,0.10893717500099652,0.028145974753427658
"g37071030302",61,246684.83063328423,154219.56724782067,164093.27308623257,28890.075886608833,0.40437326178675337,0.11387890963181535
"g37119003500",73,728998.6666666666,525290.8194701171,159671.34257172944,0.0,0.1331479059956137,0.0
"g37119006006",8,102929.99377722465,162024.65897166842,15640.082909467832,12084.014077370293,0.09237005498770941,0.04533819272220389
"g37119005832",63,570883.7209302326,340390.66147859924,147755.32424621808,28846.352272362485,0.15733653371094997,0.051516620289143
"g37119002903",33,895558.6092715232,848206.8842427332,147538.0735083499,80318.17415813085,0.10014844093595938,0.057563359474131826
"g37119003012",84,589276.7626613704,346946.8023255814,143973.880018418,25393.323784532004,0.1485246340233018,0.04449290464752696
"g45023020601",5,198899.08854166666,137662.12035731078,140804.25335205265,10213.531450121045,0.43034531439589935,0.045101976434511165
"g37071030901",61,199777.82026768642,154219.56724782067,136514.851806953,28890.075886608833,0.41540022684767053,0.11387890963181535
"g37119000400",6,277072.0338983051,245008.2085080887,135836.6885616845,47884.256184936516,0.298028976091761,0.1188081432146318
"g37119005520",86,347088.67427568045,170101.72674293115,134240.21530297413,0.0,0.23511281166246134,0.0
"g37119001507",12,202213.23529411765,127030.53866203301,133508.93606800304,23798.002651426432,0.40136070885619995,0.11388498439112031
"g37071032800",55,185591.46706586826,168146.43246187363,133306.89871819544,26495.049376315183,0.43664522772136793,0.09578801499920331
"g37159051002",60,234448.73798076922,165985.81144152553,132761.72277907858,31181.574326111488,0.3442382123719808,0.11419870269249113
"g37119002500",2,375163.20474777446,287578.95870736084,125179.60044700454,38628.31840345732,0.20283711351568107,0.08165500192776301
"g37097060100",1,210852.09444021326,151148.18210559594,123483.60226892366,28071.575965669366,0.35601268185482404,0.11290104573770997
"g37025042402",52,206125.75757575757,208236.95740365112,122363.57945393845,34107.904289346145,0.36087268062996164,0.09957064576966118
"g37119000100",73,401309.71128608927,525290.8194701171,120945.86799350676,0.0,0.18320843463415923,0.0
"g37119005829",83,189072.50996015937,111683.24468085106,120168.99002558195,0.0,0.3863653038810574,0.0
"g37119005401",95,205031.65829145728,166351.48936170212,118713.83933611178,0.0,0.3519771935851029,0.0
"g45023021000",9,48970.391061452516,96727.27549467275,11580.46771122686,8152.270189236217,0.14375621366616473,0.05123464218066089
"g37119003201",80,274505.00894454384,242939.1771019678,114572.4166957633,45952.91121402942,0.25372537206929446,0.1149872193003084
"g37119005839",15,388220.2380952381,280568.74039938557,109720.44795887095,51420.06923479028,0.17180804583648998,0.11141084607692399
"g37159050400",94,91587.5,166947.09158415842,108721.45976694961,32877.534575563666,0.7216276545015019,0.1197166300854928
"g37119001605",88,191906.61478599222,194370.6598034628,108341.28053094029,31381.850796559913,0.34319276009598815,0.09814811024218771
"g37119005837",47,397181.76435760804,242718.93905191874,107435.9360124837,40503.59365110722,0.16443504022728203,0.10144344515013506
"g37119006203",29,442581.25,388539.1617933723,106129.20790982372,31838.577460487486,0.1457726368015884,0.04981417637621774
"g37097061401",35,607365.8516707417,389924.5338799322,105440.97457812999,18053.556012007288,0.10553417962185535,0.028145974753427658
"g37119006208",29,258798.42931937173,388539.1617933723,104198.82917136067,31838.577460487486,0.24475710096946332,0.04981417637621774
"g37119002200",71,554049.7872340425,443398.0459770115,101712.3657723279,68152.38111470749,0.1115986808734096,0.09343753156021753
"g37119005604",78,143282.60869565216,164697.1090670171,101443.42482497494,0.0,0.4303923275636389,0.0
"g37119001000",2,360144.5812807882,287578.95870736084,100961.45018165084,38628.31840345732,0.1704169518072309,0.08165500192776301
"g37119003700",70,0.0,156333.65300784656,"",0.0,"",0.0
"g37119005916",83,0.0,111683.24468085106,"",0.0,"",0.0
"g37119005519",86,0.0,170101.72674293115,"",0.0,"",0.0
"g37119003903",91,0.0,78305.92105263157,"",0.0,"",0.0
"g37119005609",78,0.0,164697.1090670171,"",0.0,"",0.0
"g37119003805",91,0.0,78305.92105263157,"",0.0,"",0.0
"g37119005523",86,0.0,170101.72674293115,"",0.0,"",0.0
"g37119000300",73,0.0,525290.8194701171,"",0.0,"",0.0
"g37119005000",95,0.0,166351.48936170212,"",0.0,"",0.0
"g37119005308",90,0.0,89333.89232127096,"",0.0,"",0.0
"g37179021009",77,0.0,0.0,"",0.0,"",""
"g37119003808",83,0.0,111683.24468085106,"",0.0,"",0.0
"g37119003109",96,0.0,0.0,"",0.0,"",""
